[03May2025 19:30:29.360] [main/INFO] [cpw.mods.modlauncher.Launcher/MODLAUNCHER]: ModLauncher running: args [--launchTarget, forgeserver, --fml.forgeVersion, 47.3.7, --fml.mcVersion, 1.20.1, --fml.forgeGroup, net.minecraftforge, --fml.mcpVersion, 20230612.114412, nogui]
[03May2025 19:30:29.365] [main/INFO] [cpw.mods.modlauncher.Launcher/MODLAUNCHER]: ModLauncher 10.0.9+10.0.9+main.dcd20f30 starting: java version 17.0.14 by Ubuntu; OS Linux arch amd64 version 6.8.0-1026-azure
[03May2025 19:30:29.398] [main/DEBUG] [cpw.mods.modlauncher.LaunchServiceHandler/MODLAUNCHER]: Found launch services [fmlclientdev,forgeclient,minecraft,forgegametestserverdev,fmlserveruserdev,fmlclient,fmldatauserdev,forgeserverdev,forgeserveruserdev,forgeclientdev,forgeclientuserdev,forgeserver,forgedatadev,fmlserver,fmlclientuserdev,fmlserverdev,forgedatauserdev,testharness,forgegametestserveruserdev]
[03May2025 19:30:29.412] [main/DEBUG] [cpw.mods.modlauncher.NameMappingServiceHandler/MODLAUNCHER]: Found naming services : [srgtomcp]
[03May2025 19:30:29.426] [main/DEBUG] [cpw.mods.modlauncher.LaunchPluginHandler/MODLAUNCHER]: Found launch plugins: [mixin,eventbus,slf4jfixer,object_holder_definalize,runtime_enum_extender,capability_token_subclass,accesstransformer,runtimedistcleaner]
[03May2025 19:30:29.437] [main/DEBUG] [cpw.mods.modlauncher.TransformationServicesHandler/MODLAUNCHER]: Discovering transformation services
[03May2025 19:30:29.443] [main/DEBUG] [net.minecraftforge.fml.loading.FMLPaths/CORE]: Path GAMEDIR is /workspaces/server1/servidor_minecraft
[03May2025 19:30:29.445] [main/DEBUG] [net.minecraftforge.fml.loading.FMLPaths/CORE]: Path MODSDIR is /workspaces/server1/servidor_minecraft/mods
[03May2025 19:30:29.445] [main/DEBUG] [net.minecraftforge.fml.loading.FMLPaths/CORE]: Path CONFIGDIR is /workspaces/server1/servidor_minecraft/config
[03May2025 19:30:29.445] [main/DEBUG] [net.minecraftforge.fml.loading.FMLPaths/CORE]: Path FMLCONFIG is /workspaces/server1/servidor_minecraft/config/fml.toml
[03May2025 19:30:29.933] [main/DEBUG] [cpw.mods.modlauncher.TransformationServicesHandler/MODLAUNCHER]: Found additional transformation services from discovery services: 
[03May2025 19:30:29.939] [main/INFO] [net.minecraftforge.fml.loading.ImmediateWindowHandler/]: ImmediateWindowProvider not loading because launch target is forgeserver
[03May2025 19:30:29.946] [main/DEBUG] [cpw.mods.modlauncher.TransformationServicesHandler/MODLAUNCHER]: Found transformer services : [mixin,fml]
[03May2025 19:30:29.946] [main/DEBUG] [cpw.mods.modlauncher.TransformationServicesHandler/MODLAUNCHER]: Transformation services loading
[03May2025 19:30:29.947] [main/DEBUG] [cpw.mods.modlauncher.TransformationServiceDecorator/MODLAUNCHER]: Loading service mixin
[03May2025 19:30:29.947] [main/DEBUG] [cpw.mods.modlauncher.TransformationServiceDecorator/MODLAUNCHER]: Loaded service mixin
[03May2025 19:30:29.948] [main/DEBUG] [cpw.mods.modlauncher.TransformationServiceDecorator/MODLAUNCHER]: Loading service fml
[03May2025 19:30:29.948] [main/DEBUG] [net.minecraftforge.fml.loading.LauncherVersion/CORE]: Found FMLLauncher version 1.0
[03May2025 19:30:29.949] [main/DEBUG] [net.minecraftforge.fml.loading.FMLLoader/CORE]: FML 1.0 loading
[03May2025 19:30:29.949] [main/DEBUG] [net.minecraftforge.fml.loading.FMLLoader/CORE]: FML found ModLauncher version : 10.0.9+10.0.9+main.dcd20f30
[03May2025 19:30:29.949] [main/DEBUG] [net.minecraftforge.fml.loading.FMLLoader/CORE]: FML found AccessTransformer version : 8.0.4+66+master.c09db6d7
[03May2025 19:30:29.949] [main/DEBUG] [net.minecraftforge.fml.loading.FMLLoader/CORE]: FML found EventBus version : 6.0.5+6.0.5+master.eb8e549b
[03May2025 19:30:29.950] [main/DEBUG] [net.minecraftforge.fml.loading.FMLLoader/CORE]: Found Runtime Dist Cleaner
[03May2025 19:30:29.951] [main/DEBUG] [net.minecraftforge.fml.loading.FMLLoader/CORE]: FML found CoreMod version : 5.1.6
[03May2025 19:30:29.951] [main/DEBUG] [net.minecraftforge.fml.loading.FMLLoader/CORE]: Found ForgeSPI package implementation version 7.0.1+7.0.1+master.d2b38bf6
[03May2025 19:30:29.951] [main/DEBUG] [net.minecraftforge.fml.loading.FMLLoader/CORE]: Found ForgeSPI package specification 5
[03May2025 19:30:29.952] [main/DEBUG] [cpw.mods.modlauncher.TransformationServiceDecorator/MODLAUNCHER]: Loaded service fml
[03May2025 19:30:29.952] [main/DEBUG] [cpw.mods.modlauncher.TransformationServicesHandler/MODLAUNCHER]: Configuring option handling for services
[03May2025 19:30:29.958] [main/DEBUG] [cpw.mods.modlauncher.TransformationServicesHandler/MODLAUNCHER]: Transformation services initializing
[03May2025 19:30:29.959] [main/DEBUG] [cpw.mods.modlauncher.TransformationServiceDecorator/MODLAUNCHER]: Initializing transformation service mixin
[03May2025 19:30:29.971] [main/DEBUG] [mixin/]: MixinService [ModLauncher] was successfully booted in cpw.mods.cl.ModuleClassLoader@7a3d45bd
[03May2025 19:30:29.985] [main/INFO] [mixin/]: SpongePowered MIXIN Subsystem Version=0.8.5 Source=union:/workspaces/server1/servidor_minecraft/libraries/org/spongepowered/mixin/0.8.5/mixin-0.8.5.jar%2365!/ Service=ModLauncher Env=SERVER
[03May2025 19:30:29.988] [main/DEBUG] [mixin/]: Initialising Mixin Platform Manager
[03May2025 19:30:29.989] [main/DEBUG] [mixin/]: Adding mixin platform agents for container ModLauncher Root Container(ModLauncher:4f56a0a2)
[03May2025 19:30:29.989] [main/DEBUG] [mixin/]: Instancing new MixinPlatformAgentMinecraftForge for ModLauncher Root Container(ModLauncher:4f56a0a2)
[03May2025 19:30:29.990] [main/DEBUG] [mixin/]: MixinPlatformAgentMinecraftForge rejected container ModLauncher Root Container(ModLauncher:4f56a0a2)
[03May2025 19:30:29.990] [main/DEBUG] [mixin/]: Instancing new MixinPlatformAgentDefault for ModLauncher Root Container(ModLauncher:4f56a0a2)
[03May2025 19:30:29.990] [main/DEBUG] [mixin/]: MixinPlatformAgentDefault accepted container ModLauncher Root Container(ModLauncher:4f56a0a2)
[03May2025 19:30:29.992] [main/DEBUG] [cpw.mods.modlauncher.TransformationServiceDecorator/MODLAUNCHER]: Initialized transformation service mixin
[03May2025 19:30:29.993] [main/DEBUG] [cpw.mods.modlauncher.TransformationServiceDecorator/MODLAUNCHER]: Initializing transformation service fml
[03May2025 19:30:29.993] [main/DEBUG] [net.minecraftforge.fml.loading.FMLServiceProvider/CORE]: Setting up basic FML game directories
[03May2025 19:30:29.993] [main/DEBUG] [net.minecraftforge.fml.loading.FMLPaths/CORE]: Path GAMEDIR is /workspaces/server1/servidor_minecraft
[03May2025 19:30:29.993] [main/DEBUG] [net.minecraftforge.fml.loading.FMLPaths/CORE]: Path MODSDIR is /workspaces/server1/servidor_minecraft/mods
[03May2025 19:30:29.994] [main/DEBUG] [net.minecraftforge.fml.loading.FMLPaths/CORE]: Path CONFIGDIR is /workspaces/server1/servidor_minecraft/config
[03May2025 19:30:29.994] [main/DEBUG] [net.minecraftforge.fml.loading.FMLPaths/CORE]: Path FMLCONFIG is /workspaces/server1/servidor_minecraft/config/fml.toml
[03May2025 19:30:29.994] [main/DEBUG] [net.minecraftforge.fml.loading.FMLServiceProvider/CORE]: Loading configuration
[03May2025 19:30:29.998] [main/DEBUG] [net.minecraftforge.fml.loading.FMLServiceProvider/CORE]: Preparing ModFile
[03May2025 19:30:30.003] [main/DEBUG] [net.minecraftforge.fml.loading.FMLServiceProvider/CORE]: Preparing launch handler
[03May2025 19:30:30.004] [main/DEBUG] [net.minecraftforge.fml.loading.FMLLoader/CORE]: Using forgeserver as launch service
[03May2025 19:30:30.016] [main/DEBUG] [net.minecraftforge.fml.loading.FMLLoader/CORE]: Received command line version data  : VersionInfo[forgeVersion=47.3.7, mcVersion=1.20.1, mcpVersion=20230612.114412, forgeGroup=net.minecraftforge]
[03May2025 19:30:30.017] [main/DEBUG] [cpw.mods.modlauncher.TransformationServiceDecorator/MODLAUNCHER]: Initialized transformation service fml
[03May2025 19:30:30.018] [main/DEBUG] [cpw.mods.modlauncher.NameMappingServiceHandler/MODLAUNCHER]: Current naming domain is 'srg'
[03May2025 19:30:30.018] [main/DEBUG] [cpw.mods.modlauncher.NameMappingServiceHandler/MODLAUNCHER]: Identified name mapping providers {}
[03May2025 19:30:30.019] [main/DEBUG] [cpw.mods.modlauncher.TransformationServicesHandler/MODLAUNCHER]: Transformation services begin scanning
[03May2025 19:30:30.019] [main/DEBUG] [cpw.mods.modlauncher.TransformationServiceDecorator/MODLAUNCHER]: Beginning scan trigger - transformation service mixin
[03May2025 19:30:30.019] [main/DEBUG] [cpw.mods.modlauncher.TransformationServiceDecorator/MODLAUNCHER]: End scan trigger - transformation service mixin
[03May2025 19:30:30.020] [main/DEBUG] [cpw.mods.modlauncher.TransformationServiceDecorator/MODLAUNCHER]: Beginning scan trigger - transformation service fml
[03May2025 19:30:30.020] [main/DEBUG] [net.minecraftforge.fml.loading.FMLServiceProvider/CORE]: Initiating mod scan
[03May2025 19:30:30.029] [main/DEBUG] [net.minecraftforge.fml.loading.moddiscovery.ModListHandler/CORE]: Found mod coordinates from lists: []
[03May2025 19:30:30.032] [main/DEBUG] [net.minecraftforge.fml.loading.moddiscovery.ModDiscoverer/CORE]: Found Mod Locators : (mods folder:null),(maven libs:null),(exploded directory:null),(minecraft:null),(userdev classpath:null)
[03May2025 19:30:30.032] [main/DEBUG] [net.minecraftforge.fml.loading.moddiscovery.ModDiscoverer/CORE]: Found Dependency Locators : (JarInJar:null)
[03May2025 19:30:30.040] [main/DEBUG] [net.minecraftforge.fml.loading.moddiscovery.ModFileParser/LOADING]: Considering mod file candidate /workspaces/server1/servidor_minecraft/mods/AI-Improvements-1.20-0.5.2.jar
[03May2025 19:30:30.075] [main/DEBUG] [net.minecraftforge.fml.loading.moddiscovery.ModFileInfo/LOADING]: Found valid mod file AI-Improvements-1.20-0.5.2.jar with {aiimprovements} mods - versions {0.5.2}
[03May2025 19:30:30.076] [main/DEBUG] [net.minecraftforge.fml.loading.moddiscovery.ModFileParser/LOADING]: Considering mod file candidate /workspaces/server1/servidor_minecraft/mods/appleskin-forge-mc1.20.1-2.5.1.jar
[03May2025 19:30:30.078] [main/DEBUG] [net.minecraftforge.fml.loading.moddiscovery.ModFileInfo/LOADING]: Found valid mod file appleskin-forge-mc1.20.1-2.5.1.jar with {appleskin} mods - versions {2.5.1+mc1.20.1}
[03May2025 19:30:30.079] [main/DEBUG] [net.minecraftforge.fml.loading.moddiscovery.ModFileParser/LOADING]: Considering mod file candidate /workspaces/server1/servidor_minecraft/mods/architectury-9.2.14-forge.jar
[03May2025 19:30:30.082] [main/DEBUG] [net.minecraftforge.fml.loading.moddiscovery.ModFileInfo/LOADING]: Found valid mod file architectury-9.2.14-forge.jar with {architectury} mods - versions {9.2.14}
[03May2025 19:30:30.083] [main/DEBUG] [net.minecraftforge.fml.loading.moddiscovery.ModFileParser/LOADING]: Considering mod file candidate /workspaces/server1/servidor_minecraft/mods/canary-mc1.20.1-0.3.3.jar
[03May2025 19:30:30.085] [main/DEBUG] [net.minecraftforge.fml.loading.moddiscovery.ModFileInfo/LOADING]: Found valid mod file canary-mc1.20.1-0.3.3.jar with {canary} mods - versions {0.3.3}
[03May2025 19:30:30.085] [main/DEBUG] [net.minecraftforge.fml.loading.moddiscovery.ModFileParser/LOADING]: Considering mod file candidate /workspaces/server1/servidor_minecraft/mods/Clumps-forge-1.20.1-12.0.0.4.jar
[03May2025 19:30:30.086] [main/DEBUG] [net.minecraftforge.fml.loading.moddiscovery.ModFileInfo/LOADING]: Found valid mod file Clumps-forge-1.20.1-12.0.0.4.jar with {clumps} mods - versions {12.0.0.4}
[03May2025 19:30:30.107] [main/DEBUG] [net.minecraftforge.fml.loading.moddiscovery.ModFileParser/LOADING]: Considering mod file candidate /workspaces/server1/servidor_minecraft/mods/Cobblemon-forge-1.5.2+1.20.1.jar
[03May2025 19:30:30.109] [main/DEBUG] [net.minecraftforge.fml.loading.moddiscovery.ModFileInfo/LOADING]: Found valid mod file Cobblemon-forge-1.5.2+1.20.1.jar with {cobblemon} mods - versions {1.5.2+1.20.1}
[03May2025 19:30:30.110] [main/DEBUG] [net.minecraftforge.fml.loading.moddiscovery.ModFileParser/LOADING]: Considering mod file candidate /workspaces/server1/servidor_minecraft/mods/collective-1.20.1-7.57.jar
[03May2025 19:30:30.111] [main/DEBUG] [net.minecraftforge.fml.loading.moddiscovery.ModFileInfo/LOADING]: Found valid mod file collective-1.20.1-7.57.jar with {collective} mods - versions {7.57}
[03May2025 19:30:30.112] [main/DEBUG] [net.minecraftforge.fml.loading.moddiscovery.ModFileParser/LOADING]: Considering mod file candidate /workspaces/server1/servidor_minecraft/mods/dismountentity-1.20.1-3.2.jar
[03May2025 19:30:30.113] [main/DEBUG] [net.minecraftforge.fml.loading.moddiscovery.ModFileInfo/LOADING]: Found valid mod file dismountentity-1.20.1-3.2.jar with {dismountentity} mods - versions {3.2}
[03May2025 19:30:30.118] [main/DEBUG] [net.minecraftforge.fml.loading.moddiscovery.ModFileParser/LOADING]: Considering mod file candidate /workspaces/server1/servidor_minecraft/mods/ferritecore-6.0.1-forge.jar
[03May2025 19:30:30.119] [main/DEBUG] [net.minecraftforge.fml.loading.moddiscovery.ModFileInfo/LOADING]: Found valid mod file ferritecore-6.0.1-forge.jar with {ferritecore} mods - versions {6.0.1}
[03May2025 19:30:30.183] [main/DEBUG] [net.minecraftforge.fml.loading.moddiscovery.ModFileParser/LOADING]: Considering mod file candidate /workspaces/server1/servidor_minecraft/mods/letmedespawn-forge-1.20.x-1.2.0.jar
[03May2025 19:30:30.187] [main/DEBUG] [net.minecraftforge.fml.loading.moddiscovery.ModFileInfo/LOADING]: Found valid mod file letmedespawn-forge-1.20.x-1.2.0.jar with {letmedespawn} mods - versions {1.2.0}
[03May2025 19:30:30.188] [main/DEBUG] [net.minecraftforge.fml.loading.moddiscovery.ModFileParser/LOADING]: Considering mod file candidate /workspaces/server1/servidor_minecraft/mods/memoryleakfix-forge-1.17+-1.1.5.jar
[03May2025 19:30:30.189] [main/DEBUG] [net.minecraftforge.fml.loading.moddiscovery.ModFileInfo/LOADING]: Found valid mod file memoryleakfix-forge-1.17+-1.1.5.jar with {memoryleakfix} mods - versions {1.1.5}
[03May2025 19:30:30.190] [main/DEBUG] [net.minecraftforge.fml.loading.moddiscovery.ModFileParser/LOADING]: Considering mod file candidate /workspaces/server1/servidor_minecraft/mods/smoothboot(reloaded)-mc1.20.1-0.0.4.jar
[03May2025 19:30:30.191] [main/DEBUG] [net.minecraftforge.fml.loading.moddiscovery.ModFileInfo/LOADING]: Found valid mod file smoothboot(reloaded)-mc1.20.1-0.0.4.jar with {smoothboot} mods - versions {0.0.4}
[03May2025 19:30:30.191] [main/DEBUG] [net.minecraftforge.fml.loading.moddiscovery.ModFileParser/LOADING]: Considering mod file candidate /workspaces/server1/servidor_minecraft/mods/starlight-1.1.2+forge.1cda73c.jar
[03May2025 19:30:30.192] [main/DEBUG] [net.minecraftforge.fml.loading.moddiscovery.ModFileInfo/LOADING]: Found valid mod file starlight-1.1.2+forge.1cda73c.jar with {starlight} mods - versions {1.1.2+forge.1cda73c}
[03May2025 19:30:30.193] [main/DEBUG] [net.minecraftforge.fml.loading.moddiscovery.ModFileParser/LOADING]: Considering mod file candidate /workspaces/server1/servidor_minecraft/mods/superflatworldnoslimes-1.20.1-3.2.jar
[03May2025 19:30:30.193] [main/DEBUG] [net.minecraftforge.fml.loading.moddiscovery.ModFileInfo/LOADING]: Found valid mod file superflatworldnoslimes-1.20.1-3.2.jar with {superflatworldnoslimes} mods - versions {3.2}
[03May2025 19:30:30.306] [main/DEBUG] [net.minecraftforge.fml.loading.moddiscovery.ModFileInfo/LOADING]: Found valid mod file server-1.20.1-20230612.114412-srg.jar with {minecraft} mods - versions {1.20.1}
[03May2025 19:30:30.308] [main/DEBUG] [net.minecraftforge.fml.loading.moddiscovery.ModFileParser/LOADING]: Considering mod file candidate /workspaces/server1/servidor_minecraft/libraries/net/minecraftforge/fmlcore/1.20.1-47.3.7/fmlcore-1.20.1-47.3.7.jar
[03May2025 19:30:30.308] [main/WARN] [net.minecraftforge.fml.loading.moddiscovery.ModFileParser/LOADING]: Mod file /workspaces/server1/servidor_minecraft/libraries/net/minecraftforge/fmlcore/1.20.1-47.3.7/fmlcore-1.20.1-47.3.7.jar is missing mods.toml file
[03May2025 19:30:30.309] [main/DEBUG] [net.minecraftforge.fml.loading.moddiscovery.ModFileParser/LOADING]: Considering mod file candidate /workspaces/server1/servidor_minecraft/libraries/net/minecraftforge/javafmllanguage/1.20.1-47.3.7/javafmllanguage-1.20.1-47.3.7.jar
[03May2025 19:30:30.310] [main/WARN] [net.minecraftforge.fml.loading.moddiscovery.ModFileParser/LOADING]: Mod file /workspaces/server1/servidor_minecraft/libraries/net/minecraftforge/javafmllanguage/1.20.1-47.3.7/javafmllanguage-1.20.1-47.3.7.jar is missing mods.toml file
[03May2025 19:30:30.311] [main/DEBUG] [net.minecraftforge.fml.loading.moddiscovery.ModFileParser/LOADING]: Considering mod file candidate /workspaces/server1/servidor_minecraft/libraries/net/minecraftforge/lowcodelanguage/1.20.1-47.3.7/lowcodelanguage-1.20.1-47.3.7.jar
[03May2025 19:30:30.311] [main/WARN] [net.minecraftforge.fml.loading.moddiscovery.ModFileParser/LOADING]: Mod file /workspaces/server1/servidor_minecraft/libraries/net/minecraftforge/lowcodelanguage/1.20.1-47.3.7/lowcodelanguage-1.20.1-47.3.7.jar is missing mods.toml file
[03May2025 19:30:30.312] [main/DEBUG] [net.minecraftforge.fml.loading.moddiscovery.ModFileParser/LOADING]: Considering mod file candidate /workspaces/server1/servidor_minecraft/libraries/net/minecraftforge/mclanguage/1.20.1-47.3.7/mclanguage-1.20.1-47.3.7.jar
[03May2025 19:30:30.312] [main/WARN] [net.minecraftforge.fml.loading.moddiscovery.ModFileParser/LOADING]: Mod file /workspaces/server1/servidor_minecraft/libraries/net/minecraftforge/mclanguage/1.20.1-47.3.7/mclanguage-1.20.1-47.3.7.jar is missing mods.toml file
[03May2025 19:30:30.359] [main/DEBUG] [net.minecraftforge.fml.loading.moddiscovery.ModFileParser/LOADING]: Considering mod file candidate /workspaces/server1/servidor_minecraft/libraries/net/minecraftforge/forge/1.20.1-47.3.7/forge-1.20.1-47.3.7-universal.jar
[03May2025 19:30:30.361] [main/DEBUG] [net.minecraftforge.fml.loading.moddiscovery.ModFileInfo/LOADING]: Found valid mod file forge-1.20.1-47.3.7-universal.jar with {forge} mods - versions {47.3.7}
[03May2025 19:30:30.374] [main/DEBUG] [net.minecraftforge.fml.loading.moddiscovery.AbstractJarFileDependencyLocator/]: Failed to load resource META-INF/jarjar/metadata.json from server-1.20.1-20230612.114412-srg.jar, it does not contain dependency information.
[03May2025 19:30:30.375] [main/DEBUG] [net.minecraftforge.fml.loading.moddiscovery.AbstractJarFileDependencyLocator/]: Failed to load resource META-INF/jarjar/metadata.json from canary-mc1.20.1-0.3.3.jar, it does not contain dependency information.
[03May2025 19:30:30.375] [main/DEBUG] [net.minecraftforge.fml.loading.moddiscovery.AbstractJarFileDependencyLocator/]: Failed to load resource META-INF/jarjar/metadata.json from starlight-1.1.2+forge.1cda73c.jar, it does not contain dependency information.
[03May2025 19:30:30.375] [main/DEBUG] [net.minecraftforge.fml.loading.moddiscovery.AbstractJarFileDependencyLocator/]: Failed to load resource META-INF/jarjar/metadata.json from architectury-9.2.14-forge.jar, it does not contain dependency information.
[03May2025 19:30:30.375] [main/DEBUG] [net.minecraftforge.fml.loading.moddiscovery.AbstractJarFileDependencyLocator/]: Failed to load resource META-INF/jarjar/metadata.json from appleskin-forge-mc1.20.1-2.5.1.jar, it does not contain dependency information.
[03May2025 19:30:30.376] [main/DEBUG] [net.minecraftforge.fml.loading.moddiscovery.AbstractJarFileDependencyLocator/]: Failed to load resource META-INF/jarjar/metadata.json from ferritecore-6.0.1-forge.jar, it does not contain dependency information.
[03May2025 19:30:30.376] [main/DEBUG] [net.minecraftforge.fml.loading.moddiscovery.AbstractJarFileDependencyLocator/]: Failed to load resource META-INF/jarjar/metadata.json from AI-Improvements-1.20-0.5.2.jar, it does not contain dependency information.
[03May2025 19:30:30.376] [main/DEBUG] [net.minecraftforge.fml.loading.moddiscovery.AbstractJarFileDependencyLocator/]: Failed to load resource META-INF/jarjar/metadata.json from superflatworldnoslimes-1.20.1-3.2.jar, it does not contain dependency information.
[03May2025 19:30:30.377] [main/DEBUG] [net.minecraftforge.fml.loading.moddiscovery.AbstractJarFileDependencyLocator/]: Failed to load resource META-INF/jarjar/metadata.json from dismountentity-1.20.1-3.2.jar, it does not contain dependency information.
[03May2025 19:30:30.378] [main/DEBUG] [net.minecraftforge.fml.loading.moddiscovery.AbstractJarFileDependencyLocator/]: Failed to load resource META-INF/jarjar/metadata.json from smoothboot(reloaded)-mc1.20.1-0.0.4.jar, it does not contain dependency information.
[03May2025 19:30:30.378] [main/DEBUG] [net.minecraftforge.fml.loading.moddiscovery.AbstractJarFileDependencyLocator/]: Failed to load resource META-INF/jarjar/metadata.json from memoryleakfix-forge-1.17+-1.1.5.jar, it does not contain dependency information.
[03May2025 19:30:30.378] [main/DEBUG] [net.minecraftforge.fml.loading.moddiscovery.AbstractJarFileDependencyLocator/]: Failed to load resource META-INF/jarjar/metadata.json from forge-1.20.1-47.3.7-universal.jar, it does not contain dependency information.
[03May2025 19:30:30.379] [main/DEBUG] [net.minecraftforge.fml.loading.moddiscovery.AbstractJarFileDependencyLocator/]: Failed to load resource META-INF/jarjar/metadata.json from letmedespawn-forge-1.20.x-1.2.0.jar, it does not contain dependency information.
[03May2025 19:30:30.379] [main/DEBUG] [net.minecraftforge.fml.loading.moddiscovery.AbstractJarFileDependencyLocator/]: Failed to load resource META-INF/jarjar/metadata.json from collective-1.20.1-7.57.jar, it does not contain dependency information.
[03May2025 19:30:30.379] [main/DEBUG] [net.minecraftforge.fml.loading.moddiscovery.AbstractJarFileDependencyLocator/]: Failed to load resource META-INF/jarjar/metadata.json from Clumps-forge-1.20.1-12.0.0.4.jar, it does not contain dependency information.
[03May2025 19:30:30.379] [main/DEBUG] [net.minecraftforge.fml.loading.moddiscovery.AbstractJarFileDependencyLocator/]: Failed to load resource META-INF/jarjar/metadata.json from Cobblemon-forge-1.5.2+1.20.1.jar, it does not contain dependency information.
[03May2025 19:30:30.379] [main/DEBUG] [net.minecraftforge.fml.loading.moddiscovery.AbstractJarFileDependencyLocator/]: Failed to load resource META-INF/jarjar/metadata.json from mclanguage-1.20.1-47.3.7.jar, it does not contain dependency information.
[03May2025 19:30:30.380] [main/DEBUG] [net.minecraftforge.fml.loading.moddiscovery.AbstractJarFileDependencyLocator/]: Failed to load resource META-INF/jarjar/metadata.json from javafmllanguage-1.20.1-47.3.7.jar, it does not contain dependency information.
[03May2025 19:30:30.380] [main/DEBUG] [net.minecraftforge.fml.loading.moddiscovery.AbstractJarFileDependencyLocator/]: Failed to load resource META-INF/jarjar/metadata.json from fmlcore-1.20.1-47.3.7.jar, it does not contain dependency information.
[03May2025 19:30:30.381] [main/DEBUG] [net.minecraftforge.fml.loading.moddiscovery.AbstractJarFileDependencyLocator/]: Failed to load resource META-INF/jarjar/metadata.json from lowcodelanguage-1.20.1-47.3.7.jar, it does not contain dependency information.
[03May2025 19:30:30.439] [main/DEBUG] [net.minecraftforge.fml.loading.moddiscovery.ModFileParser/LOADING]: Considering mod file candidate 
[03May2025 19:30:30.440] [main/DEBUG] [net.minecraftforge.fml.loading.moddiscovery.ModFileInfo/LOADING]: Found valid mod file kffmod-4.10.0.jar with {kotlinforforge} mods - versions {4.10.0}
[03May2025 19:30:30.440] [main/DEBUG] [net.minecraftforge.fml.loading.moddiscovery.AbstractJarFileDependencyLocator/]: Failed to load resource META-INF/jarjar/metadata.json from kfflang-4.10.0.jar, it does not contain dependency information.
[03May2025 19:30:30.441] [main/DEBUG] [net.minecraftforge.fml.loading.moddiscovery.AbstractJarFileDependencyLocator/]: Failed to load resource META-INF/jarjar/metadata.json from kfflib-4.10.0.jar, it does not contain dependency information.
[03May2025 19:30:30.441] [main/DEBUG] [net.minecraftforge.fml.loading.moddiscovery.AbstractJarFileDependencyLocator/]: Failed to load resource META-INF/jarjar/metadata.json from kffmod-4.10.0.jar, it does not contain dependency information.
[03May2025 19:30:30.463] [main/DEBUG] [net.minecraftforge.fml.loading.moddiscovery.ModFileParser/LOADING]: Considering mod file candidate 
[03May2025 19:30:30.464] [main/DEBUG] [net.minecraftforge.fml.loading.moddiscovery.ModFileInfo/LOADING]: Found valid mod file kffmod-4.10.0.jar with {kotlinforforge} mods - versions {4.10.0}
[03May2025 19:30:30.466] [main/INFO] [net.minecraftforge.fml.loading.moddiscovery.JarInJarDependencyLocator/]: Found 3 dependencies adding them to mods collection
[03May2025 19:30:30.469] [main/DEBUG] [net.minecraftforge.fml.loading.moddiscovery.ModFileInfo/LOADING]: Found valid mod file server-1.20.1-20230612.114412-srg.jar with {minecraft} mods - versions {1.20.1}
[03May2025 19:30:30.471] [main/DEBUG] [net.minecraftforge.fml.loading.moddiscovery.ModFile/LOADING]: Loading mod file /workspaces/server1/servidor_minecraft/libraries/net/minecraft/server/1.20.1-20230612.114412/server-1.20.1-20230612.114412-srg.jar with languages [LanguageSpec[languageName=minecraft, acceptedVersions=1]]
[03May2025 19:30:30.472] [main/DEBUG] [net.minecraftforge.fml.loading.moddiscovery.ModFileParser/LOADING]: Considering mod file candidate /workspaces/server1/servidor_minecraft/mods/canary-mc1.20.1-0.3.3.jar
[03May2025 19:30:30.472] [main/DEBUG] [net.minecraftforge.fml.loading.moddiscovery.ModFileInfo/LOADING]: Found valid mod file canary-mc1.20.1-0.3.3.jar with {canary} mods - versions {0.3.3}
[03May2025 19:30:30.473] [main/DEBUG] [net.minecraftforge.fml.loading.moddiscovery.ModFile/LOADING]: Loading mod file /workspaces/server1/servidor_minecraft/mods/canary-mc1.20.1-0.3.3.jar with languages [LanguageSpec[languageName=javafml, acceptedVersions=[47,)]]
[03May2025 19:30:30.473] [main/DEBUG] [net.minecraftforge.fml.loading.moddiscovery.ModFileParser/LOADING]: Considering mod file candidate /workspaces/server1/servidor_minecraft/mods/starlight-1.1.2+forge.1cda73c.jar
[03May2025 19:30:30.473] [main/DEBUG] [net.minecraftforge.fml.loading.moddiscovery.ModFileInfo/LOADING]: Found valid mod file starlight-1.1.2+forge.1cda73c.jar with {starlight} mods - versions {1.1.2+forge.1cda73c}
[03May2025 19:30:30.474] [main/DEBUG] [net.minecraftforge.fml.loading.moddiscovery.ModFile/LOADING]: Loading mod file /workspaces/server1/servidor_minecraft/mods/starlight-1.1.2+forge.1cda73c.jar with languages [LanguageSpec[languageName=javafml, acceptedVersions=[46,)]]
[03May2025 19:30:30.474] [main/DEBUG] [net.minecraftforge.fml.loading.moddiscovery.ModFileParser/LOADING]: Considering mod file candidate /workspaces/server1/servidor_minecraft/mods/appleskin-forge-mc1.20.1-2.5.1.jar
[03May2025 19:30:30.475] [main/DEBUG] [net.minecraftforge.fml.loading.moddiscovery.ModFileInfo/LOADING]: Found valid mod file appleskin-forge-mc1.20.1-2.5.1.jar with {appleskin} mods - versions {2.5.1+mc1.20.1}
[03May2025 19:30:30.475] [main/DEBUG] [net.minecraftforge.fml.loading.moddiscovery.ModFile/LOADING]: Loading mod file /workspaces/server1/servidor_minecraft/mods/appleskin-forge-mc1.20.1-2.5.1.jar with languages [LanguageSpec[languageName=javafml, acceptedVersions=[47,)]]
[03May2025 19:30:30.475] [main/DEBUG] [net.minecraftforge.fml.loading.moddiscovery.ModFileParser/LOADING]: Considering mod file candidate /workspaces/server1/servidor_minecraft/mods/architectury-9.2.14-forge.jar
[03May2025 19:30:30.476] [main/DEBUG] [net.minecraftforge.fml.loading.moddiscovery.ModFileInfo/LOADING]: Found valid mod file architectury-9.2.14-forge.jar with {architectury} mods - versions {9.2.14}
[03May2025 19:30:30.476] [main/DEBUG] [net.minecraftforge.fml.loading.moddiscovery.ModFile/LOADING]: Loading mod file /workspaces/server1/servidor_minecraft/mods/architectury-9.2.14-forge.jar with languages [LanguageSpec[languageName=javafml, acceptedVersions=[46,)]]
[03May2025 19:30:30.476] [main/DEBUG] [net.minecraftforge.fml.loading.moddiscovery.ModFileParser/LOADING]: Considering mod file candidate /workspaces/server1/servidor_minecraft/mods/AI-Improvements-1.20-0.5.2.jar
[03May2025 19:30:30.477] [main/DEBUG] [net.minecraftforge.fml.loading.moddiscovery.ModFileInfo/LOADING]: Found valid mod file AI-Improvements-1.20-0.5.2.jar with {aiimprovements} mods - versions {0.5.2}
[03May2025 19:30:30.477] [main/DEBUG] [net.minecraftforge.fml.loading.moddiscovery.ModFile/LOADING]: Loading mod file /workspaces/server1/servidor_minecraft/mods/AI-Improvements-1.20-0.5.2.jar with languages [LanguageSpec[languageName=javafml, acceptedVersions=[46,)]]
[03May2025 19:30:30.477] [main/DEBUG] [net.minecraftforge.fml.loading.moddiscovery.ModFileParser/LOADING]: Considering mod file candidate /workspaces/server1/servidor_minecraft/mods/ferritecore-6.0.1-forge.jar
[03May2025 19:30:30.477] [main/DEBUG] [net.minecraftforge.fml.loading.moddiscovery.ModFileInfo/LOADING]: Found valid mod file ferritecore-6.0.1-forge.jar with {ferritecore} mods - versions {6.0.1}
[03May2025 19:30:30.478] [main/DEBUG] [net.minecraftforge.fml.loading.moddiscovery.ModFile/LOADING]: Loading mod file /workspaces/server1/servidor_minecraft/mods/ferritecore-6.0.1-forge.jar with languages [LanguageSpec[languageName=javafml, acceptedVersions=[28,)]]
[03May2025 19:30:30.478] [main/DEBUG] [net.minecraftforge.fml.loading.moddiscovery.ModFileParser/LOADING]: Considering mod file candidate /workspaces/server1/servidor_minecraft/mods/superflatworldnoslimes-1.20.1-3.2.jar
[03May2025 19:30:30.478] [main/DEBUG] [net.minecraftforge.fml.loading.moddiscovery.ModFileInfo/LOADING]: Found valid mod file superflatworldnoslimes-1.20.1-3.2.jar with {superflatworldnoslimes} mods - versions {3.2}
[03May2025 19:30:30.479] [main/DEBUG] [net.minecraftforge.fml.loading.moddiscovery.ModFile/LOADING]: Loading mod file /workspaces/server1/servidor_minecraft/mods/superflatworldnoslimes-1.20.1-3.2.jar with languages [LanguageSpec[languageName=javafml, acceptedVersions=*]]
[03May2025 19:30:30.479] [main/DEBUG] [net.minecraftforge.fml.loading.moddiscovery.ModFileParser/LOADING]: Considering mod file candidate /workspaces/server1/servidor_minecraft/mods/dismountentity-1.20.1-3.2.jar
[03May2025 19:30:30.479] [main/DEBUG] [net.minecraftforge.fml.loading.moddiscovery.ModFileInfo/LOADING]: Found valid mod file dismountentity-1.20.1-3.2.jar with {dismountentity} mods - versions {3.2}
[03May2025 19:30:30.479] [main/DEBUG] [net.minecraftforge.fml.loading.moddiscovery.ModFile/LOADING]: Loading mod file /workspaces/server1/servidor_minecraft/mods/dismountentity-1.20.1-3.2.jar with languages [LanguageSpec[languageName=javafml, acceptedVersions=*]]
[03May2025 19:30:30.480] [main/DEBUG] [net.minecraftforge.fml.loading.moddiscovery.ModFileParser/LOADING]: Considering mod file candidate /workspaces/server1/servidor_minecraft/mods/smoothboot(reloaded)-mc1.20.1-0.0.4.jar
[03May2025 19:30:30.480] [main/DEBUG] [net.minecraftforge.fml.loading.moddiscovery.ModFileInfo/LOADING]: Found valid mod file smoothboot(reloaded)-mc1.20.1-0.0.4.jar with {smoothboot} mods - versions {0.0.4}
[03May2025 19:30:30.481] [main/DEBUG] [net.minecraftforge.fml.loading.moddiscovery.ModFile/LOADING]: Loading mod file /workspaces/server1/servidor_minecraft/mods/smoothboot(reloaded)-mc1.20.1-0.0.4.jar with languages [LanguageSpec[languageName=javafml, acceptedVersions=[47,)]]
[03May2025 19:30:30.481] [main/DEBUG] [net.minecraftforge.fml.loading.moddiscovery.ModFileParser/LOADING]: Considering mod file candidate /workspaces/server1/servidor_minecraft/mods/memoryleakfix-forge-1.17+-1.1.5.jar
[03May2025 19:30:30.481] [main/DEBUG] [net.minecraftforge.fml.loading.moddiscovery.ModFileInfo/LOADING]: Found valid mod file memoryleakfix-forge-1.17+-1.1.5.jar with {memoryleakfix} mods - versions {1.1.5}
[03May2025 19:30:30.481] [main/DEBUG] [net.minecraftforge.fml.loading.moddiscovery.ModFile/LOADING]: Loading mod file /workspaces/server1/servidor_minecraft/mods/memoryleakfix-forge-1.17+-1.1.5.jar with languages [LanguageSpec[languageName=javafml, acceptedVersions=*]]
[03May2025 19:30:30.482] [main/DEBUG] [net.minecraftforge.fml.loading.moddiscovery.ModFileParser/LOADING]: Considering mod file candidate 
[03May2025 19:30:30.482] [main/DEBUG] [net.minecraftforge.fml.loading.moddiscovery.ModFileInfo/LOADING]: Found valid mod file kffmod-4.10.0.jar with {kotlinforforge} mods - versions {4.10.0}
[03May2025 19:30:30.482] [main/DEBUG] [net.minecraftforge.fml.loading.moddiscovery.ModFile/LOADING]: Loading mod file  with languages [LanguageSpec[languageName=kotlinforforge, acceptedVersions=[4,)]]
[03May2025 19:30:30.482] [main/DEBUG] [net.minecraftforge.fml.loading.moddiscovery.ModFileParser/LOADING]: Considering mod file candidate /workspaces/server1/servidor_minecraft/libraries/net/minecraftforge/forge/1.20.1-47.3.7/forge-1.20.1-47.3.7-universal.jar
[03May2025 19:30:30.483] [main/DEBUG] [net.minecraftforge.fml.loading.moddiscovery.ModFileInfo/LOADING]: Found valid mod file forge-1.20.1-47.3.7-universal.jar with {forge} mods - versions {47.3.7}
[03May2025 19:30:30.483] [main/DEBUG] [net.minecraftforge.fml.loading.moddiscovery.ModFile/LOADING]: Loading mod file /workspaces/server1/servidor_minecraft/libraries/net/minecraftforge/forge/1.20.1-47.3.7/forge-1.20.1-47.3.7-universal.jar with languages [LanguageSpec[languageName=javafml, acceptedVersions=[24,]]]
[03May2025 19:30:30.485] [main/DEBUG] [net.minecraftforge.fml.loading.moddiscovery.ModFileParser/LOADING]: Found coremod field_to_method with Javascript path coremods/field_to_method.js
[03May2025 19:30:30.485] [main/DEBUG] [net.minecraftforge.fml.loading.moddiscovery.ModFileParser/LOADING]: Found coremod field_to_instanceof with Javascript path coremods/field_to_instanceof.js
[03May2025 19:30:30.485] [main/DEBUG] [net.minecraftforge.fml.loading.moddiscovery.ModFileParser/LOADING]: Found coremod add_bouncer_method with Javascript path coremods/add_bouncer_method.js
[03May2025 19:30:30.485] [main/DEBUG] [net.minecraftforge.fml.loading.moddiscovery.ModFileParser/LOADING]: Found coremod method_redirector with Javascript path coremods/method_redirector.js
[03May2025 19:30:30.485] [main/DEBUG] [net.minecraftforge.fml.loading.moddiscovery.ModFile/LOADING]: Found coremod coremods/field_to_method.js
[03May2025 19:30:30.485] [main/DEBUG] [net.minecraftforge.fml.loading.moddiscovery.ModFile/LOADING]: Found coremod coremods/field_to_instanceof.js
[03May2025 19:30:30.485] [main/DEBUG] [net.minecraftforge.fml.loading.moddiscovery.ModFile/LOADING]: Found coremod coremods/add_bouncer_method.js
[03May2025 19:30:30.485] [main/DEBUG] [net.minecraftforge.fml.loading.moddiscovery.ModFile/LOADING]: Found coremod coremods/method_redirector.js
[03May2025 19:30:30.486] [main/DEBUG] [net.minecraftforge.fml.loading.moddiscovery.ModFileParser/LOADING]: Considering mod file candidate /workspaces/server1/servidor_minecraft/mods/letmedespawn-forge-1.20.x-1.2.0.jar
[03May2025 19:30:30.486] [main/DEBUG] [net.minecraftforge.fml.loading.moddiscovery.ModFileInfo/LOADING]: Found valid mod file letmedespawn-forge-1.20.x-1.2.0.jar with {letmedespawn} mods - versions {1.2.0}
[03May2025 19:30:30.486] [main/DEBUG] [net.minecraftforge.fml.loading.moddiscovery.ModFile/LOADING]: Loading mod file /workspaces/server1/servidor_minecraft/mods/letmedespawn-forge-1.20.x-1.2.0.jar with languages [LanguageSpec[languageName=javafml, acceptedVersions=[47,)]]
[03May2025 19:30:30.487] [main/DEBUG] [net.minecraftforge.fml.loading.moddiscovery.ModFileParser/LOADING]: Considering mod file candidate /workspaces/server1/servidor_minecraft/mods/collective-1.20.1-7.57.jar
[03May2025 19:30:30.487] [main/DEBUG] [net.minecraftforge.fml.loading.moddiscovery.ModFileInfo/LOADING]: Found valid mod file collective-1.20.1-7.57.jar with {collective} mods - versions {7.57}
[03May2025 19:30:30.487] [main/DEBUG] [net.minecraftforge.fml.loading.moddiscovery.ModFile/LOADING]: Loading mod file /workspaces/server1/servidor_minecraft/mods/collective-1.20.1-7.57.jar with languages [LanguageSpec[languageName=javafml, acceptedVersions=*]]
[03May2025 19:30:30.487] [main/DEBUG] [net.minecraftforge.fml.loading.moddiscovery.ModFileParser/LOADING]: Considering mod file candidate /workspaces/server1/servidor_minecraft/mods/Clumps-forge-1.20.1-12.0.0.4.jar
[03May2025 19:30:30.488] [main/DEBUG] [net.minecraftforge.fml.loading.moddiscovery.ModFileInfo/LOADING]: Found valid mod file Clumps-forge-1.20.1-12.0.0.4.jar with {clumps} mods - versions {12.0.0.4}
[03May2025 19:30:30.488] [main/DEBUG] [net.minecraftforge.fml.loading.moddiscovery.ModFile/LOADING]: Loading mod file /workspaces/server1/servidor_minecraft/mods/Clumps-forge-1.20.1-12.0.0.4.jar with languages [LanguageSpec[languageName=javafml, acceptedVersions=[41,)]]
[03May2025 19:30:30.488] [main/DEBUG] [net.minecraftforge.fml.loading.moddiscovery.ModFileParser/LOADING]: Considering mod file candidate /workspaces/server1/servidor_minecraft/mods/Cobblemon-forge-1.5.2+1.20.1.jar
[03May2025 19:30:30.489] [main/DEBUG] [net.minecraftforge.fml.loading.moddiscovery.ModFileInfo/LOADING]: Found valid mod file Cobblemon-forge-1.5.2+1.20.1.jar with {cobblemon} mods - versions {1.5.2+1.20.1}
[03May2025 19:30:30.489] [main/DEBUG] [net.minecraftforge.fml.loading.moddiscovery.ModFile/LOADING]: Loading mod file /workspaces/server1/servidor_minecraft/mods/Cobblemon-forge-1.5.2+1.20.1.jar with languages [LanguageSpec[languageName=kotlinforforge, acceptedVersions=[3,)]]
[03May2025 19:30:30.489] [main/DEBUG] [net.minecraftforge.fml.loading.moddiscovery.ModFile/LOADING]: Loading mod file  with languages []
[03May2025 19:30:30.489] [main/DEBUG] [net.minecraftforge.fml.loading.moddiscovery.ModFile/LOADING]: Loading mod file  with languages []
[03May2025 19:30:30.490] [main/DEBUG] [cpw.mods.modlauncher.TransformationServiceDecorator/MODLAUNCHER]: End scan trigger - transformation service fml
[03May2025 19:30:30.505] [main/DEBUG] [net.minecraftforge.fml.loading.LanguageLoadingProvider/CORE]: Found 4 language providers
[03May2025 19:30:30.506] [main/DEBUG] [net.minecraftforge.fml.loading.LanguageLoadingProvider/CORE]: Found language provider minecraft, version 1.0
[03May2025 19:30:30.507] [main/DEBUG] [net.minecraftforge.fml.loading.LanguageLoadingProvider/CORE]: Found language provider javafml, version 47
[03May2025 19:30:30.507] [main/DEBUG] [net.minecraftforge.fml.loading.LanguageLoadingProvider/CORE]: Found language provider kotlinforforge, version 4.10.0
[03May2025 19:30:30.507] [main/DEBUG] [net.minecraftforge.fml.loading.LanguageLoadingProvider/CORE]: Found language provider lowcodefml, version 47
[03May2025 19:30:30.511] [main/DEBUG] [net.minecraftforge.fml.loading.UniqueModListBuilder/]: Found 2 mods for first modid thedarkcolour.kotlinforforge.lib, selecting most recent based on version data
[03May2025 19:30:30.512] [main/DEBUG] [net.minecraftforge.fml.loading.UniqueModListBuilder/]: Selected file kfflib-4.10.0.jar for modid thedarkcolour.kotlinforforge.lib with version 4.10.0
[03May2025 19:30:30.515] [main/DEBUG] [net.minecraftforge.fml.loading.ModSorter/]: Configured system mods: [minecraft, forge]
[03May2025 19:30:30.515] [main/DEBUG] [net.minecraftforge.fml.loading.ModSorter/]: Found system mod: minecraft
[03May2025 19:30:30.515] [main/DEBUG] [net.minecraftforge.fml.loading.ModSorter/]: Found system mod: forge
[03May2025 19:30:30.517] [main/DEBUG] [net.minecraftforge.fml.loading.ModSorter/LOADING]: Found 24 mod requirements (24 mandatory, 0 optional)
[03May2025 19:30:30.518] [main/DEBUG] [net.minecraftforge.fml.loading.ModSorter/LOADING]: Found 0 mod requirements missing (0 mandatory, 0 optional)
[03May2025 19:30:30.993] [main/DEBUG] [cpw.mods.modlauncher.TransformationServicesHandler/MODLAUNCHER]: Transformation services loading transformers
[03May2025 19:30:30.994] [main/DEBUG] [cpw.mods.modlauncher.TransformationServiceDecorator/MODLAUNCHER]: Initializing transformers for transformation service mixin
[03May2025 19:30:30.994] [main/DEBUG] [cpw.mods.modlauncher.TransformationServiceDecorator/MODLAUNCHER]: Initialized transformers for transformation service mixin
[03May2025 19:30:30.994] [main/DEBUG] [cpw.mods.modlauncher.TransformationServiceDecorator/MODLAUNCHER]: Initializing transformers for transformation service fml
[03May2025 19:30:30.994] [main/DEBUG] [net.minecraftforge.fml.loading.FMLServiceProvider/CORE]: Loading coremod transformers
[03May2025 19:30:30.995] [main/DEBUG] [net.minecraftforge.coremod.CoreModEngine/COREMOD]: Loading CoreMod from coremods/field_to_method.js
[03May2025 19:30:31.212] [main/DEBUG] [net.minecraftforge.coremod.CoreModEngine/COREMOD]: CoreMod loaded successfully
[03May2025 19:30:31.214] [main/DEBUG] [net.minecraftforge.coremod.CoreModEngine/COREMOD]: Loading CoreMod from coremods/field_to_instanceof.js
[03May2025 19:30:31.303] [main/DEBUG] [net.minecraftforge.coremod.CoreModEngine/COREMOD]: CoreMod loaded successfully
[03May2025 19:30:31.303] [main/DEBUG] [net.minecraftforge.coremod.CoreModEngine/COREMOD]: Loading CoreMod from coremods/add_bouncer_method.js
[03May2025 19:30:31.365] [main/DEBUG] [net.minecraftforge.coremod.CoreModEngine/COREMOD]: CoreMod loaded successfully
[03May2025 19:30:31.366] [main/DEBUG] [net.minecraftforge.coremod.CoreModEngine/COREMOD]: Loading CoreMod from coremods/method_redirector.js
[03May2025 19:30:31.465] [main/DEBUG] [net.minecraftforge.coremod.CoreModEngine/COREMOD]: CoreMod loaded successfully
[03May2025 19:30:31.477] [main/DEBUG] [cpw.mods.modlauncher.TransformStore/MODLAUNCHER]: Adding transformer net.minecraftforge.coremod.transformer.CoreModClassTransformer@4730e0f0 to Target : CLASS {Lnet/minecraft/world/level/biome/Biome;} {} {V}
[03May2025 19:30:31.478] [main/DEBUG] [cpw.mods.modlauncher.TransformStore/MODLAUNCHER]: Adding transformer net.minecraftforge.coremod.transformer.CoreModClassTransformer@35a0e495 to Target : CLASS {Lnet/minecraft/world/level/levelgen/structure/Structure;} {} {V}
[03May2025 19:30:31.478] [main/DEBUG] [cpw.mods.modlauncher.TransformStore/MODLAUNCHER]: Adding transformer net.minecraftforge.coremod.transformer.CoreModClassTransformer@5399f6c5 to Target : CLASS {Lnet/minecraft/world/effect/MobEffectInstance;} {} {V}
[03May2025 19:30:31.478] [main/DEBUG] [cpw.mods.modlauncher.TransformStore/MODLAUNCHER]: Adding transformer net.minecraftforge.coremod.transformer.CoreModClassTransformer@4fe64d23 to Target : CLASS {Lnet/minecraft/world/level/block/LiquidBlock;} {} {V}
[03May2025 19:30:31.479] [main/DEBUG] [cpw.mods.modlauncher.TransformStore/MODLAUNCHER]: Adding transformer net.minecraftforge.coremod.transformer.CoreModClassTransformer@58437801 to Target : CLASS {Lnet/minecraft/world/item/BucketItem;} {} {V}
[03May2025 19:30:31.479] [main/DEBUG] [cpw.mods.modlauncher.TransformStore/MODLAUNCHER]: Adding transformer net.minecraftforge.coremod.transformer.CoreModClassTransformer@6af5bbd0 to Target : CLASS {Lnet/minecraft/world/level/block/StairBlock;} {} {V}
[03May2025 19:30:31.480] [main/DEBUG] [cpw.mods.modlauncher.TransformStore/MODLAUNCHER]: Adding transformer net.minecraftforge.coremod.transformer.CoreModClassTransformer@76464795 to Target : CLASS {Lnet/minecraft/world/level/block/FlowerPotBlock;} {} {V}
[03May2025 19:30:31.480] [main/DEBUG] [cpw.mods.modlauncher.TransformStore/MODLAUNCHER]: Adding transformer net.minecraftforge.coremod.transformer.CoreModClassTransformer@b34832b to Target : CLASS {Lnet/minecraft/world/item/ItemStack;} {} {V}
[03May2025 19:30:31.482] [main/DEBUG] [cpw.mods.modlauncher.TransformStore/MODLAUNCHER]: Adding transformer net.minecraftforge.coremod.transformer.CoreModClassTransformer@48f4713c to Target : CLASS {Lnet/minecraft/network/play/client/CClientSettingsPacket;} {} {V}
[03May2025 19:30:31.482] [main/DEBUG] [cpw.mods.modlauncher.TransformStore/MODLAUNCHER]: Adding transformer net.minecraftforge.coremod.transformer.CoreModClassTransformer@f1868c9 to Target : CLASS {Lnet/minecraft/server/commands/SummonCommand;} {} {V}
[03May2025 19:30:31.482] [main/DEBUG] [cpw.mods.modlauncher.TransformStore/MODLAUNCHER]: Adding transformer net.minecraftforge.coremod.transformer.CoreModClassTransformer@f1868c9 to Target : CLASS {Lnet/minecraft/world/entity/animal/frog/Tadpole;} {} {V}
[03May2025 19:30:31.483] [main/DEBUG] [cpw.mods.modlauncher.TransformStore/MODLAUNCHER]: Adding transformer net.minecraftforge.coremod.transformer.CoreModClassTransformer@f1868c9 to Target : CLASS {Lnet/minecraft/world/entity/monster/ZombieVillager;} {} {V}
[03May2025 19:30:31.483] [main/DEBUG] [cpw.mods.modlauncher.TransformStore/MODLAUNCHER]: Adding transformer net.minecraftforge.coremod.transformer.CoreModClassTransformer@f1868c9 to Target : CLASS {Lnet/minecraft/world/level/levelgen/PatrolSpawner;} {} {V}
[03May2025 19:30:31.483] [main/DEBUG] [cpw.mods.modlauncher.TransformStore/MODLAUNCHER]: Adding transformer net.minecraftforge.coremod.transformer.CoreModClassTransformer@f1868c9 to Target : CLASS {Lnet/minecraft/world/level/levelgen/structure/structures/SwampHutPiece;} {} {V}
[03May2025 19:30:31.484] [main/DEBUG] [cpw.mods.modlauncher.TransformStore/MODLAUNCHER]: Adding transformer net.minecraftforge.coremod.transformer.CoreModClassTransformer@f1868c9 to Target : CLASS {Lnet/minecraft/world/entity/monster/Spider;} {} {V}
[03May2025 19:30:31.484] [main/DEBUG] [cpw.mods.modlauncher.TransformStore/MODLAUNCHER]: Adding transformer net.minecraftforge.coremod.transformer.CoreModClassTransformer@f1868c9 to Target : CLASS {Lnet/minecraft/world/entity/npc/CatSpawner;} {} {V}
[03May2025 19:30:31.484] [main/DEBUG] [cpw.mods.modlauncher.TransformStore/MODLAUNCHER]: Adding transformer net.minecraftforge.coremod.transformer.CoreModClassTransformer@f1868c9 to Target : CLASS {Lnet/minecraft/world/entity/ai/village/VillageSiege;} {} {V}
[03May2025 19:30:31.484] [main/DEBUG] [cpw.mods.modlauncher.TransformStore/MODLAUNCHER]: Adding transformer net.minecraftforge.coremod.transformer.CoreModClassTransformer@f1868c9 to Target : CLASS {Lnet/minecraft/world/entity/npc/Villager;} {} {V}
[03May2025 19:30:31.484] [main/DEBUG] [cpw.mods.modlauncher.TransformStore/MODLAUNCHER]: Adding transformer net.minecraftforge.coremod.transformer.CoreModClassTransformer@f1868c9 to Target : CLASS {Lnet/minecraft/world/level/levelgen/structure/structures/OceanRuinPieces$OceanRuinPiece;} {} {V}
[03May2025 19:30:31.484] [main/DEBUG] [cpw.mods.modlauncher.TransformStore/MODLAUNCHER]: Adding transformer net.minecraftforge.coremod.transformer.CoreModClassTransformer@f1868c9 to Target : CLASS {Lnet/minecraft/world/level/levelgen/PhantomSpawner;} {} {V}
[03May2025 19:30:31.485] [main/DEBUG] [cpw.mods.modlauncher.TransformStore/MODLAUNCHER]: Adding transformer net.minecraftforge.coremod.transformer.CoreModClassTransformer@f1868c9 to Target : CLASS {Lnet/minecraft/world/entity/EntityType;} {} {V}
[03May2025 19:30:31.486] [main/DEBUG] [cpw.mods.modlauncher.TransformStore/MODLAUNCHER]: Adding transformer net.minecraftforge.coremod.transformer.CoreModClassTransformer@f1868c9 to Target : CLASS {Lnet/minecraft/world/level/levelgen/structure/structures/OceanMonumentPieces$OceanMonumentPiece;} {} {V}
[03May2025 19:30:31.486] [main/DEBUG] [cpw.mods.modlauncher.TransformStore/MODLAUNCHER]: Adding transformer net.minecraftforge.coremod.transformer.CoreModClassTransformer@f1868c9 to Target : CLASS {Lnet/minecraft/world/entity/monster/Strider;} {} {V}
[03May2025 19:30:31.486] [main/DEBUG] [cpw.mods.modlauncher.TransformStore/MODLAUNCHER]: Adding transformer net.minecraftforge.coremod.transformer.CoreModClassTransformer@f1868c9 to Target : CLASS {Lnet/minecraft/world/entity/raid/Raid;} {} {V}
[03May2025 19:30:31.486] [main/DEBUG] [cpw.mods.modlauncher.TransformStore/MODLAUNCHER]: Adding transformer net.minecraftforge.coremod.transformer.CoreModClassTransformer@f1868c9 to Target : CLASS {Lnet/minecraft/world/level/levelgen/structure/structures/WoodlandMansionPieces$WoodlandMansionPiece;} {} {V}
[03May2025 19:30:31.486] [main/DEBUG] [cpw.mods.modlauncher.TransformStore/MODLAUNCHER]: Adding transformer net.minecraftforge.coremod.transformer.CoreModClassTransformer@f1868c9 to Target : CLASS {Lnet/minecraft/world/level/levelgen/structure/templatesystem/StructureTemplate;} {} {V}
[03May2025 19:30:31.486] [main/DEBUG] [cpw.mods.modlauncher.TransformStore/MODLAUNCHER]: Adding transformer net.minecraftforge.coremod.transformer.CoreModClassTransformer@f1868c9 to Target : CLASS {Lnet/minecraft/server/commands/RaidCommand;} {} {V}
[03May2025 19:30:31.486] [main/DEBUG] [cpw.mods.modlauncher.TransformStore/MODLAUNCHER]: Adding transformer net.minecraftforge.coremod.transformer.CoreModClassTransformer@f1868c9 to Target : CLASS {Lnet/minecraft/world/entity/monster/Evoker$EvokerSummonSpellGoal;} {} {V}
[03May2025 19:30:31.486] [main/DEBUG] [cpw.mods.modlauncher.TransformStore/MODLAUNCHER]: Adding transformer net.minecraftforge.coremod.transformer.CoreModClassTransformer@f1868c9 to Target : CLASS {Lnet/minecraft/world/level/NaturalSpawner;} {} {V}
[03May2025 19:30:31.487] [main/DEBUG] [cpw.mods.modlauncher.TransformStore/MODLAUNCHER]: Adding transformer net.minecraftforge.coremod.transformer.CoreModClassTransformer@f1868c9 to Target : CLASS {Lnet/minecraft/world/entity/animal/horse/SkeletonTrapGoal;} {} {V}
[03May2025 19:30:31.488] [main/DEBUG] [cpw.mods.modlauncher.TransformStore/MODLAUNCHER]: Adding transformer net.minecraftforge.coremod.transformer.CoreModClassTransformer@f1868c9 to Target : CLASS {Lnet/minecraft/world/entity/monster/Zombie;} {} {V}
[03May2025 19:30:31.488] [main/DEBUG] [cpw.mods.modlauncher.TransformationServiceDecorator/MODLAUNCHER]: Initialized transformers for transformation service fml
[03May2025 19:30:32.717] [main/DEBUG] [mixin/]: Processing prepare() for PlatformAgent[MixinPlatformAgentDefault:ModLauncher Root Container(ModLauncher:4f56a0a2)]
[03May2025 19:30:32.718] [main/DEBUG] [mixin/]: Processing launch tasks for PlatformAgent[MixinPlatformAgentDefault:ModLauncher Root Container(ModLauncher:4f56a0a2)]
[03May2025 19:30:32.718] [main/DEBUG] [mixin/]: Adding mixin platform agents for container SecureJarResource(minecraft)
[03May2025 19:30:32.719] [main/DEBUG] [mixin/]: Instancing new MixinPlatformAgentMinecraftForge for SecureJarResource(minecraft)
[03May2025 19:30:32.719] [main/DEBUG] [mixin/]: MixinPlatformAgentMinecraftForge rejected container SecureJarResource(minecraft)
[03May2025 19:30:32.719] [main/DEBUG] [mixin/]: Instancing new MixinPlatformAgentDefault for SecureJarResource(minecraft)
[03May2025 19:30:32.719] [main/DEBUG] [mixin/]: MixinPlatformAgentDefault accepted container SecureJarResource(minecraft)
[03May2025 19:30:32.719] [main/DEBUG] [mixin/]: Processing prepare() for PlatformAgent[MixinPlatformAgentDefault:SecureJarResource(minecraft)]
[03May2025 19:30:32.719] [main/DEBUG] [mixin/]: Adding mixin platform agents for container SecureJarResource(canary)
[03May2025 19:30:32.719] [main/DEBUG] [mixin/]: Instancing new MixinPlatformAgentMinecraftForge for SecureJarResource(canary)
[03May2025 19:30:32.719] [main/DEBUG] [mixin/]: MixinPlatformAgentMinecraftForge rejected container SecureJarResource(canary)
[03May2025 19:30:32.719] [main/DEBUG] [mixin/]: Instancing new MixinPlatformAgentDefault for SecureJarResource(canary)
[03May2025 19:30:32.720] [main/DEBUG] [mixin/]: MixinPlatformAgentDefault accepted container SecureJarResource(canary)
[03May2025 19:30:32.720] [main/DEBUG] [mixin/]: Processing prepare() for PlatformAgent[MixinPlatformAgentDefault:SecureJarResource(canary)]
[03May2025 19:30:32.720] [main/DEBUG] [mixin/]: Registering mixin config: canary.mixins.json
[03May2025 19:30:32.743] [main/DEBUG] [mixin/]: Compatibility level JAVA_17 specified by canary.mixins.json is higher than the maximum level supported by this version of mixin (JAVA_13).
[03May2025 19:30:32.747] [main/INFO] [mixin/]: Compatibility level set to JAVA_17
[03May2025 19:30:32.748] [main/DEBUG] [mixin/]: Adding mixin platform agents for container SecureJarResource(starlight)
[03May2025 19:30:32.748] [main/DEBUG] [mixin/]: Instancing new MixinPlatformAgentMinecraftForge for SecureJarResource(starlight)
[03May2025 19:30:32.748] [main/DEBUG] [mixin/]: MixinPlatformAgentMinecraftForge rejected container SecureJarResource(starlight)
[03May2025 19:30:32.748] [main/DEBUG] [mixin/]: Instancing new MixinPlatformAgentDefault for SecureJarResource(starlight)
[03May2025 19:30:32.748] [main/DEBUG] [mixin/]: MixinPlatformAgentDefault accepted container SecureJarResource(starlight)
[03May2025 19:30:32.749] [main/DEBUG] [mixin/]: Processing prepare() for PlatformAgent[MixinPlatformAgentDefault:SecureJarResource(starlight)]
[03May2025 19:30:32.749] [main/DEBUG] [mixin/]: Registering mixin config: starlight.mixins.json
[03May2025 19:30:32.750] [main/DEBUG] [mixin/]: Adding mixin platform agents for container SecureJarResource(architectury)
[03May2025 19:30:32.751] [main/DEBUG] [mixin/]: Instancing new MixinPlatformAgentMinecraftForge for SecureJarResource(architectury)
[03May2025 19:30:32.751] [main/DEBUG] [mixin/]: MixinPlatformAgentMinecraftForge rejected container SecureJarResource(architectury)
[03May2025 19:30:32.751] [main/DEBUG] [mixin/]: Instancing new MixinPlatformAgentDefault for SecureJarResource(architectury)
[03May2025 19:30:32.751] [main/DEBUG] [mixin/]: MixinPlatformAgentDefault accepted container SecureJarResource(architectury)
[03May2025 19:30:32.752] [main/DEBUG] [mixin/]: Processing prepare() for PlatformAgent[MixinPlatformAgentDefault:SecureJarResource(architectury)]
[03May2025 19:30:32.752] [main/DEBUG] [mixin/]: Registering mixin config: architectury.mixins.json
[03May2025 19:30:32.753] [main/DEBUG] [mixin/]: Compatibility level JAVA_16 specified by architectury.mixins.json is higher than the maximum level supported by this version of mixin (JAVA_13).
[03May2025 19:30:32.753] [main/DEBUG] [mixin/]: Registering mixin config: architectury-common.mixins.json
[03May2025 19:30:32.755] [main/DEBUG] [mixin/]: Compatibility level JAVA_16 specified by architectury-common.mixins.json is higher than the maximum level supported by this version of mixin (JAVA_13).
[03May2025 19:30:32.755] [main/DEBUG] [mixin/]: Adding mixin platform agents for container SecureJarResource(ferritecore)
[03May2025 19:30:32.756] [main/DEBUG] [mixin/]: Instancing new MixinPlatformAgentMinecraftForge for SecureJarResource(ferritecore)
[03May2025 19:30:32.756] [main/DEBUG] [mixin/]: MixinPlatformAgentMinecraftForge rejected container SecureJarResource(ferritecore)
[03May2025 19:30:32.756] [main/DEBUG] [mixin/]: Instancing new MixinPlatformAgentDefault for SecureJarResource(ferritecore)
[03May2025 19:30:32.756] [main/DEBUG] [mixin/]: MixinPlatformAgentDefault accepted container SecureJarResource(ferritecore)
[03May2025 19:30:32.756] [main/DEBUG] [mixin/]: Processing prepare() for PlatformAgent[MixinPlatformAgentDefault:SecureJarResource(ferritecore)]
[03May2025 19:30:32.756] [main/DEBUG] [mixin/]: Registering mixin config: ferritecore.predicates.mixin.json
[03May2025 19:30:32.758] [main/DEBUG] [mixin/]: Registering mixin config: ferritecore.fastmap.mixin.json
[03May2025 19:30:32.759] [main/DEBUG] [mixin/]: Registering mixin config: ferritecore.mrl.mixin.json
[03May2025 19:30:32.760] [main/DEBUG] [mixin/]: Registering mixin config: ferritecore.dedupmultipart.mixin.json
[03May2025 19:30:32.761] [main/DEBUG] [mixin/]: Registering mixin config: ferritecore.blockstatecache.mixin.json
[03May2025 19:30:32.763] [main/DEBUG] [mixin/]: Registering mixin config: ferritecore.dedupbakedquad.mixin.json
[03May2025 19:30:32.764] [main/DEBUG] [mixin/]: Registering mixin config: ferritecore.threaddetec.mixin.json
[03May2025 19:30:32.765] [main/DEBUG] [mixin/]: Registering mixin config: ferritecore.modelsides.mixin.json
[03May2025 19:30:32.766] [main/DEBUG] [mixin/]: Adding mixin platform agents for container SecureJarResource(aiimprovements)
[03May2025 19:30:32.766] [main/DEBUG] [mixin/]: Instancing new MixinPlatformAgentMinecraftForge for SecureJarResource(aiimprovements)
[03May2025 19:30:32.767] [main/DEBUG] [mixin/]: MixinPlatformAgentMinecraftForge rejected container SecureJarResource(aiimprovements)
[03May2025 19:30:32.767] [main/DEBUG] [mixin/]: Instancing new MixinPlatformAgentDefault for SecureJarResource(aiimprovements)
[03May2025 19:30:32.767] [main/DEBUG] [mixin/]: MixinPlatformAgentDefault accepted container SecureJarResource(aiimprovements)
[03May2025 19:30:32.767] [main/DEBUG] [mixin/]: Processing prepare() for PlatformAgent[MixinPlatformAgentDefault:SecureJarResource(aiimprovements)]
[03May2025 19:30:32.767] [main/DEBUG] [mixin/]: Adding mixin platform agents for container SecureJarResource(superflatworldnoslimes)
[03May2025 19:30:32.768] [main/DEBUG] [mixin/]: Instancing new MixinPlatformAgentMinecraftForge for SecureJarResource(superflatworldnoslimes)
[03May2025 19:30:32.768] [main/DEBUG] [mixin/]: MixinPlatformAgentMinecraftForge rejected container SecureJarResource(superflatworldnoslimes)
[03May2025 19:30:32.768] [main/DEBUG] [mixin/]: Instancing new MixinPlatformAgentDefault for SecureJarResource(superflatworldnoslimes)
[03May2025 19:30:32.768] [main/DEBUG] [mixin/]: MixinPlatformAgentDefault accepted container SecureJarResource(superflatworldnoslimes)
[03May2025 19:30:32.768] [main/DEBUG] [mixin/]: Processing prepare() for PlatformAgent[MixinPlatformAgentDefault:SecureJarResource(superflatworldnoslimes)]
[03May2025 19:30:32.768] [main/DEBUG] [mixin/]: Registering mixin config: superflatworldnoslimes_forge.mixins.json
[03May2025 19:30:32.769] [main/DEBUG] [mixin/]: Adding mixin platform agents for container SecureJarResource(dismountentity)
[03May2025 19:30:32.770] [main/DEBUG] [mixin/]: Instancing new MixinPlatformAgentMinecraftForge for SecureJarResource(dismountentity)
[03May2025 19:30:32.770] [main/DEBUG] [mixin/]: MixinPlatformAgentMinecraftForge rejected container SecureJarResource(dismountentity)
[03May2025 19:30:32.770] [main/DEBUG] [mixin/]: Instancing new MixinPlatformAgentDefault for SecureJarResource(dismountentity)
[03May2025 19:30:32.770] [main/DEBUG] [mixin/]: MixinPlatformAgentDefault accepted container SecureJarResource(dismountentity)
[03May2025 19:30:32.770] [main/DEBUG] [mixin/]: Processing prepare() for PlatformAgent[MixinPlatformAgentDefault:SecureJarResource(dismountentity)]
[03May2025 19:30:32.771] [main/DEBUG] [mixin/]: Registering mixin config: dismountentity_forge.mixins.json
[03May2025 19:30:32.772] [main/DEBUG] [mixin/]: Adding mixin platform agents for container SecureJarResource(smoothboot)
[03May2025 19:30:32.772] [main/DEBUG] [mixin/]: Instancing new MixinPlatformAgentMinecraftForge for SecureJarResource(smoothboot)
[03May2025 19:30:32.772] [main/DEBUG] [mixin/]: MixinPlatformAgentMinecraftForge rejected container SecureJarResource(smoothboot)
[03May2025 19:30:32.772] [main/DEBUG] [mixin/]: Instancing new MixinPlatformAgentDefault for SecureJarResource(smoothboot)
[03May2025 19:30:32.773] [main/DEBUG] [mixin/]: MixinPlatformAgentDefault accepted container SecureJarResource(smoothboot)
[03May2025 19:30:32.773] [main/DEBUG] [mixin/]: Processing prepare() for PlatformAgent[MixinPlatformAgentDefault:SecureJarResource(smoothboot)]
[03May2025 19:30:32.773] [main/DEBUG] [mixin/]: Registering mixin config: smoothboot.mixins.json
[03May2025 19:30:32.774] [main/DEBUG] [mixin/]: Adding mixin platform agents for container SecureJarResource(memoryleakfix)
[03May2025 19:30:32.774] [main/DEBUG] [mixin/]: Instancing new MixinPlatformAgentMinecraftForge for SecureJarResource(memoryleakfix)
[03May2025 19:30:32.775] [main/DEBUG] [mixin/]: MixinPlatformAgentMinecraftForge rejected container SecureJarResource(memoryleakfix)
[03May2025 19:30:32.775] [main/DEBUG] [mixin/]: Instancing new MixinPlatformAgentDefault for SecureJarResource(memoryleakfix)
[03May2025 19:30:32.775] [main/DEBUG] [mixin/]: MixinPlatformAgentDefault accepted container SecureJarResource(memoryleakfix)
[03May2025 19:30:32.775] [main/DEBUG] [mixin/]: Processing prepare() for PlatformAgent[MixinPlatformAgentDefault:SecureJarResource(memoryleakfix)]
[03May2025 19:30:32.775] [main/DEBUG] [mixin/]: Registering mixin config: memoryleakfix.mixins.json
[03May2025 19:30:32.779] [main/DEBUG] [mixin/]: Compatibility level JAVA_8 specified by memoryleakfix.mixins.json is lower than the default level supported by the current mixin service (JAVA_16).
[03May2025 19:30:32.780] [main/DEBUG] [mixin/]: Adding mixin platform agents for container SecureJarResource(kotlinforforge)
[03May2025 19:30:32.780] [main/DEBUG] [mixin/]: Instancing new MixinPlatformAgentMinecraftForge for SecureJarResource(kotlinforforge)
[03May2025 19:30:32.781] [main/DEBUG] [mixin/]: MixinPlatformAgentMinecraftForge rejected container SecureJarResource(kotlinforforge)
[03May2025 19:30:32.781] [main/DEBUG] [mixin/]: Instancing new MixinPlatformAgentDefault for SecureJarResource(kotlinforforge)
[03May2025 19:30:32.781] [main/DEBUG] [mixin/]: MixinPlatformAgentDefault accepted container SecureJarResource(kotlinforforge)
[03May2025 19:30:32.781] [main/DEBUG] [mixin/]: Processing prepare() for PlatformAgent[MixinPlatformAgentDefault:SecureJarResource(kotlinforforge)]
[03May2025 19:30:32.781] [main/DEBUG] [mixin/]: Adding mixin platform agents for container SecureJarResource(forge)
[03May2025 19:30:32.781] [main/DEBUG] [mixin/]: Instancing new MixinPlatformAgentMinecraftForge for SecureJarResource(forge)
[03May2025 19:30:32.781] [main/DEBUG] [mixin/]: MixinPlatformAgentMinecraftForge rejected container SecureJarResource(forge)
[03May2025 19:30:32.781] [main/DEBUG] [mixin/]: Instancing new MixinPlatformAgentDefault for SecureJarResource(forge)
[03May2025 19:30:32.781] [main/DEBUG] [mixin/]: MixinPlatformAgentDefault accepted container SecureJarResource(forge)
[03May2025 19:30:32.782] [main/DEBUG] [mixin/]: Processing prepare() for PlatformAgent[MixinPlatformAgentDefault:SecureJarResource(forge)]
[03May2025 19:30:32.782] [main/DEBUG] [mixin/]: Adding mixin platform agents for container SecureJarResource(appleskin)
[03May2025 19:30:32.782] [main/DEBUG] [mixin/]: Instancing new MixinPlatformAgentMinecraftForge for SecureJarResource(appleskin)
[03May2025 19:30:32.782] [main/DEBUG] [mixin/]: MixinPlatformAgentMinecraftForge rejected container SecureJarResource(appleskin)
[03May2025 19:30:32.782] [main/DEBUG] [mixin/]: Instancing new MixinPlatformAgentDefault for SecureJarResource(appleskin)
[03May2025 19:30:32.782] [main/DEBUG] [mixin/]: MixinPlatformAgentDefault accepted container SecureJarResource(appleskin)
[03May2025 19:30:32.782] [main/DEBUG] [mixin/]: Processing prepare() for PlatformAgent[MixinPlatformAgentDefault:SecureJarResource(appleskin)]
[03May2025 19:30:32.782] [main/DEBUG] [mixin/]: Adding mixin platform agents for container SecureJarResource(letmedespawn)
[03May2025 19:30:32.782] [main/DEBUG] [mixin/]: Instancing new MixinPlatformAgentMinecraftForge for SecureJarResource(letmedespawn)
[03May2025 19:30:32.783] [main/DEBUG] [mixin/]: MixinPlatformAgentMinecraftForge rejected container SecureJarResource(letmedespawn)
[03May2025 19:30:32.783] [main/DEBUG] [mixin/]: Instancing new MixinPlatformAgentDefault for SecureJarResource(letmedespawn)
[03May2025 19:30:32.783] [main/DEBUG] [mixin/]: MixinPlatformAgentDefault accepted container SecureJarResource(letmedespawn)
[03May2025 19:30:32.783] [main/DEBUG] [mixin/]: Processing prepare() for PlatformAgent[MixinPlatformAgentDefault:SecureJarResource(letmedespawn)]
[03May2025 19:30:32.783] [main/DEBUG] [mixin/]: Registering mixin config: mixins.letmedespawn.json
[03May2025 19:30:32.784] [main/DEBUG] [mixin/]: Adding mixin platform agents for container SecureJarResource(collective)
[03May2025 19:30:32.784] [main/DEBUG] [mixin/]: Instancing new MixinPlatformAgentMinecraftForge for SecureJarResource(collective)
[03May2025 19:30:32.784] [main/DEBUG] [mixin/]: MixinPlatformAgentMinecraftForge rejected container SecureJarResource(collective)
[03May2025 19:30:32.785] [main/DEBUG] [mixin/]: Instancing new MixinPlatformAgentDefault for SecureJarResource(collective)
[03May2025 19:30:32.785] [main/DEBUG] [mixin/]: MixinPlatformAgentDefault accepted container SecureJarResource(collective)
[03May2025 19:30:32.785] [main/DEBUG] [mixin/]: Processing prepare() for PlatformAgent[MixinPlatformAgentDefault:SecureJarResource(collective)]
[03May2025 19:30:32.785] [main/DEBUG] [mixin/]: Registering mixin config: collective_forge.mixins.json
[03May2025 19:30:32.786] [main/DEBUG] [mixin/]: Adding mixin platform agents for container SecureJarResource(clumps)
[03May2025 19:30:32.786] [main/DEBUG] [mixin/]: Instancing new MixinPlatformAgentMinecraftForge for SecureJarResource(clumps)
[03May2025 19:30:32.786] [main/DEBUG] [mixin/]: MixinPlatformAgentMinecraftForge rejected container SecureJarResource(clumps)
[03May2025 19:30:32.786] [main/DEBUG] [mixin/]: Instancing new MixinPlatformAgentDefault for SecureJarResource(clumps)
[03May2025 19:30:32.787] [main/DEBUG] [mixin/]: MixinPlatformAgentDefault accepted container SecureJarResource(clumps)
[03May2025 19:30:32.787] [main/DEBUG] [mixin/]: Processing prepare() for PlatformAgent[MixinPlatformAgentDefault:SecureJarResource(clumps)]
[03May2025 19:30:32.787] [main/DEBUG] [mixin/]: Registering mixin config: clumps.mixins.json
[03May2025 19:30:32.788] [main/DEBUG] [mixin/]: Adding mixin platform agents for container SecureJarResource(cobblemon)
[03May2025 19:30:32.788] [main/DEBUG] [mixin/]: Instancing new MixinPlatformAgentMinecraftForge for SecureJarResource(cobblemon)
[03May2025 19:30:32.788] [main/DEBUG] [mixin/]: MixinPlatformAgentMinecraftForge rejected container SecureJarResource(cobblemon)
[03May2025 19:30:32.788] [main/DEBUG] [mixin/]: Instancing new MixinPlatformAgentDefault for SecureJarResource(cobblemon)
[03May2025 19:30:32.789] [main/DEBUG] [mixin/]: MixinPlatformAgentDefault accepted container SecureJarResource(cobblemon)
[03May2025 19:30:32.789] [main/DEBUG] [mixin/]: Processing prepare() for PlatformAgent[MixinPlatformAgentDefault:SecureJarResource(cobblemon)]
[03May2025 19:30:32.789] [main/DEBUG] [mixin/]: Registering mixin config: mixins.cobblemon-forge.json
[03May2025 19:30:32.790] [main/DEBUG] [mixin/]: Compatibility level JAVA_8 specified by mixins.cobblemon-forge.json is lower than the default level supported by the current mixin service (JAVA_16).
[03May2025 19:30:32.790] [main/DEBUG] [mixin/]: Registering mixin config: mixins.cobblemon-common.json
[03May2025 19:30:32.791] [main/DEBUG] [mixin/]: Adding mixin platform agents for container SecureJarResource(thedarkcolour.kotlinforforge.lib)
[03May2025 19:30:32.792] [main/DEBUG] [mixin/]: Instancing new MixinPlatformAgentMinecraftForge for SecureJarResource(thedarkcolour.kotlinforforge.lib)
[03May2025 19:30:32.792] [main/DEBUG] [mixin/]: MixinPlatformAgentMinecraftForge rejected container SecureJarResource(thedarkcolour.kotlinforforge.lib)
[03May2025 19:30:32.792] [main/DEBUG] [mixin/]: Instancing new MixinPlatformAgentDefault for SecureJarResource(thedarkcolour.kotlinforforge.lib)
[03May2025 19:30:32.792] [main/DEBUG] [mixin/]: MixinPlatformAgentDefault accepted container SecureJarResource(thedarkcolour.kotlinforforge.lib)
[03May2025 19:30:32.792] [main/DEBUG] [mixin/]: Processing prepare() for PlatformAgent[MixinPlatformAgentDefault:SecureJarResource(thedarkcolour.kotlinforforge.lib)]
[03May2025 19:30:32.792] [main/DEBUG] [mixin/]: inject() running with 19 agents
[03May2025 19:30:32.793] [main/DEBUG] [mixin/]: Processing inject() for PlatformAgent[MixinPlatformAgentDefault:ModLauncher Root Container(ModLauncher:4f56a0a2)]
[03May2025 19:30:32.793] [main/DEBUG] [mixin/]: Processing inject() for PlatformAgent[MixinPlatformAgentDefault:SecureJarResource(minecraft)]
[03May2025 19:30:32.793] [main/DEBUG] [mixin/]: Processing inject() for PlatformAgent[MixinPlatformAgentDefault:SecureJarResource(canary)]
[03May2025 19:30:32.793] [main/DEBUG] [mixin/]: Processing inject() for PlatformAgent[MixinPlatformAgentDefault:SecureJarResource(starlight)]
[03May2025 19:30:32.793] [main/DEBUG] [mixin/]: Processing inject() for PlatformAgent[MixinPlatformAgentDefault:SecureJarResource(architectury)]
[03May2025 19:30:32.794] [main/DEBUG] [mixin/]: Processing inject() for PlatformAgent[MixinPlatformAgentDefault:SecureJarResource(ferritecore)]
[03May2025 19:30:32.794] [main/DEBUG] [mixin/]: Processing inject() for PlatformAgent[MixinPlatformAgentDefault:SecureJarResource(aiimprovements)]
[03May2025 19:30:32.794] [main/DEBUG] [mixin/]: Processing inject() for PlatformAgent[MixinPlatformAgentDefault:SecureJarResource(superflatworldnoslimes)]
[03May2025 19:30:32.794] [main/DEBUG] [mixin/]: Processing inject() for PlatformAgent[MixinPlatformAgentDefault:SecureJarResource(dismountentity)]
[03May2025 19:30:32.795] [main/DEBUG] [mixin/]: Processing inject() for PlatformAgent[MixinPlatformAgentDefault:SecureJarResource(smoothboot)]
[03May2025 19:30:32.795] [main/DEBUG] [mixin/]: Processing inject() for PlatformAgent[MixinPlatformAgentDefault:SecureJarResource(memoryleakfix)]
[03May2025 19:30:32.795] [main/DEBUG] [mixin/]: Processing inject() for PlatformAgent[MixinPlatformAgentDefault:SecureJarResource(kotlinforforge)]
[03May2025 19:30:32.795] [main/DEBUG] [mixin/]: Processing inject() for PlatformAgent[MixinPlatformAgentDefault:SecureJarResource(forge)]
[03May2025 19:30:32.795] [main/DEBUG] [mixin/]: Processing inject() for PlatformAgent[MixinPlatformAgentDefault:SecureJarResource(appleskin)]
[03May2025 19:30:32.797] [main/DEBUG] [mixin/]: Processing inject() for PlatformAgent[MixinPlatformAgentDefault:SecureJarResource(letmedespawn)]
[03May2025 19:30:32.797] [main/DEBUG] [mixin/]: Processing inject() for PlatformAgent[MixinPlatformAgentDefault:SecureJarResource(collective)]
[03May2025 19:30:32.798] [main/DEBUG] [mixin/]: Processing inject() for PlatformAgent[MixinPlatformAgentDefault:SecureJarResource(clumps)]
[03May2025 19:30:32.799] [main/DEBUG] [mixin/]: Processing inject() for PlatformAgent[MixinPlatformAgentDefault:SecureJarResource(cobblemon)]
[03May2025 19:30:32.799] [main/DEBUG] [mixin/]: Processing inject() for PlatformAgent[MixinPlatformAgentDefault:SecureJarResource(thedarkcolour.kotlinforforge.lib)]
[03May2025 19:30:32.831] [main/DEBUG] [mixin/]: Error cleaning class output directory: .mixin.out
[03May2025 19:30:32.832] [main/DEBUG] [mixin/]: Preparing mixins for MixinEnvironment[PREINIT]
[03May2025 19:30:32.838] [main/INFO] [mixin/]: Successfully loaded Mixin Connector [ca.spottedleaf.starlight.mixin.MixinConnector]
[03May2025 19:30:32.839] [main/INFO] [cpw.mods.modlauncher.LaunchServiceHandler/MODLAUNCHER]: Launching target 'forgeserver' with arguments [nogui]
[03May2025 19:30:32.841] [main/DEBUG] [mixin/]: Preparing mixins for MixinEnvironment[DEFAULT]
[03May2025 19:30:32.841] [main/DEBUG] [mixin/]: Selecting config canary.mixins.json
[03May2025 19:30:32.882] [main/INFO] [Canary/]: Loaded configuration file for Canary: 116 options available, 0 override(s) found
[03May2025 19:30:32.901] [main/DEBUG] [mixin/]: Selecting config starlight.mixins.json
[03May2025 19:30:32.903] [main/DEBUG] [mixin/]: Selecting config architectury.mixins.json
[03May2025 19:30:32.907] [main/DEBUG] [mixin/]: Selecting config architectury-common.mixins.json
[03May2025 19:30:32.909] [main/DEBUG] [mixin/]: Selecting config ferritecore.predicates.mixin.json
[03May2025 19:30:32.924] [main/DEBUG] [mixin/]: Selecting config ferritecore.fastmap.mixin.json
[03May2025 19:30:32.926] [main/DEBUG] [mixin/]: Selecting config ferritecore.mrl.mixin.json
[03May2025 19:30:32.927] [main/DEBUG] [mixin/]: Selecting config ferritecore.dedupmultipart.mixin.json
[03May2025 19:30:32.929] [main/DEBUG] [mixin/]: Selecting config ferritecore.blockstatecache.mixin.json
[03May2025 19:30:32.930] [main/DEBUG] [mixin/]: Selecting config ferritecore.dedupbakedquad.mixin.json
[03May2025 19:30:32.931] [main/DEBUG] [mixin/]: Selecting config ferritecore.threaddetec.mixin.json
[03May2025 19:30:32.933] [main/DEBUG] [mixin/]: Selecting config ferritecore.modelsides.mixin.json
[03May2025 19:30:32.934] [main/DEBUG] [mixin/]: Selecting config superflatworldnoslimes_forge.mixins.json
[03May2025 19:30:32.935] [main/DEBUG] [mixin/]: Selecting config dismountentity_forge.mixins.json
[03May2025 19:30:32.935] [main/DEBUG] [mixin/]: Selecting config smoothboot.mixins.json
[03May2025 19:30:32.936] [main/DEBUG] [mixin/]: Selecting config memoryleakfix.mixins.json
[03May2025 19:30:32.974] [main/DEBUG] [MixinExtras|Service/]: ca.fxco.memoryleakfix.mixinextras.service.MixinExtrasServiceImpl(version=0.3.2) is taking over from null
[03May2025 19:30:33.005] [main/DEBUG] [mixin/]: Registering new injector for @Inject with org.spongepowered.asm.mixin.injection.struct.CallbackInjectionInfo
[03May2025 19:30:33.007] [main/DEBUG] [mixin/]: Registering new injector for @ModifyArg with org.spongepowered.asm.mixin.injection.struct.ModifyArgInjectionInfo
[03May2025 19:30:33.007] [main/DEBUG] [mixin/]: Registering new injector for @ModifyArgs with org.spongepowered.asm.mixin.injection.struct.ModifyArgsInjectionInfo
[03May2025 19:30:33.010] [main/DEBUG] [mixin/]: Registering new injector for @Redirect with org.spongepowered.asm.mixin.injection.struct.RedirectInjectionInfo
[03May2025 19:30:33.011] [main/DEBUG] [mixin/]: Registering new injector for @ModifyVariable with org.spongepowered.asm.mixin.injection.struct.ModifyVariableInjectionInfo
[03May2025 19:30:33.012] [main/DEBUG] [mixin/]: Registering new injector for @ModifyConstant with org.spongepowered.asm.mixin.injection.struct.ModifyConstantInjectionInfo
[03May2025 19:30:33.029] [main/DEBUG] [mixin/]: Selecting config mixins.letmedespawn.json
[03May2025 19:30:33.030] [main/DEBUG] [mixin/]: Selecting config collective_forge.mixins.json
[03May2025 19:30:33.031] [main/DEBUG] [mixin/]: Selecting config clumps.mixins.json
[03May2025 19:30:33.032] [main/DEBUG] [mixin/]: Selecting config mixins.cobblemon-forge.json
[03May2025 19:30:33.035] [main/DEBUG] [mixin/]: Selecting config mixins.cobblemon-common.json
[03May2025 19:30:33.036] [main/DEBUG] [mixin/]: Preparing canary.mixins.json (203)
[03May2025 19:30:33.339] [main/DEBUG] [net.minecraftforge.coremod.transformer.CoreModBaseTransformer/COREMOD]: Transforming net/minecraft/world/entity/raid/Raid
[03May2025 19:30:34.003] [main/DEBUG] [net.minecraftforge.coremod.transformer.CoreModBaseTransformer/COREMOD]: Transforming net/minecraft/world/item/ItemStack
[03May2025 19:30:34.044] [main/DEBUG] [net.minecraftforge.coremod.transformer.CoreModBaseTransformer/COREMOD]: Transforming net/minecraft/world/level/biome/Biome
[03May2025 19:30:34.052] [main/ERROR] [net.minecraftforge.coremod.transformer.CoreModBaseTransformer/COREMOD]: Error occurred applying transform of coremod coremods/field_to_method.js function biome
java.lang.IllegalStateException: Field f_47437_ is not private and an instance field
	at net.minecraftforge.coremod.api.ASMAPI.redirectFieldToMethod(ASMAPI.java:270) ~[coremods-5.1.6.jar%2354!/:?]
	at org.openjdk.nashorn.internal.scripts.Script$Recompilation$17$292A$\^eval\_.initializeCoreMod#transformer(<eval>:11) ~[?:?]
	at org.openjdk.nashorn.internal.runtime.ScriptFunctionData.invoke(ScriptFunctionData.java:648) ~[nashorn-core-15.3.jar%2366!/:?]
	at org.openjdk.nashorn.internal.runtime.ScriptFunction.invoke(ScriptFunction.java:513) ~[nashorn-core-15.3.jar%2366!/:?]
	at org.openjdk.nashorn.internal.runtime.ScriptRuntime.apply(ScriptRuntime.java:520) ~[nashorn-core-15.3.jar%2366!/:?]
	at org.openjdk.nashorn.api.scripting.ScriptObjectMirror.call(ScriptObjectMirror.java:111) ~[nashorn-core-15.3.jar%2366!/:?]
	at net.minecraftforge.coremod.NashornFactory.lambda$getFunction$0(NashornFactory.java:22) ~[coremods-5.1.6.jar%2354!/:5.1.6]
	at net.minecraftforge.coremod.transformer.CoreModClassTransformer.runCoremod(CoreModClassTransformer.java:22) ~[coremods-5.1.6.jar%2354!/:?]
	at net.minecraftforge.coremod.transformer.CoreModClassTransformer.runCoremod(CoreModClassTransformer.java:14) ~[coremods-5.1.6.jar%2354!/:?]
	at net.minecraftforge.coremod.transformer.CoreModBaseTransformer.transform(CoreModBaseTransformer.java:42) ~[coremods-5.1.6.jar%2354!/:?]
	at cpw.mods.modlauncher.TransformerHolder.transform(TransformerHolder.java:41) ~[modlauncher-10.0.9.jar%2355!/:?]
	at cpw.mods.modlauncher.ClassTransformer.performVote(ClassTransformer.java:179) ~[modlauncher-10.0.9.jar%2355!/:?]
	at cpw.mods.modlauncher.ClassTransformer.transform(ClassTransformer.java:117) ~[modlauncher-10.0.9.jar%2355!/:?]
	at cpw.mods.modlauncher.TransformingClassLoader.maybeTransformClassBytes(TransformingClassLoader.java:50) ~[modlauncher-10.0.9.jar%2355!/:?]
	at cpw.mods.cl.ModuleClassLoader.getMaybeTransformedClassBytes(ModuleClassLoader.java:250) ~[securejarhandler-2.1.10.jar:?]
	at cpw.mods.modlauncher.TransformingClassLoader.buildTransformedClassNodeFor(TransformingClassLoader.java:58) ~[modlauncher-10.0.9.jar%2355!/:?]
	at cpw.mods.modlauncher.LaunchPluginHandler.lambda$announceLaunch$10(LaunchPluginHandler.java:100) ~[modlauncher-10.0.9.jar%2355!/:?]
	at org.spongepowered.asm.launch.MixinLaunchPluginLegacy.getClassNode(MixinLaunchPluginLegacy.java:222) ~[mixin-0.8.5.jar%2365!/:0.8.5+Jenkins-b310.git-155314e6e91465dad727e621a569906a410cd6f4]
	at org.spongepowered.asm.launch.MixinLaunchPluginLegacy.getClassNode(MixinLaunchPluginLegacy.java:207) ~[mixin-0.8.5.jar%2365!/:0.8.5+Jenkins-b310.git-155314e6e91465dad727e621a569906a410cd6f4]
	at org.spongepowered.asm.mixin.transformer.ClassInfo.forName(ClassInfo.java:2005) ~[mixin-0.8.5.jar%2365!/:0.8.5+Jenkins-b310.git-155314e6e91465dad727e621a569906a410cd6f4]
	at org.spongepowered.asm.mixin.transformer.MixinInfo.getTargetClass(MixinInfo.java:1017) ~[mixin-0.8.5.jar%2365!/:0.8.5+Jenkins-b310.git-155314e6e91465dad727e621a569906a410cd6f4]
	at org.spongepowered.asm.mixin.transformer.MixinInfo.readTargetClasses(MixinInfo.java:1007) ~[mixin-0.8.5.jar%2365!/:0.8.5+Jenkins-b310.git-155314e6e91465dad727e621a569906a410cd6f4]
	at org.spongepowered.asm.mixin.transformer.MixinInfo.parseTargets(MixinInfo.java:895) ~[mixin-0.8.5.jar%2365!/:0.8.5+Jenkins-b310.git-155314e6e91465dad727e621a569906a410cd6f4]
	at org.spongepowered.asm.mixin.transformer.MixinConfig.prepareMixins(MixinConfig.java:867) ~[mixin-0.8.5.jar%2365!/:0.8.5+Jenkins-b310.git-155314e6e91465dad727e621a569906a410cd6f4]
	at org.spongepowered.asm.mixin.transformer.MixinConfig.prepare(MixinConfig.java:775) ~[mixin-0.8.5.jar%2365!/:0.8.5+Jenkins-b310.git-155314e6e91465dad727e621a569906a410cd6f4]
	at org.spongepowered.asm.mixin.transformer.MixinProcessor.prepareConfigs(MixinProcessor.java:539) ~[mixin-0.8.5.jar%2365!/:0.8.5+Jenkins-b310.git-155314e6e91465dad727e621a569906a410cd6f4]
	at org.spongepowered.asm.mixin.transformer.MixinProcessor.select(MixinProcessor.java:462) ~[mixin-0.8.5.jar%2365!/:0.8.5+Jenkins-b310.git-155314e6e91465dad727e621a569906a410cd6f4]
	at org.spongepowered.asm.mixin.transformer.MixinProcessor.checkSelect(MixinProcessor.java:438) ~[mixin-0.8.5.jar%2365!/:0.8.5+Jenkins-b310.git-155314e6e91465dad727e621a569906a410cd6f4]
	at org.spongepowered.asm.mixin.transformer.MixinProcessor.applyMixins(MixinProcessor.java:290) ~[mixin-0.8.5.jar%2365!/:0.8.5+Jenkins-b310.git-155314e6e91465dad727e621a569906a410cd6f4]
	at org.spongepowered.asm.mixin.transformer.MixinTransformer.transformClass(MixinTransformer.java:250) ~[mixin-0.8.5.jar%2365!/:0.8.5+Jenkins-b310.git-155314e6e91465dad727e621a569906a410cd6f4]
	at org.spongepowered.asm.service.modlauncher.MixinTransformationHandler.processClass(MixinTransformationHandler.java:131) ~[mixin-0.8.5.jar%2365!/:0.8.5+Jenkins-b310.git-155314e6e91465dad727e621a569906a410cd6f4]
	at org.spongepowered.asm.launch.MixinLaunchPluginLegacy.processClass(MixinLaunchPluginLegacy.java:131) ~[mixin-0.8.5.jar%2365!/:0.8.5+Jenkins-b310.git-155314e6e91465dad727e621a569906a410cd6f4]
	at cpw.mods.modlauncher.serviceapi.ILaunchPluginService.processClassWithFlags(ILaunchPluginService.java:156) ~[modlauncher-10.0.9.jar%2355!/:10.0.9+10.0.9+main.dcd20f30]
	at cpw.mods.modlauncher.LaunchPluginHandler.offerClassNodeToPlugins(LaunchPluginHandler.java:88) ~[modlauncher-10.0.9.jar%2355!/:?]
	at cpw.mods.modlauncher.ClassTransformer.transform(ClassTransformer.java:120) ~[modlauncher-10.0.9.jar%2355!/:?]
	at cpw.mods.modlauncher.TransformingClassLoader.maybeTransformClassBytes(TransformingClassLoader.java:50) ~[modlauncher-10.0.9.jar%2355!/:?]
	at cpw.mods.cl.ModuleClassLoader.readerToClass(ModuleClassLoader.java:113) ~[securejarhandler-2.1.10.jar:?]
	at cpw.mods.cl.ModuleClassLoader.lambda$findClass$15(ModuleClassLoader.java:219) ~[securejarhandler-2.1.10.jar:?]
	at cpw.mods.cl.ModuleClassLoader.loadFromModule(ModuleClassLoader.java:229) ~[securejarhandler-2.1.10.jar:?]
	at cpw.mods.cl.ModuleClassLoader.findClass(ModuleClassLoader.java:219) ~[securejarhandler-2.1.10.jar:?]
	at java.lang.ClassLoader.loadClass(ClassLoader.java:637) ~[?:?]
	at java.lang.Class.forName(Class.java:545) ~[?:?]
	at net.minecraftforge.fml.loading.ImmediateWindowHandler$DummyProvider.lambda$updateModuleReads$1(ImmediateWindowHandler.java:145) ~[fmlloader-1.20.1-47.3.7.jar%2369!/:1.0]
	at java.util.Optional.map(Optional.java:260) ~[?:?]
	at net.minecraftforge.fml.loading.ImmediateWindowHandler$DummyProvider.updateModuleReads(ImmediateWindowHandler.java:145) ~[fmlloader-1.20.1-47.3.7.jar%2369!/:1.0]
	at net.minecraftforge.fml.loading.ImmediateWindowHandler.acceptGameLayer(ImmediateWindowHandler.java:71) ~[fmlloader-1.20.1-47.3.7.jar%2369!/:1.0]
	at net.minecraftforge.fml.loading.FMLLoader.beforeStart(FMLLoader.java:207) ~[fmlloader-1.20.1-47.3.7.jar%2369!/:1.0]
	at net.minecraftforge.fml.loading.targets.CommonLaunchHandler.launchService(CommonLaunchHandler.java:92) ~[fmlloader-1.20.1-47.3.7.jar%2369!/:?]
	at cpw.mods.modlauncher.LaunchServiceHandlerDecorator.launch(LaunchServiceHandlerDecorator.java:30) ~[modlauncher-10.0.9.jar%2355!/:?]
	at cpw.mods.modlauncher.LaunchServiceHandler.launch(LaunchServiceHandler.java:53) ~[modlauncher-10.0.9.jar%2355!/:?]
	at cpw.mods.modlauncher.LaunchServiceHandler.launch(LaunchServiceHandler.java:71) ~[modlauncher-10.0.9.jar%2355!/:?]
	at cpw.mods.modlauncher.Launcher.run(Launcher.java:108) ~[modlauncher-10.0.9.jar%2355!/:?]
	at cpw.mods.modlauncher.Launcher.main(Launcher.java:78) ~[modlauncher-10.0.9.jar%2355!/:?]
	at cpw.mods.modlauncher.BootstrapLaunchConsumer.accept(BootstrapLaunchConsumer.java:26) ~[modlauncher-10.0.9.jar%2355!/:?]
	at cpw.mods.modlauncher.BootstrapLaunchConsumer.accept(BootstrapLaunchConsumer.java:23) ~[modlauncher-10.0.9.jar%2355!/:?]
	at cpw.mods.bootstraplauncher.BootstrapLauncher.main(BootstrapLauncher.java:141) ~[bootstraplauncher-1.1.2.jar:?]
[03May2025 19:30:34.074] [main/DEBUG] [mixin/]: Preparing starlight.mixins.json (13)
[03May2025 19:30:34.087] [main/DEBUG] [mixin/]: Preparing architectury.mixins.json (9)
[03May2025 19:30:34.092] [main/DEBUG] [mixin/]: Preparing architectury-common.mixins.json (10)
[03May2025 19:30:34.094] [main/DEBUG] [net.minecraftforge.coremod.transformer.CoreModBaseTransformer/COREMOD]: Transforming net/minecraft/world/item/BucketItem
[03May2025 19:30:34.103] [main/DEBUG] [net.minecraftforge.coremod.transformer.CoreModBaseTransformer/COREMOD]: Transforming net/minecraft/world/entity/EntityType
[03May2025 19:30:34.252] [main/DEBUG] [net.minecraftforge.coremod.transformer.CoreModBaseTransformer/COREMOD]: Transforming net/minecraft/world/level/block/LiquidBlock
[03May2025 19:30:34.261] [main/DEBUG] [mixin/]: Preparing ferritecore.predicates.mixin.json (3)
[03May2025 19:30:34.261] [main/DEBUG] [mixin/]: Preparing ferritecore.fastmap.mixin.json (1)
[03May2025 19:30:34.266] [main/DEBUG] [mixin/]: Preparing ferritecore.mrl.mixin.json (2)
[03May2025 19:30:34.266] [main/DEBUG] [mixin/]: Preparing ferritecore.dedupmultipart.mixin.json (2)
[03May2025 19:30:34.266] [main/DEBUG] [mixin/]: Preparing ferritecore.blockstatecache.mixin.json (8)
[03May2025 19:30:34.277] [main/DEBUG] [mixin/]: @Mixin target net/minecraft/world/level/block/state/BlockBehaviour$BlockStateBase$Cache is public in ferritecore.blockstatecache.mixin.json:BlockStateCacheMixin and should be specified in value
[03May2025 19:30:34.280] [main/DEBUG] [mixin/]: Preparing ferritecore.dedupbakedquad.mixin.json (2)
[03May2025 19:30:34.280] [main/DEBUG] [mixin/]: Preparing ferritecore.threaddetec.mixin.json (1)
[03May2025 19:30:34.282] [main/DEBUG] [mixin/]: Preparing ferritecore.modelsides.mixin.json (1)
[03May2025 19:30:34.283] [main/DEBUG] [mixin/]: Preparing superflatworldnoslimes_forge.mixins.json (0)
[03May2025 19:30:34.283] [main/DEBUG] [mixin/]: Preparing dismountentity_forge.mixins.json (0)
[03May2025 19:30:34.283] [main/DEBUG] [mixin/]: Preparing smoothboot.mixins.json (5)
[03May2025 19:30:34.288] [main/DEBUG] [mixin/]: Preparing memoryleakfix.mixins.json (7)
[03May2025 19:30:34.292] [main/DEBUG] [mixin/]: Preparing mixins.letmedespawn.json (1)
[03May2025 19:30:34.293] [main/DEBUG] [mixin/]: Preparing collective_forge.mixins.json (4)
[03May2025 19:30:34.296] [main/DEBUG] [mixin/]: Preparing clumps.mixins.json (2)
[03May2025 19:30:34.300] [main/DEBUG] [mixin/]: Preparing mixins.cobblemon-forge.json (1)
[03May2025 19:30:34.301] [main/DEBUG] [mixin/]: Preparing mixins.cobblemon-common.json (40)
[03May2025 19:30:34.318] [main/DEBUG] [net.minecraftforge.coremod.transformer.CoreModBaseTransformer/COREMOD]: Transforming net/minecraft/world/entity/npc/Villager
[03May2025 19:30:34.504] [main/DEBUG] [net.minecraftforge.coremod.transformer.CoreModBaseTransformer/COREMOD]: Transforming net/minecraft/world/effect/MobEffectInstance
[03May2025 19:30:34.511] [main/WARN] [mixin/]: Error loading class: juuxel/adorn/block/variant/BlockVariantSets (java.lang.ClassNotFoundException: juuxel.adorn.block.variant.BlockVariantSets)
[03May2025 19:30:34.512] [main/WARN] [mixin/]: @Mixin target juuxel.adorn.block.variant.BlockVariantSets was not found mixins.cobblemon-common.json:invoker.AdornRegisterInvoker
[03May2025 19:30:34.534] [main/DEBUG] [net.minecraftforge.coremod.transformer.CoreModBaseTransformer/COREMOD]: Transforming net/minecraft/world/level/block/StairBlock
[03May2025 19:30:34.544] [main/INFO] [memoryleakfix/]: [MemoryLeakFix] Will be applying 1 memory leak fixes!
[03May2025 19:30:34.545] [main/INFO] [memoryleakfix/]: [MemoryLeakFix] Currently enabled memory leak fixes: [biomeTemperatureLeak]
[03May2025 19:30:34.559] [main/DEBUG] [mixin/]: Inner class com/abdelaziz/canary/mixin/ai/poi/SectionStorageMixin$1 in com/abdelaziz/canary/mixin/ai/poi/SectionStorageMixin on net/minecraft/world/level/chunk/storage/SectionStorage gets unique name net/minecraft/world/level/chunk/storage/SectionStorage$Anonymous$d86e5919455c4a92a7e70114d22c766d
[03May2025 19:30:34.576] [main/DEBUG] [mixin/]: Inner class com/abdelaziz/canary/mixin/chunk/palette/PalettedContainerMixin$1 in com/abdelaziz/canary/mixin/chunk/palette/PalettedContainerMixin on net/minecraft/world/level/chunk/PalettedContainer$Strategy gets unique name net/minecraft/world/level/chunk/PalettedContainer$Strategy$Anonymous$c4a7526cc45745748cf8abf2c0fa17f3
[03May2025 19:30:34.576] [main/DEBUG] [mixin/]: Inner class com/abdelaziz/canary/mixin/chunk/palette/PalettedContainerMixin$2 in com/abdelaziz/canary/mixin/chunk/palette/PalettedContainerMixin on net/minecraft/world/level/chunk/PalettedContainer$Strategy gets unique name net/minecraft/world/level/chunk/PalettedContainer$Strategy$Anonymous$905b318bf0e844fb9286ed1b4615d418
[03May2025 19:30:34.631] [main/DEBUG] [mixin/]: Prepared 229 mixins in 1.789 sec (7.8ms avg) (0ms load, 0ms transform, 0ms plugin)
[03May2025 19:30:34.634] [main/INFO] [MixinExtras|Service/]: Initializing MixinExtras via ca.fxco.memoryleakfix.mixinextras.service.MixinExtrasServiceImpl(version=0.3.2).
[03May2025 19:30:34.636] [main/DEBUG] [mixin/]: Registering new injector for @SugarWrapper with ca.fxco.memoryleakfix.mixinextras.sugar.impl.SugarWrapperInjectionInfo
[03May2025 19:30:34.637] [main/DEBUG] [mixin/]: Registering new injector for @FactoryRedirectWrapper with ca.fxco.memoryleakfix.mixinextras.wrapper.factory.FactoryRedirectWrapperInjectionInfo
[03May2025 19:30:34.641] [main/DEBUG] [mixin/]: Mixing server.MainMixin from smoothboot.mixins.json into net.minecraft.server.Main
[03May2025 19:30:34.724] [main/DEBUG] [Smooth Boot (Reloaded)/]: Config path: /workspaces/server1/servidor_minecraft/config/smoothboot.json
[03May2025 19:30:34.726] [main/DEBUG] [mixin/]: Mixing math.sine_lut.MthMixin from canary.mixins.json into net.minecraft.util.Mth
[03May2025 19:30:34.734] [main/DEBUG] [mixin/]: Mixing UtilMixin from smoothboot.mixins.json into net.minecraft.Util
[03May2025 19:30:34.734] [main/DEBUG] [mixin/]: Renaming synthetic method lambda$replaceIoWorker$1(Ljava/lang/Runnable;)Ljava/lang/Thread; to md527934$lambda$replaceIoWorker$1$0 in smoothboot.mixins.json:UtilMixin
[03May2025 19:30:34.735] [main/DEBUG] [mixin/]: Renaming synthetic method lambda$replaceWorker$0(Ljava/lang/String;Ljava/util/concurrent/ForkJoinPool;)Ljava/util/concurrent/ForkJoinWorkerThread; to md527934$lambda$replaceWorker$0$1 in smoothboot.mixins.json:UtilMixin
[03May2025 19:30:34.799] [main/DEBUG] [Smooth Boot (Reloaded)/]: New config file created
[03May2025 19:30:34.800] [main/INFO] [Smooth Boot (Reloaded)/]: Smooth Boot (Reloaded) config initialized
[03May2025 19:30:34.800] [main/DEBUG] [Smooth Boot (Reloaded)/]: Initialized server game thread
[03May2025 19:30:34.805] [main/DEBUG] [io.netty.util.internal.logging.InternalLoggerFactory/]: Using SLF4J as the default logging framework
[03May2025 19:30:34.807] [main/DEBUG] [io.netty.util.ResourceLeakDetector/]: -Dio.netty.leakDetection.level: simple
[03May2025 19:30:34.807] [main/DEBUG] [io.netty.util.ResourceLeakDetector/]: -Dio.netty.leakDetection.targetRecords: 4
[03May2025 19:30:34.915] [main/DEBUG] [mixin/]: Mixing CrashReportMixin from mixins.cobblemon-common.json into net.minecraft.CrashReport
[03May2025 19:30:34.975] [main/DEBUG] [oshi.util.FileUtil/]: No oshi.properties file found from ClassLoader cpw.mods.modlauncher.TransformingClassLoader@244418a
[03May2025 19:30:34.978] [main/DEBUG] [oshi.util.FileUtil/]: No oshi.properties file found from ClassLoader jdk.internal.loader.ClassLoaders$AppClassLoader@76ed5528
[03May2025 19:30:35.047] [main/DEBUG] [oshi.util.FileUtil/]: Reading file /proc/self/auxv
[03May2025 19:30:35.051] [main/DEBUG] [oshi.util.FileUtil/]: Reading file /proc/self/auxv
[03May2025 19:30:35.057] [main/DEBUG] [oshi.util.FileUtil/]: Reading file /proc/stat
[03May2025 19:30:35.071] [main/DEBUG] [oshi.util.FileUtil/]: Reading file /sys/devices/system/cpu/cpu0/topology/core_id
[03May2025 19:30:35.071] [main/DEBUG] [oshi.util.FileUtil/]: Reading file /sys/devices/system/cpu/cpu0/topology/core_id
[03May2025 19:30:35.071] [main/DEBUG] [oshi.util.FileUtil/]: Reading file /sys/devices/system/cpu/cpu0/topology/physical_package_id
[03May2025 19:30:35.074] [main/DEBUG] [oshi.util.FileUtil/]: Reading file /sys/devices/system/cpu/cpu0/topology/physical_package_id
[03May2025 19:30:35.074] [main/DEBUG] [oshi.util.FileUtil/]: Reading file /sys/devices/system/cpu/cpu0/cpu_capacity
[03May2025 19:30:35.082] [main/DEBUG] [oshi.util.FileUtil/]: Reading file /sys/devices/system/cpu/cpu1/topology/core_id
[03May2025 19:30:35.082] [main/DEBUG] [oshi.util.FileUtil/]: Reading file /sys/devices/system/cpu/cpu1/topology/core_id
[03May2025 19:30:35.082] [main/DEBUG] [oshi.util.FileUtil/]: Reading file /sys/devices/system/cpu/cpu1/topology/physical_package_id
[03May2025 19:30:35.082] [main/DEBUG] [oshi.util.FileUtil/]: Reading file /sys/devices/system/cpu/cpu1/topology/physical_package_id
[03May2025 19:30:35.083] [main/DEBUG] [oshi.util.FileUtil/]: Reading file /sys/devices/system/cpu/cpu1/cpu_capacity
[03May2025 19:30:35.083] [main/DEBUG] [oshi.util.FileUtil/]: Reading file /sys/devices/system/cpu/cpu2/topology/core_id
[03May2025 19:30:35.084] [main/DEBUG] [oshi.util.FileUtil/]: Reading file /sys/devices/system/cpu/cpu2/topology/core_id
[03May2025 19:30:35.084] [main/DEBUG] [oshi.util.FileUtil/]: Reading file /sys/devices/system/cpu/cpu2/topology/physical_package_id
[03May2025 19:30:35.084] [main/DEBUG] [oshi.util.FileUtil/]: Reading file /sys/devices/system/cpu/cpu2/topology/physical_package_id
[03May2025 19:30:35.085] [main/DEBUG] [oshi.util.FileUtil/]: Reading file /sys/devices/system/cpu/cpu2/cpu_capacity
[03May2025 19:30:35.085] [main/DEBUG] [oshi.util.FileUtil/]: Reading file /sys/devices/system/cpu/cpu3/topology/core_id
[03May2025 19:30:35.086] [main/DEBUG] [oshi.util.FileUtil/]: Reading file /sys/devices/system/cpu/cpu3/topology/core_id
[03May2025 19:30:35.086] [main/DEBUG] [oshi.util.FileUtil/]: Reading file /sys/devices/system/cpu/cpu3/topology/physical_package_id
[03May2025 19:30:35.086] [main/DEBUG] [oshi.util.FileUtil/]: Reading file /sys/devices/system/cpu/cpu3/topology/physical_package_id
[03May2025 19:30:35.087] [main/DEBUG] [oshi.util.FileUtil/]: Reading file /sys/devices/system/cpu/cpu3/cpu_capacity
[03May2025 19:30:35.089] [main/DEBUG] [oshi.util.FileUtil/]: Reading file /proc/cpuinfo
[03May2025 19:30:35.104] [main/DEBUG] [oshi.util.FileUtil/]: Reading file /proc/self/auxv
[03May2025 19:30:35.111] [main/DEBUG] [oshi.util.FileUtil/]: No oshi.architecture.properties file found from ClassLoader cpw.mods.modlauncher.TransformingClassLoader@244418a
[03May2025 19:30:35.123] [main/DEBUG] [oshi.util.FileUtil/]: No oshi.architecture.properties file found from ClassLoader jdk.internal.loader.ClassLoaders$AppClassLoader@76ed5528
[03May2025 19:30:35.138] [main/DEBUG] [oshi.util.FileUtil/]: Reading file /proc/meminfo
[03May2025 19:30:35.140] [main/DEBUG] [oshi.util.FileUtil/]: Reading file /proc/meminfo
[03May2025 19:30:35.185] [main/DEBUG] [mixin/]: Mixing inject.MixinGameEvent from architectury-common.mixins.json into net.minecraft.world.level.gameevent.GameEvent
[03May2025 19:30:35.229] [main/DEBUG] [mixin/]: Mixing shapes.blockstate_cache.BlockMixin from canary.mixins.json into net.minecraft.world.level.block.Block
[03May2025 19:30:35.230] [main/DEBUG] [mixin/]: Renaming synthetic method lambda$static$0(Lnet/minecraft/world/phys/shapes/VoxelShape;)Z to md527934$lambda$static$0$0 in canary.mixins.json:shapes.blockstate_cache.BlockMixin
[03May2025 19:30:35.232] [main/DEBUG] [mixin/]: Mixing inject.MixinBlock from architectury-common.mixins.json into net.minecraft.world.level.block.Block
[03May2025 19:30:35.250] [main/DEBUG] [mixin/]: Mixing math.fast_blockpos.BlockPosMixin from canary.mixins.json into net.minecraft.core.BlockPos
[03May2025 19:30:35.286] [main/DEBUG] [mixin/]: Mixing ai.pathing.BlockStateBaseMixin from canary.mixins.json into net.minecraft.world.level.block.state.BlockBehaviour$BlockStateBase
[03May2025 19:30:35.297] [main/DEBUG] [mixin/]: Mixing common.blockstate.BlockStateBaseMixin from starlight.mixins.json into net.minecraft.world.level.block.state.BlockBehaviour$BlockStateBase
[03May2025 19:30:35.300] [main/DEBUG] [mixin/]: Mixing BlockStateBaseMixin from ferritecore.blockstatecache.mixin.json into net.minecraft.world.level.block.state.BlockBehaviour$BlockStateBase
[03May2025 19:30:35.329] [main/DEBUG] [mixin/]: Mixing FastMapStateHolderMixin from ferritecore.fastmap.mixin.json into net.minecraft.world.level.block.state.StateHolder
[03May2025 19:30:35.360] [main/DEBUG] [mixin/]: Mixing alloc.deep_passengers.EntityMixin from canary.mixins.json into net.minecraft.world.entity.Entity
[03May2025 19:30:35.378] [main/DEBUG] [mixin/]: Mixing collections.fluid_submersion.EntityMixin from canary.mixins.json into net.minecraft.world.entity.Entity
[03May2025 19:30:35.383] [main/DEBUG] [mixin/]: Mixing entity.collisions.movement.EntityMixin from canary.mixins.json into net.minecraft.world.entity.Entity
[03May2025 19:30:35.406] [main/DEBUG] [mixin/]: Mixing entity.collisions.suffocation.EntityMixin from canary.mixins.json into net.minecraft.world.entity.Entity
[03May2025 19:30:35.417] [main/DEBUG] [mixin/]: Mixing entity.collisions.unpushable_cramming.EntityMixin from canary.mixins.json into net.minecraft.world.entity.Entity
[03May2025 19:30:35.419] [main/DEBUG] [mixin/]: Mixing entity.skip_fire_check.EntityMixin from canary.mixins.json into net.minecraft.world.entity.Entity
[03May2025 19:30:35.428] [main/DEBUG] [mixin/]: Mixing accessor.AccessorEntity from mixins.cobblemon-common.json into net.minecraft.world.entity.Entity
[03May2025 19:30:35.561] [main/DEBUG] [mixin/]: Mixing alloc.enum_values.living_entity.LivingEntityMixin from canary.mixins.json into net.minecraft.world.entity.LivingEntity
[03May2025 19:30:35.562] [main/DEBUG] [mixin/]: Mixing entity.collisions.unpushable_cramming.LivingEntityMixin from canary.mixins.json into net.minecraft.world.entity.LivingEntity
[03May2025 19:30:35.569] [main/DEBUG] [mixin/]: Mixing entity.fast_elytra_check.LivingEntityMixin from canary.mixins.json into net.minecraft.world.entity.LivingEntity
[03May2025 19:30:35.570] [main/DEBUG] [mixin/]: Mixing entity.fast_hand_swing.LivingEntityMixin from canary.mixins.json into net.minecraft.world.entity.LivingEntity
[03May2025 19:30:35.571] [main/DEBUG] [mixin/]: Mixing entity.fast_powder_snow_check.LivingEntityMixin from canary.mixins.json into net.minecraft.world.entity.LivingEntity
[03May2025 19:30:35.573] [main/DEBUG] [mixin/]: Mixing entity.skip_equipment_change_check.LivingEntityMixin from canary.mixins.json into net.minecraft.world.entity.LivingEntity
[03May2025 19:30:35.573] [main/DEBUG] [mixin/]: Renaming synthetic method lambda$static$0(Lnet/minecraft/world/item/ItemStack;)Z to md527934$lambda$static$0$0 in canary.mixins.json:entity.skip_equipment_change_check.LivingEntityMixin
[03May2025 19:30:35.587] [main/DEBUG] [mixin/]: Mixing LivingEntityMixin from mixins.cobblemon-common.json into net.minecraft.world.entity.LivingEntity
[03May2025 19:30:35.673] [main/DEBUG] [mixin/]: Mixing alloc.chunk_random.LevelMixin from canary.mixins.json into net.minecraft.world.level.Level
[03May2025 19:30:35.676] [main/DEBUG] [mixin/]: Mixing entity.collisions.intersection.LevelMixin from canary.mixins.json into net.minecraft.world.level.Level
[03May2025 19:30:35.679] [main/DEBUG] [mixin/]: Mixing util.block_entity_retrieval.LevelMixin from canary.mixins.json into net.minecraft.world.level.Level
[03May2025 19:30:35.686] [main/DEBUG] [mixin/]: Mixing world.block_entity_ticking.sleeping.LevelMixin from canary.mixins.json into net.minecraft.world.level.Level
[03May2025 19:30:35.688] [main/DEBUG] [mixin/]: Mixing world.chunk_access.LevelMixin from canary.mixins.json into net.minecraft.world.level.Level
[03May2025 19:30:35.691] [main/DEBUG] [mixin/]: Mixing world.inline_block_access.LevelMixin from canary.mixins.json into net.minecraft.world.level.Level
[03May2025 19:30:35.696] [main/DEBUG] [mixin/]: Mixing world.inline_height.LevelMixin from canary.mixins.json into net.minecraft.world.level.Level
[03May2025 19:30:35.703] [main/DEBUG] [mixin/]: Mixing common.world.LevelMixin from starlight.mixins.json into net.minecraft.world.level.Level
[03May2025 19:30:35.741] [main/DEBUG] [mixin/]: Mixing util.chunk_access.LevelReaderMixin from canary.mixins.json into net.minecraft.world.level.LevelReader
[03May2025 19:30:35.756] [main/DEBUG] [mixin/]: Mixing alloc.chunk_random.ServerLevelMixin from canary.mixins.json into net.minecraft.server.level.ServerLevel
[03May2025 19:30:35.761] [main/DEBUG] [mixin/]: Mixing chunk.replace_streams.ServerLevelMixin from canary.mixins.json into net.minecraft.server.level.ServerLevel
[03May2025 19:30:35.768] [main/DEBUG] [mixin/]: Mixing entity.inactive_navigations.ServerLevelMixin from canary.mixins.json into net.minecraft.server.level.ServerLevel
[03May2025 19:30:35.778] [main/DEBUG] [mixin/]: Mixing profiler.ServerLevelMixin from canary.mixins.json into net.minecraft.server.level.ServerLevel
[03May2025 19:30:35.785] [main/DEBUG] [mixin/]: Mixing util.accessors.ServerLevelAccessor from canary.mixins.json into net.minecraft.server.level.ServerLevel
[03May2025 19:30:35.786] [main/DEBUG] [mixin/]: Mixing world.block_entity_ticking.sleeping.ServerLevelMixin from canary.mixins.json into net.minecraft.server.level.ServerLevel
[03May2025 19:30:35.789] [main/DEBUG] [mixin/]: Mixing common.world.ServerWorldMixin from starlight.mixins.json into net.minecraft.server.level.ServerLevel
[03May2025 19:30:35.803] [main/DEBUG] [mixin/]: Mixing MinecraftDedicatedServerMixin from mixins.cobblemon-common.json into net.minecraft.server.level.ServerLevel
[03May2025 19:30:35.870] [main/DEBUG] [mixin/]: Mixing PlayerMixin from mixins.cobblemon-common.json into net.minecraft.world.entity.player.Player
[03May2025 19:30:35.872] [main/DEBUG] [mixin/]: Renaming synthetic method lambda$onEatFood$1(Lnet/minecraft/server/level/ServerPlayer;Lcom/cobblemon/mod/common/api/events/item/LeftoversCreatedEvent;)Lkotlin/Unit; to md527934$lambda$onEatFood$1$0 in mixins.cobblemon-common.json:PlayerMixin
[03May2025 19:30:35.873] [main/DEBUG] [mixin/]: Renaming synthetic method lambda$onEatFood$0(Lcom/cobblemon/mod/common/api/events/item/LeftoversCreatedEvent;)Lkotlin/Unit; to md527934$lambda$onEatFood$0$1 in mixins.cobblemon-common.json:PlayerMixin
[03May2025 19:30:35.996] [main/DEBUG] [mixin/]: Mixing inject.MixinFluid from architectury-common.mixins.json into net.minecraft.world.level.material.Fluid
[03May2025 19:30:36.003] [main/DEBUG] [mixin/]: Mixing inject.MixinItem from architectury-common.mixins.json into net.minecraft.world.item.Item
[03May2025 19:30:36.022] [main/DEBUG] [net.minecraftforge.coremod.transformer.CoreModBaseTransformer/COREMOD]: Transforming net/minecraft/world/entity/EntityType
[03May2025 19:30:36.073] [main/DEBUG] [mixin/]: Mixing inject.MixinEntityType from architectury-common.mixins.json into net.minecraft.world.entity.EntityType
[03May2025 19:30:36.105] [main/DEBUG] [mixin/]: Mixing ai.poi.PoiTypesMixin from canary.mixins.json into net.minecraft.world.entity.ai.village.poi.PoiTypes
[03May2025 19:30:36.202] [main/DEBUG] [mixin/]: Mixing DecoratedPotPatternsMixin from mixins.cobblemon-common.json into net.minecraft.world.level.block.entity.DecoratedPotPatterns
[03May2025 19:30:36.221] [main/DEBUG] [mixin/]: Mixing invoker.FireBlockInvoker from mixins.cobblemon-common.json into net.minecraft.world.level.block.FireBlock
[03May2025 19:30:36.227] [main/DEBUG] [mixin/]: Mixing math.fast_blockpos.DirectionMixin from canary.mixins.json into net.minecraft.core.Direction
[03May2025 19:30:36.230] [main/DEBUG] [mixin/]: Mixing math.fast_util.DirectionMixin from canary.mixins.json into net.minecraft.core.Direction
[03May2025 19:30:36.257] [main/DEBUG] [mixin/]: Mixing block.moving_block_shapes.VoxelShapeMixin from canary.mixins.json into net.minecraft.world.phys.shapes.VoxelShape
[03May2025 19:30:36.262] [main/DEBUG] [mixin/]: Mixing shapes.specialized_shapes.VoxelShapeMixin from canary.mixins.json into net.minecraft.world.phys.shapes.VoxelShape
[03May2025 19:30:36.282] [main/DEBUG] [mixin/]: Mixing VoxelShapeAccess from ferritecore.blockstatecache.mixin.json into net.minecraft.world.phys.shapes.VoxelShape
[03May2025 19:30:36.313] [main/DEBUG] [mixin/]: Mixing shapes.optimized_matching.ShapesMixin from canary.mixins.json into net.minecraft.world.phys.shapes.Shapes
[03May2025 19:30:36.315] [main/DEBUG] [mixin/]: Mixing shapes.shape_merging.ShapesMixin from canary.mixins.json into net.minecraft.world.phys.shapes.Shapes
[03May2025 19:30:36.317] [main/DEBUG] [mixin/]: Mixing shapes.specialized_shapes.ShapesMixin from canary.mixins.json into net.minecraft.world.phys.shapes.Shapes
[03May2025 19:30:36.339] [main/DEBUG] [mixin/]: Mixing DiscreteVSAccess from ferritecore.blockstatecache.mixin.json into net.minecraft.world.phys.shapes.DiscreteVoxelShape
[03May2025 19:30:36.342] [main/DEBUG] [mixin/]: Mixing BitSetDVSAccess from ferritecore.blockstatecache.mixin.json into net.minecraft.world.phys.shapes.BitSetDiscreteVoxelShape
[03May2025 19:30:36.345] [main/DEBUG] [mixin/]: Mixing ArrayVSAccess from ferritecore.blockstatecache.mixin.json into net.minecraft.world.phys.shapes.ArrayVoxelShape
[03May2025 19:30:36.348] [main/DEBUG] [mixin/]: Mixing shapes.precompute_shape_arrays.CubeVoxelShapeMixin from canary.mixins.json into net.minecraft.world.phys.shapes.CubeVoxelShape
[03May2025 19:30:36.357] [main/DEBUG] [mixin/]: Mixing SliceShapeAccess from ferritecore.blockstatecache.mixin.json into net.minecraft.world.phys.shapes.SliceShape
[03May2025 19:30:36.361] [main/DEBUG] [mixin/]: Mixing shapes.precompute_shape_arrays.CubePointRangeMixin from canary.mixins.json into net.minecraft.world.phys.shapes.CubePointRange
[03May2025 19:30:36.518] [main/DEBUG] [mixin/]: Mixing invoker.BlocksInvoker from mixins.cobblemon-common.json into net.minecraft.world.level.block.Blocks
[03May2025 19:30:36.519] [main/DEBUG] [mixin/]: Renaming @Invoker method createLogBlock(Lnet/minecraft/world/level/material/MapColor;Lnet/minecraft/world/level/material/MapColor;)Lnet/minecraft/world/level/block/RotatedPillarBlock; to createLogBlock_$md$527934$0 in mixins.cobblemon-common.json:invoker.BlocksInvoker
[03May2025 19:30:36.519] [main/DEBUG] [mixin/]: Renaming @Invoker method createLeavesBlock(Lnet/minecraft/world/level/block/SoundType;)Lnet/minecraft/world/level/block/LeavesBlock; to createLeavesBlock_$md$527934$1 in mixins.cobblemon-common.json:invoker.BlocksInvoker
[03May2025 19:30:36.519] [main/DEBUG] [mixin/]: Renaming @Invoker method createWoodenButtonBlock(Lnet/minecraft/world/level/block/state/properties/BlockSetType;[Lnet/minecraft/world/flag/FeatureFlag;)Lnet/minecraft/world/level/block/ButtonBlock; to createWoodenButtonBlock_$md$527934$2 in mixins.cobblemon-common.json:invoker.BlocksInvoker
[03May2025 19:30:36.519] [main/DEBUG] [mixin/]: Renaming @Invoker method createFlowerPotBlock(Lnet/minecraft/world/level/block/Block;[Lnet/minecraft/world/flag/FeatureFlag;)Lnet/minecraft/world/level/block/FlowerPotBlock; to createFlowerPotBlock_$md$527934$3 in mixins.cobblemon-common.json:invoker.BlocksInvoker
[03May2025 19:30:36.556] [main/DEBUG] [net.minecraftforge.coremod.transformer.CoreModBaseTransformer/COREMOD]: Transforming net/minecraft/world/level/block/LiquidBlock
[03May2025 19:30:36.556] [main/DEBUG] [mixin/]: Mixing inject.MixinLiquidBlock from architectury-common.mixins.json into net.minecraft.world.level.block.LiquidBlock
[03May2025 19:30:36.577] [main/DEBUG] [mixin/]: Mixing alloc.enum_values.piston_block.PistonBaseBlockMixin from canary.mixins.json into net.minecraft.world.level.block.piston.PistonBaseBlock
[03May2025 19:30:36.599] [main/DEBUG] [net.minecraftforge.coremod.transformer.CoreModBaseTransformer/COREMOD]: Transforming net/minecraft/world/level/block/StairBlock
[03May2025 19:30:36.599] [main/DEBUG] [mixin/]: Mixing invoker.StairsBlockInvoker from mixins.cobblemon-common.json into net.minecraft.world.level.block.StairBlock
[03May2025 19:30:36.600] [main/DEBUG] [mixin/]: Renaming @Invoker method cobblemon$create(Lnet/minecraft/world/level/block/state/BlockState;Lnet/minecraft/world/level/block/state/BlockBehaviour$Properties;)Lnet/minecraft/world/level/block/StairBlock; to cobblemon$create_$md$527934$0 in mixins.cobblemon-common.json:invoker.StairsBlockInvoker
[03May2025 19:30:36.606] [main/DEBUG] [mixin/]: Mixing alloc.enum_values.redstone_wire.RedStoneWireBlockMixin from canary.mixins.json into net.minecraft.world.level.block.RedStoneWireBlock
[03May2025 19:30:36.607] [main/DEBUG] [mixin/]: Mixing block.redstone_wire.RedStoneWireBlockMixin from canary.mixins.json into net.minecraft.world.level.block.RedStoneWireBlock
[03May2025 19:30:36.652] [main/DEBUG] [mixin/]: Mixing invoker.DoorBlockInvoker from mixins.cobblemon-common.json into net.minecraft.world.level.block.DoorBlock
[03May2025 19:30:36.652] [main/DEBUG] [mixin/]: Renaming @Invoker method cobblemon$create(Lnet/minecraft/world/level/block/state/BlockBehaviour$Properties;Lnet/minecraft/world/level/block/state/properties/BlockSetType;)Lnet/minecraft/world/level/block/DoorBlock; to cobblemon$create_$md$527934$0 in mixins.cobblemon-common.json:invoker.DoorBlockInvoker
[03May2025 19:30:36.662] [main/DEBUG] [mixin/]: Mixing invoker.PressurePlateBlockInvoker from mixins.cobblemon-common.json into net.minecraft.world.level.block.PressurePlateBlock
[03May2025 19:30:36.667] [main/DEBUG] [mixin/]: Renaming @Invoker method cobblemon$create(Lnet/minecraft/world/level/block/PressurePlateBlock$Sensitivity;Lnet/minecraft/world/level/block/state/BlockBehaviour$Properties;Lnet/minecraft/world/level/block/state/properties/BlockSetType;)Lnet/minecraft/world/level/block/PressurePlateBlock; to cobblemon$create_$md$527934$0 in mixins.cobblemon-common.json:invoker.PressurePlateBlockInvoker
[03May2025 19:30:36.692] [main/DEBUG] [mixin/]: Mixing invoker.TrapdoorBlockInvoker from mixins.cobblemon-common.json into net.minecraft.world.level.block.TrapDoorBlock
[03May2025 19:30:36.692] [main/DEBUG] [mixin/]: Renaming @Invoker method cobblemon$create(Lnet/minecraft/world/level/block/state/BlockBehaviour$Properties;Lnet/minecraft/world/level/block/state/properties/BlockSetType;)Lnet/minecraft/world/level/block/TrapDoorBlock; to cobblemon$create_$md$527934$0 in mixins.cobblemon-common.json:invoker.TrapdoorBlockInvoker
[03May2025 19:30:36.720] [main/DEBUG] [net.minecraftforge.coremod.transformer.CoreModBaseTransformer/COREMOD]: Transforming net/minecraft/world/level/block/FlowerPotBlock
[03May2025 19:30:36.739] [main/DEBUG] [mixin/]: Mixing util.inventory_comparator_tracking.ComparatorBlockMixin from canary.mixins.json into net.minecraft.world.level.block.ComparatorBlock
[03May2025 19:30:36.825] [main/DEBUG] [mixin/]: Mixing PointedDripstoneBlockMixin from mixins.cobblemon-common.json into net.minecraft.world.level.block.PointedDripstoneBlock
[03May2025 19:30:36.883] [main/DEBUG] [mixin/]: Mixing block.flatten_states.FluidStateMixin from canary.mixins.json into net.minecraft.world.level.material.FluidState
[03May2025 19:30:36.962] [main/DEBUG] [mixin/]: Mixing util.inventory_change_listening.BlockEntityMixin from canary.mixins.json into net.minecraft.world.level.block.entity.BlockEntity
[03May2025 19:30:36.963] [main/DEBUG] [mixin/]: Mixing util.inventory_comparator_tracking.BlockEntityMixin from canary.mixins.json into net.minecraft.world.level.block.entity.BlockEntity
[03May2025 19:30:36.973] [main/DEBUG] [mixin/]: Mixing MixinFallingBlockEntity from architectury.mixins.json into net.minecraft.world.entity.item.FallingBlockEntity
[03May2025 19:30:37.022] [main/DEBUG] [mixin/]: Mixing util.inventory_change_listening.StackListReplacementTracking$InventoryChangeTrackingDispenserBlockEntity from canary.mixins.json into net.minecraft.world.level.block.entity.DispenserBlockEntity
[03May2025 19:30:37.026] [main/DEBUG] [mixin/]: Mixing util.inventory_change_listening.RandomizableContainerBlockEntityMixin from canary.mixins.json into net.minecraft.world.level.block.entity.RandomizableContainerBlockEntity
[03May2025 19:30:37.034] [main/DEBUG] [mixin/]: Mixing util.inventory_change_listening.StackListReplacementTracking$StackListReplacementTrackingBaseContainerBlockEntity from canary.mixins.json into net.minecraft.world.level.block.entity.BaseContainerBlockEntity
[03May2025 19:30:37.059] [main/DEBUG] [mixin/]: Mixing math.fast_util.AxisCycleDirectionMixin$ForwardMixin from canary.mixins.json into net.minecraft.core.AxisCycle$2
[03May2025 19:30:37.060] [main/DEBUG] [mixin/]: Mixing math.fast_util.AxisCycleDirectionMixin$BackwardMixin from canary.mixins.json into net.minecraft.core.AxisCycle$3
[03May2025 19:30:37.090] [main/DEBUG] [mixin/]: Mixing block.moving_block_shapes.PistonMovingBlockEntityMixin from canary.mixins.json into net.minecraft.world.level.block.piston.PistonMovingBlockEntity
[03May2025 19:30:37.262] [main/DEBUG] [mixin/]: Mixing util.inventory_change_listening.ChestBlockEntityMixin from canary.mixins.json into net.minecraft.world.level.block.entity.ChestBlockEntity
[03May2025 19:30:37.262] [main/DEBUG] [mixin/]: Mixing util.inventory_change_listening.StackListReplacementTracking$InventoryChangeTrackingChestBlockEntity from canary.mixins.json into net.minecraft.world.level.block.entity.ChestBlockEntity
[03May2025 19:30:37.301] [main/DEBUG] [mixin/]: Mixing world.block_entity_ticking.sleeping.furnace.AbstractFurnaceBlockEntityMixin from canary.mixins.json into net.minecraft.world.level.block.entity.AbstractFurnaceBlockEntity
[03May2025 19:30:37.337] [main/DEBUG] [mixin/]: Mixing math.fast_util.AABBMixin from canary.mixins.json into net.minecraft.world.phys.AABB
[03May2025 19:30:37.362] [main/DEBUG] [mixin/]: Mixing entity.inactive_navigations.MobMixin from canary.mixins.json into net.minecraft.world.entity.Mob
[03May2025 19:30:37.363] [main/DEBUG] [mixin/]: Mixing entity.skip_equipment_change_check.MobMixin from canary.mixins.json into net.minecraft.world.entity.Mob
[03May2025 19:30:37.363] [main/DEBUG] [mixin/]: Mixing MobMixin from mixins.letmedespawn.json into net.minecraft.world.entity.Mob
[03May2025 19:30:37.428] [main/DEBUG] [mixin/]: Mixing world.block_entity_ticking.sleeping.brewing_stand.BrewingStandBlockEntityMixin from canary.mixins.json into net.minecraft.world.level.block.entity.BrewingStandBlockEntity
[03May2025 19:30:37.437] [main/DEBUG] [net.minecraftforge.coremod.transformer.CoreModBaseTransformer/COREMOD]: Transforming net/minecraft/world/item/ItemStack
[03May2025 19:30:37.437] [main/DEBUG] [mixin/]: Mixing util.item_stack_tracking.ItemStackMixin from canary.mixins.json into net.minecraft.world.item.ItemStack
[03May2025 19:30:37.501] [main/DEBUG] [mixin/]: Mixing entity.hopper_minecart.HopperBlockEntityMixin from canary.mixins.json into net.minecraft.world.level.block.entity.HopperBlockEntity
[03May2025 19:30:37.503] [main/DEBUG] [mixin/]: Mixing util.inventory_change_listening.StackListReplacementTracking$InventoryChangeTrackingHopperBlockEntity from canary.mixins.json into net.minecraft.world.level.block.entity.HopperBlockEntity
[03May2025 19:30:37.503] [main/DEBUG] [mixin/]: Mixing world.block_entity_ticking.sleeping.hopper.HopperBlockEntityMixin from canary.mixins.json into net.minecraft.world.level.block.entity.HopperBlockEntity
[03May2025 19:30:37.588] [main/DEBUG] [mixin/]: Mixing util.inventory_change_listening.StackListReplacementTracking$InventoryChangeTrackingShulkerBoxBlockEntity from canary.mixins.json into net.minecraft.world.level.block.entity.ShulkerBoxBlockEntity
[03May2025 19:30:37.589] [main/DEBUG] [mixin/]: Mixing world.block_entity_ticking.sleeping.shulker_box.ShulkerBoxBlockEntityMixin from canary.mixins.json into net.minecraft.world.level.block.entity.ShulkerBoxBlockEntity
[03May2025 19:30:37.734] [main/DEBUG] [mixin/]: Mixing util.inventory_change_listening.StackListReplacementTracking$InventoryChangeTrackingBarrelBlockEntity from canary.mixins.json into net.minecraft.world.level.block.entity.BarrelBlockEntity
[03May2025 19:30:37.745] [main/DEBUG] [mixin/]: Mixing world.block_entity_ticking.sleeping.campfire.CampfireBlockEntityMixin from canary.mixins.json into net.minecraft.world.level.block.entity.CampfireBlockEntity
[03May2025 19:30:37.824] [main/DEBUG] [mixin/]: Mixing MixinLightningBolt from architectury-common.mixins.json into net.minecraft.world.entity.LightningBolt
[03May2025 19:30:37.866] [main/DEBUG] [net.minecraftforge.coremod.transformer.CoreModBaseTransformer/COREMOD]: Transforming net/minecraft/world/entity/animal/frog/Tadpole
[03May2025 19:30:37.908] [main/DEBUG] [net.minecraftforge.coremod.transformer.CoreModBaseTransformer/COREMOD]: Transforming net/minecraft/world/item/BucketItem
[03May2025 19:30:37.908] [main/DEBUG] [mixin/]: Mixing inject.MixinBucketItem from architectury-common.mixins.json into net.minecraft.world.item.BucketItem
[03May2025 19:30:37.916] [main/DEBUG] [mixin/]: Mixing BoneMealItemMixin from collective_forge.mixins.json into net.minecraft.world.item.BoneMealItem
[03May2025 19:30:37.945] [main/DEBUG] [mixin/]: Mixing inject.MixinItemProperties from architectury-common.mixins.json into net.minecraft.world.item.Item$Properties
[03May2025 19:30:37.978] [main/DEBUG] [mixin/]: Mixing entity.collisions.unpushable_cramming.AbstractMinecartMixin from canary.mixins.json into net.minecraft.world.entity.vehicle.AbstractMinecart
[03May2025 19:30:37.979] [main/DEBUG] [mixin/]: Mixing entity.replace_entitytype_predicates.AbstractMinecartMixin from canary.mixins.json into net.minecraft.world.entity.vehicle.AbstractMinecart
[03May2025 19:30:37.979] [main/DEBUG] [mixin/]: Renaming synthetic method lambda$getOtherAbstractMinecarts$0(Lnet/minecraft/world/entity/Entity;Lnet/minecraft/world/entity/vehicle/AbstractMinecart;)Z to md527934$lambda$getOtherAbstractMinecarts$0$0 in canary.mixins.json:entity.replace_entitytype_predicates.AbstractMinecartMixin
[03May2025 19:30:38.006] [main/DEBUG] [mixin/]: Mixing entity.inactive_navigations.PathNavigationMixin from canary.mixins.json into net.minecraft.world.entity.ai.navigation.PathNavigation
[03May2025 19:30:38.012] [main/DEBUG] [mixin/]: Mixing entity.replace_entitytype_predicates.HangingEntityMixin from canary.mixins.json into net.minecraft.world.entity.decoration.HangingEntity
[03May2025 19:30:38.013] [main/DEBUG] [mixin/]: Renaming synthetic method lambda$getAbstractDecorationEntities$0(Lnet/minecraft/world/entity/Entity;Lnet/minecraft/world/entity/decoration/HangingEntity;)Z to md527934$lambda$getAbstractDecorationEntities$0$0 in canary.mixins.json:entity.replace_entitytype_predicates.HangingEntityMixin
[03May2025 19:30:38.260] [main/DEBUG] [mixin/]: Mixing alloc.nbt.CompoundTagMixin from canary.mixins.json into net.minecraft.nbt.CompoundTag
[03May2025 19:30:38.270] [main/DEBUG] [mixin/]: Mixing alloc.nbt.CompoundTagMixin$Type from canary.mixins.json into net.minecraft.nbt.CompoundTag$1
[03May2025 19:30:38.646] [main/DEBUG] [mixin/]: Mixing entity.replace_entitytype_predicates.ArmorStandMixin from canary.mixins.json into net.minecraft.world.entity.decoration.ArmorStand
[03May2025 19:30:38.647] [main/DEBUG] [mixin/]: Renaming synthetic method lambda$getMinecartsDirectly$0(Lnet/minecraft/world/entity/Entity;Lnet/minecraft/world/entity/Entity;)Z to md527934$lambda$getMinecartsDirectly$0$0 in canary.mixins.json:entity.replace_entitytype_predicates.ArmorStandMixin
[03May2025 19:30:38.647] [main/DEBUG] [mixin/]: Mixing entity.skip_equipment_change_check.ArmorStandMixin from canary.mixins.json into net.minecraft.world.entity.decoration.ArmorStand
[03May2025 19:30:38.661] [main/DEBUG] [mixin/]: Mixing ExperienceOrbAccess from clumps.mixins.json into net.minecraft.world.entity.ExperienceOrb
[03May2025 19:30:38.662] [main/DEBUG] [mixin/]: Mixing MixinExperienceOrb from clumps.mixins.json into net.minecraft.world.entity.ExperienceOrb
[03May2025 19:30:38.663] [main/DEBUG] [mixin/]: Renaming synthetic method lambda$clumps$resolve$7(Ljava/util/Map$Entry;)Ljava/lang/Integer; to md527934$lambda$clumps$resolve$7$0 in clumps.mixins.json:MixinExperienceOrb
[03May2025 19:30:38.664] [main/DEBUG] [mixin/]: Renaming synthetic method lambda$addAdditionalSaveData$6(Lnet/minecraft/nbt/CompoundTag;Ljava/lang/Integer;Ljava/lang/Integer;)V to md527934$lambda$addAdditionalSaveData$6$1 in clumps.mixins.json:MixinExperienceOrb
[03May2025 19:30:38.664] [main/DEBUG] [mixin/]: Renaming synthetic method lambda$tryMergeToExisting$5(Ljava/util/Map;)Ljava/util/stream/Stream; to md527934$lambda$tryMergeToExisting$5$2 in clumps.mixins.json:MixinExperienceOrb
[03May2025 19:30:38.664] [main/DEBUG] [mixin/]: Renaming synthetic method lambda$tryMergeToExisting$4(IILnet/minecraft/world/entity/ExperienceOrb;)Z to md527934$lambda$tryMergeToExisting$4$3 in clumps.mixins.json:MixinExperienceOrb
[03May2025 19:30:38.664] [main/DEBUG] [mixin/]: Renaming synthetic method lambda$merge$3(Ljava/util/Map;)Ljava/util/stream/Stream; to md527934$lambda$merge$3$4 in clumps.mixins.json:MixinExperienceOrb
[03May2025 19:30:38.664] [main/DEBUG] [mixin/]: Renaming synthetic method lambda$clumps$repairPlayerItems$2(ILnet/minecraft/world/entity/player/Player;Lnet/minecraft/world/item/ItemStack;)Ljava/lang/Integer; to md527934$lambda$clumps$repairPlayerItems$2$5 in clumps.mixins.json:MixinExperienceOrb
[03May2025 19:30:38.665] [main/DEBUG] [mixin/]: Renaming synthetic method lambda$clumps$repairPlayerItems$1(Lnet/minecraft/world/item/ItemStack;Ljava/lang/Integer;)Ljava/lang/Float; to md527934$lambda$clumps$repairPlayerItems$1$6 in clumps.mixins.json:MixinExperienceOrb
[03May2025 19:30:38.665] [main/DEBUG] [mixin/]: Renaming synthetic method lambda$playerTouch$0(Lnet/minecraft/world/entity/player/Player;Ljava/util/concurrent/atomic/AtomicInteger;Ljava/lang/Integer;Ljava/lang/Integer;)V to md527934$lambda$playerTouch$0$7 in clumps.mixins.json:MixinExperienceOrb
[03May2025 19:30:38.713] [main/DEBUG] [mixin/]: Mixing entity.collisions.unpushable_cramming.BoatMixin from canary.mixins.json into net.minecraft.world.entity.vehicle.Boat
[03May2025 19:30:38.714] [main/DEBUG] [mixin/]: Mixing accessor.BoatEntityAccessor from mixins.cobblemon-common.json into net.minecraft.world.entity.vehicle.Boat
[03May2025 19:30:38.729] [main/DEBUG] [mixin/]: Mixing entity.TameableEntityMixin from mixins.cobblemon-common.json into net.minecraft.world.entity.TamableAnimal
[03May2025 19:30:38.738] [main/DEBUG] [net.minecraftforge.coremod.transformer.CoreModBaseTransformer/COREMOD]: Transforming net/minecraft/world/entity/monster/Spider
[03May2025 19:30:38.781] [main/DEBUG] [mixin/]: Mixing entity.inactive_navigations.DrownedMixin from canary.mixins.json into net.minecraft.world.entity.monster.Drowned
[03May2025 19:30:38.781] [main/DEBUG] [net.minecraftforge.coremod.transformer.CoreModBaseTransformer/COREMOD]: Transforming net/minecraft/world/entity/monster/Zombie
[03May2025 19:30:38.847] [main/DEBUG] [net.minecraftforge.coremod.transformer.CoreModBaseTransformer/COREMOD]: Transforming net/minecraft/world/entity/monster/Zombie
[03May2025 19:30:38.902] [main/DEBUG] [net.minecraftforge.coremod.transformer.CoreModBaseTransformer/COREMOD]: Transforming net/minecraft/world/entity/monster/ZombieVillager
[03May2025 19:30:38.933] [main/DEBUG] [mixin/]: Mixing entity.inactive_navigations.DrownedGoToBeachGoalMixin from canary.mixins.json into net.minecraft.world.entity.monster.Drowned$DrownedGoToBeachGoal
[03May2025 19:30:38.937] [main/DEBUG] [mixin/]: Mixing pokeball.ThrownEntityMixin from mixins.cobblemon-common.json into net.minecraft.world.entity.projectile.ThrowableProjectile
[03May2025 19:30:38.955] [main/DEBUG] [mixin/]: Mixing ai.raid.RaiderMixin from canary.mixins.json into net.minecraft.world.entity.raid.Raider
[03May2025 19:30:38.956] [main/DEBUG] [mixin/]: Renaming synthetic method lambda$static$0(Lnet/minecraft/world/entity/item/ItemEntity;)Z to md527934$lambda$static$0$0 in canary.mixins.json:ai.raid.RaiderMixin
[03May2025 19:30:38.961] [main/DEBUG] [mixin/]: Mixing ai.raid.ObtainRaidLeaderBannerGoalMixin from canary.mixins.json into net.minecraft.world.entity.raid.Raider$ObtainRaidLeaderBannerGoal
[03May2025 19:30:38.962] [main/DEBUG] [mixin/]: Mixing ai.poi.tasks.RaiderMoveThroughVillageGoalMixin from canary.mixins.json into net.minecraft.world.entity.raid.Raider$RaiderMoveThroughVillageGoal
[03May2025 19:30:38.967] [main/DEBUG] [net.minecraftforge.coremod.transformer.CoreModBaseTransformer/COREMOD]: Transforming net/minecraft/world/entity/monster/Evoker$EvokerSummonSpellGoal
[03May2025 19:30:39.001] [main/DEBUG] [mixin/]: Mixing entity.replace_entitytype_predicates.ItemFrameMixin from canary.mixins.json into net.minecraft.world.entity.decoration.ItemFrame
[03May2025 19:30:39.001] [main/DEBUG] [mixin/]: Renaming synthetic method lambda$getAbstractDecorationEntities$0(Lnet/minecraft/world/entity/Entity;Lnet/minecraft/world/entity/decoration/HangingEntity;)Z to md527934$lambda$getAbstractDecorationEntities$0$0 in canary.mixins.json:entity.replace_entitytype_predicates.ItemFrameMixin
[03May2025 19:30:39.021] [main/DEBUG] [mixin/]: Mixing entity.replace_entitytype_predicates.GolemRandomStrollInVillageGoalMixin from canary.mixins.json into net.minecraft.world.entity.ai.goal.GolemRandomStrollInVillageGoal
[03May2025 19:30:39.032] [main/DEBUG] [mixin/]: Mixing entity.replace_entitytype_predicates.LlamaFollowCaravanGoalMixin from canary.mixins.json into net.minecraft.world.entity.ai.goal.LlamaFollowCaravanGoal
[03May2025 19:30:39.033] [main/DEBUG] [mixin/]: Renaming synthetic method lambda$getLlamasForCaravan$0(Lnet/minecraft/world/entity/Entity;Lnet/minecraft/world/entity/animal/horse/Llama;)Z to md527934$lambda$getLlamasForCaravan$0$0 in canary.mixins.json:entity.replace_entitytype_predicates.LlamaFollowCaravanGoalMixin
[03May2025 19:30:39.072] [main/DEBUG] [mixin/]: Mixing PiglinEntityMixin from mixins.cobblemon-common.json into net.minecraft.world.entity.monster.piglin.Piglin
[03May2025 19:30:39.107] [main/DEBUG] [net.minecraftforge.coremod.transformer.CoreModBaseTransformer/COREMOD]: Transforming net/minecraft/world/entity/animal/horse/SkeletonTrapGoal
[03May2025 19:30:39.126] [main/DEBUG] [net.minecraftforge.coremod.transformer.CoreModBaseTransformer/COREMOD]: Transforming net/minecraft/world/entity/monster/Strider
[03May2025 19:30:39.179] [main/DEBUG] [mixin/]: Mixing entity.data_tracker.use_arrays.SynchedEntityDataMixin from canary.mixins.json into net.minecraft.network.syncher.SynchedEntityData
[03May2025 19:30:39.184] [main/DEBUG] [mixin/]: Mixing entity.data_tracker.no_locks.SynchedEntityDataMixin from canary.mixins.json into net.minecraft.network.syncher.SynchedEntityData
[03May2025 19:30:39.204] [main/DEBUG] [mixin/]: Mixing ai.sensor.secondary_poi.SecondaryPoiSensorMixin from canary.mixins.json into net.minecraft.world.entity.ai.sensing.SecondaryPoiSensor
[03May2025 19:30:39.216] [main/DEBUG] [mixin/]: Mixing util.world_border_listener.WorldBorderMixin from canary.mixins.json into net.minecraft.world.level.border.WorldBorder
[03May2025 19:30:39.222] [main/DEBUG] [mixin/]: Mixing common.chunk.ChunkAccessMixin from starlight.mixins.json into net.minecraft.world.level.chunk.ChunkAccess
[03May2025 19:30:39.227] [main/DEBUG] [mixin/]: Mixing world.inline_block_access.LevelChunkMixin from canary.mixins.json into net.minecraft.world.level.chunk.LevelChunk
[03May2025 19:30:39.228] [main/DEBUG] [mixin/]: Mixing world.block_entity_ticking.sleeping.LevelChunkMixin from canary.mixins.json into net.minecraft.world.level.chunk.LevelChunk
[03May2025 19:30:39.228] [main/DEBUG] [mixin/]: Mixing world.combined_heightmap_update.LevelChunkMixin from canary.mixins.json into net.minecraft.world.level.chunk.LevelChunk
[03May2025 19:30:39.229] [main/DEBUG] [mixin/]: Mixing world.inline_height.LevelChunkMixin from canary.mixins.json into net.minecraft.world.level.chunk.LevelChunk
[03May2025 19:30:39.230] [main/DEBUG] [mixin/]: Mixing common.chunk.LevelChunkMixin from starlight.mixins.json into net.minecraft.world.level.chunk.LevelChunk
[03May2025 19:30:39.258] [main/DEBUG] [net.minecraftforge.coremod.transformer.CoreModBaseTransformer/COREMOD]: Transforming net/minecraft/world/entity/npc/Villager
[03May2025 19:30:39.320] [main/DEBUG] [mixin/]: Mixing EntityVillagerMixin from mixins.cobblemon-common.json into net.minecraft.world.entity.npc.Villager
[03May2025 19:30:39.353] [main/DEBUG] [mixin/]: Mixing entity.collisions.unpushable_cramming.EntitySelectorMixin from canary.mixins.json into net.minecraft.world.entity.EntitySelector
[03May2025 19:30:39.363] [main/DEBUG] [mixin/]: Mixing inject.MixinFoodPropertiesBuilder from architectury-common.mixins.json into net.minecraft.world.food.FoodProperties$Builder
[03May2025 19:30:39.364] [main/DEBUG] [net.minecraftforge.coremod.transformer.CoreModBaseTransformer/COREMOD]: Transforming net/minecraft/world/effect/MobEffectInstance
[03May2025 19:30:39.365] [main/DEBUG] [mixin/]: Mixing accessor.StatusEffectInstanceAccessor from mixins.cobblemon-common.json into net.minecraft.world.effect.MobEffectInstance
[03May2025 19:30:39.431] [main/DEBUG] [mixin/]: Mixing ShearsDispenserBehaviorMixin from mixins.cobblemon-common.json into net.minecraft.core.dispenser.ShearsDispenseItemBehavior
[03May2025 19:30:39.432] [main/DEBUG] [mixin/]: Renaming synthetic method lambda$cobblemon$tryApricornHarvest$0()Lkotlin/Unit; to md527934$lambda$cobblemon$tryApricornHarvest$0$0 in mixins.cobblemon-common.json:ShearsDispenserBehaviorMixin
[03May2025 19:30:39.488] [main/DEBUG] [mixin/]: Mixing common.lightengine.LevelLightEngineMixin from starlight.mixins.json into net.minecraft.world.level.lighting.LevelLightEngine
[03May2025 19:30:39.490] [main/DEBUG] [mixin/]: Renaming synthetic method lambda$clientUpdateLight$1(J)[Lca/spottedleaf/starlight/common/light/SWMRNibbleArray; to md527934$lambda$clientUpdateLight$1$0 in starlight.mixins.json:common.lightengine.LevelLightEngineMixin
[03May2025 19:30:39.490] [main/DEBUG] [mixin/]: Renaming synthetic method lambda$clientUpdateLight$0(J)[Lca/spottedleaf/starlight/common/light/SWMRNibbleArray; to md527934$lambda$clientUpdateLight$0$1 in starlight.mixins.json:common.lightengine.LevelLightEngineMixin
[03May2025 19:30:39.506] [main/DEBUG] [mixin/]: Mixing common.lightengine.ThreadedLevelLightEngineMixin from starlight.mixins.json into net.minecraft.server.level.ThreadedLevelLightEngine
[03May2025 19:30:39.507] [main/DEBUG] [mixin/]: Renaming synthetic method lambda$lightChunk$7(Lnet/minecraft/world/level/ChunkPos;Lnet/minecraft/world/level/chunk/ChunkAccess;Ljava/lang/Throwable;)V to md527934$lambda$lightChunk$7$0 in starlight.mixins.json:common.lightengine.ThreadedLevelLightEngineMixin
[03May2025 19:30:39.507] [main/DEBUG] [mixin/]: Renaming synthetic method lambda$lightChunk$6(Lnet/minecraft/world/level/ChunkPos;Ljava/lang/Runnable;)V to md527934$lambda$lightChunk$6$1 in starlight.mixins.json:common.lightengine.ThreadedLevelLightEngineMixin
[03May2025 19:30:39.507] [main/DEBUG] [mixin/]: Renaming synthetic method lambda$lightChunk$5(Lnet/minecraft/world/level/chunk/ChunkAccess;ZLnet/minecraft/world/level/ChunkPos;)Lnet/minecraft/world/level/chunk/ChunkAccess; to md527934$lambda$lightChunk$5$2 in starlight.mixins.json:common.lightengine.ThreadedLevelLightEngineMixin
[03May2025 19:30:39.507] [main/DEBUG] [mixin/]: Renaming synthetic method lambda$updateSectionStatus$4(Lnet/minecraft/core/SectionPos;Z)Ljava/util/concurrent/CompletableFuture; to md527934$lambda$updateSectionStatus$4$3 in starlight.mixins.json:common.lightengine.ThreadedLevelLightEngineMixin
[03May2025 19:30:39.507] [main/DEBUG] [mixin/]: Renaming synthetic method lambda$checkBlock$3(Lnet/minecraft/core/BlockPos;)Ljava/util/concurrent/CompletableFuture; to md527934$lambda$checkBlock$3$4 in starlight.mixins.json:common.lightengine.ThreadedLevelLightEngineMixin
[03May2025 19:30:39.508] [main/DEBUG] [mixin/]: Renaming synthetic method lambda$queueTaskForSection$2(IILjava/lang/Void;Ljava/lang/Throwable;)V to md527934$lambda$queueTaskForSection$2$5 in starlight.mixins.json:common.lightengine.ThreadedLevelLightEngineMixin
[03May2025 19:30:39.508] [main/DEBUG] [mixin/]: Renaming synthetic method lambda$queueTaskForSection$1(JIILnet/minecraft/server/level/ServerLevel;Ljava/lang/Void;)V to md527934$lambda$queueTaskForSection$1$6 in starlight.mixins.json:common.lightengine.ThreadedLevelLightEngineMixin
[03May2025 19:30:39.508] [main/DEBUG] [mixin/]: Renaming synthetic method lambda$queueTaskForSection$0(IIILjava/util/function/Supplier;)V to md527934$lambda$queueTaskForSection$0$7 in starlight.mixins.json:common.lightengine.ThreadedLevelLightEngineMixin
[03May2025 19:30:39.526] [main/DEBUG] [mixin/]: Mixing world.combined_heightmap_update.HeightmapAccessor from canary.mixins.json into net.minecraft.world.level.levelgen.Heightmap
[03May2025 19:30:39.743] [main/DEBUG] [mixin/]: Mixing collections.mob_spawning.WeightedRandomListMixin from canary.mixins.json into net.minecraft.util.random.WeightedRandomList
[03May2025 19:30:39.850] [main/DEBUG] [mixin/]: Mixing StructureProcessorListMixin from mixins.cobblemon-common.json into net.minecraft.world.level.levelgen.structure.templatesystem.StructureProcessorList
[03May2025 19:30:39.920] [main/DEBUG] [net.minecraftforge.coremod.transformer.CoreModBaseTransformer/COREMOD]: Transforming net/minecraft/world/level/levelgen/structure/Structure
[03May2025 19:30:39.954] [main/DEBUG] [net.minecraftforge.coremod.transformer.CoreModBaseTransformer/COREMOD]: Transforming net/minecraft/world/level/levelgen/structure/structures/OceanRuinPieces$OceanRuinPiece
[03May2025 19:30:39.965] [main/DEBUG] [net.minecraftforge.coremod.transformer.CoreModBaseTransformer/COREMOD]: Transforming net/minecraft/world/level/levelgen/structure/structures/SwampHutPiece
[03May2025 19:30:39.973] [main/DEBUG] [net.minecraftforge.coremod.transformer.CoreModBaseTransformer/COREMOD]: Transforming net/minecraft/world/level/levelgen/structure/structures/OceanMonumentPieces$OceanMonumentPiece
[03May2025 19:30:39.988] [main/DEBUG] [net.minecraftforge.coremod.transformer.CoreModBaseTransformer/COREMOD]: Transforming net/minecraft/world/level/levelgen/structure/structures/WoodlandMansionPieces$WoodlandMansionPiece
[03May2025 19:30:40.009] [main/DEBUG] [mixin/]: Mixing collections.mob_spawning.MobSpawnSettingsMixin from canary.mixins.json into net.minecraft.world.level.biome.MobSpawnSettings
[03May2025 19:30:40.019] [main/DEBUG] [mixin/]: Mixing StructurePoolAccessor from mixins.cobblemon-common.json into net.minecraft.world.level.levelgen.structure.pools.StructureTemplatePool
[03May2025 19:30:40.085] [main/DEBUG] [net.minecraftforge.coremod.transformer.CoreModBaseTransformer/COREMOD]: Transforming net/minecraft/world/level/biome/Biome
[03May2025 19:30:40.086] [main/ERROR] [net.minecraftforge.coremod.transformer.CoreModBaseTransformer/COREMOD]: Error occurred applying transform of coremod coremods/field_to_method.js function biome
java.lang.IllegalStateException: Field f_47437_ is not private and an instance field
	at net.minecraftforge.coremod.api.ASMAPI.redirectFieldToMethod(ASMAPI.java:270) ~[coremods-5.1.6.jar%2354!/:?]
	at org.openjdk.nashorn.internal.scripts.Script$Recompilation$17$292A$\^eval\_.initializeCoreMod#transformer(<eval>:11) ~[?:?]
	at org.openjdk.nashorn.internal.runtime.ScriptFunctionData.invoke(ScriptFunctionData.java:648) ~[nashorn-core-15.3.jar%2366!/:?]
	at org.openjdk.nashorn.internal.runtime.ScriptFunction.invoke(ScriptFunction.java:513) ~[nashorn-core-15.3.jar%2366!/:?]
	at org.openjdk.nashorn.internal.runtime.ScriptRuntime.apply(ScriptRuntime.java:520) ~[nashorn-core-15.3.jar%2366!/:?]
	at org.openjdk.nashorn.api.scripting.ScriptObjectMirror.call(ScriptObjectMirror.java:111) ~[nashorn-core-15.3.jar%2366!/:?]
	at net.minecraftforge.coremod.NashornFactory.lambda$getFunction$0(NashornFactory.java:22) ~[coremods-5.1.6.jar%2354!/:5.1.6]
	at net.minecraftforge.coremod.transformer.CoreModClassTransformer.runCoremod(CoreModClassTransformer.java:22) ~[coremods-5.1.6.jar%2354!/:?]
	at net.minecraftforge.coremod.transformer.CoreModClassTransformer.runCoremod(CoreModClassTransformer.java:14) ~[coremods-5.1.6.jar%2354!/:?]
	at net.minecraftforge.coremod.transformer.CoreModBaseTransformer.transform(CoreModBaseTransformer.java:42) ~[coremods-5.1.6.jar%2354!/:?]
	at cpw.mods.modlauncher.TransformerHolder.transform(TransformerHolder.java:41) ~[modlauncher-10.0.9.jar%2355!/:?]
	at cpw.mods.modlauncher.ClassTransformer.performVote(ClassTransformer.java:179) ~[modlauncher-10.0.9.jar%2355!/:?]
	at cpw.mods.modlauncher.ClassTransformer.transform(ClassTransformer.java:117) ~[modlauncher-10.0.9.jar%2355!/:?]
	at cpw.mods.modlauncher.TransformingClassLoader.maybeTransformClassBytes(TransformingClassLoader.java:50) ~[modlauncher-10.0.9.jar%2355!/:?]
	at cpw.mods.cl.ModuleClassLoader.readerToClass(ModuleClassLoader.java:113) ~[securejarhandler-2.1.10.jar:?]
	at cpw.mods.cl.ModuleClassLoader.lambda$findClass$15(ModuleClassLoader.java:219) ~[securejarhandler-2.1.10.jar:?]
	at cpw.mods.cl.ModuleClassLoader.loadFromModule(ModuleClassLoader.java:229) ~[securejarhandler-2.1.10.jar:?]
	at cpw.mods.cl.ModuleClassLoader.findClass(ModuleClassLoader.java:219) ~[securejarhandler-2.1.10.jar:?]
	at cpw.mods.cl.ModuleClassLoader.loadClass(ModuleClassLoader.java:135) ~[securejarhandler-2.1.10.jar:?]
	at java.lang.ClassLoader.loadClass(ClassLoader.java:525) ~[?:?]
	at net.minecraft.world.level.biome.FixedBiomeSource.<clinit>(FixedBiomeSource.java:17) ~[server-1.20.1-20230612.114412-srg.jar%23131!/:?]
	at net.minecraft.world.level.biome.BiomeSources.m_220586_(BiomeSources.java:8) ~[server-1.20.1-20230612.114412-srg.jar%23131!/:?]
	at net.minecraft.core.registries.BuiltInRegistries.m_258029_(BuiltInRegistries.java:448) ~[server-1.20.1-20230612.114412-srg.jar%23131!/:?]
	at net.minecraft.core.registries.BuiltInRegistries.m_258037_(BuiltInRegistries.java:462) ~[server-1.20.1-20230612.114412-srg.jar%23131!/:?]
	at java.util.LinkedHashMap.forEach(LinkedHashMap.java:721) ~[?:?]
	at net.minecraft.core.registries.BuiltInRegistries.m_257453_(BuiltInRegistries.java:461) ~[server-1.20.1-20230612.114412-srg.jar%23131!/:?]
	at net.minecraft.core.registries.BuiltInRegistries.m_257498_(BuiltInRegistries.java:455) ~[server-1.20.1-20230612.114412-srg.jar%23131!/:?]
	at net.minecraft.server.Bootstrap.m_135870_(Bootstrap.java:55) ~[server-1.20.1-20230612.114412-srg.jar%23131!/:?]
	at net.minecraft.server.Main.main(Main.java:121) ~[server-1.20.1-20230612.114412-srg.jar%23131!/:?]
	at jdk.internal.reflect.NativeMethodAccessorImpl.invoke0(Native Method) ~[?:?]
	at jdk.internal.reflect.NativeMethodAccessorImpl.invoke(NativeMethodAccessorImpl.java:77) ~[?:?]
	at jdk.internal.reflect.DelegatingMethodAccessorImpl.invoke(DelegatingMethodAccessorImpl.java:43) ~[?:?]
	at java.lang.reflect.Method.invoke(Method.java:569) ~[?:?]
	at net.minecraftforge.fml.loading.targets.CommonLaunchHandler.runTarget(CommonLaunchHandler.java:111) ~[fmlloader-1.20.1-47.3.7.jar%2369!/:?]
	at net.minecraftforge.fml.loading.targets.CommonLaunchHandler.serverService(CommonLaunchHandler.java:103) ~[fmlloader-1.20.1-47.3.7.jar%2369!/:?]
	at net.minecraftforge.fml.loading.targets.CommonServerLaunchHandler.lambda$makeService$0(CommonServerLaunchHandler.java:27) ~[fmlloader-1.20.1-47.3.7.jar%2369!/:?]
	at cpw.mods.modlauncher.LaunchServiceHandlerDecorator.launch(LaunchServiceHandlerDecorator.java:30) ~[modlauncher-10.0.9.jar%2355!/:?]
	at cpw.mods.modlauncher.LaunchServiceHandler.launch(LaunchServiceHandler.java:53) ~[modlauncher-10.0.9.jar%2355!/:?]
	at cpw.mods.modlauncher.LaunchServiceHandler.launch(LaunchServiceHandler.java:71) ~[modlauncher-10.0.9.jar%2355!/:?]
	at cpw.mods.modlauncher.Launcher.run(Launcher.java:108) ~[modlauncher-10.0.9.jar%2355!/:?]
	at cpw.mods.modlauncher.Launcher.main(Launcher.java:78) ~[modlauncher-10.0.9.jar%2355!/:?]
	at cpw.mods.modlauncher.BootstrapLaunchConsumer.accept(BootstrapLaunchConsumer.java:26) ~[modlauncher-10.0.9.jar%2355!/:?]
	at cpw.mods.modlauncher.BootstrapLaunchConsumer.accept(BootstrapLaunchConsumer.java:23) ~[modlauncher-10.0.9.jar%2355!/:?]
	at cpw.mods.bootstraplauncher.BootstrapLauncher.main(BootstrapLauncher.java:141) ~[bootstraplauncher-1.1.2.jar:?]
[03May2025 19:30:40.090] [main/DEBUG] [mixin/]: Mixing world.chunk_ticking.spread_ice.BiomeMixin from canary.mixins.json into net.minecraft.world.level.biome.Biome
[03May2025 19:30:40.090] [main/DEBUG] [mixin/]: Mixing biomeTemperatureLeak.Biome_threadLocalMixin from memoryleakfix.mixins.json into net.minecraft.world.level.biome.Biome
[03May2025 19:30:40.351] [main/DEBUG] [net.minecraftforge.common.ForgeI18n/CORE]: Loading I18N data entries: 6430
[03May2025 19:30:40.370] [main/DEBUG] [net.minecraftforge.fml.ModWorkManager/LOADING]: Using 4 threads for parallel mod-loading
[03May2025 19:30:40.377] [main/DEBUG] [net.minecraftforge.fml.javafmlmod.FMLJavaModLanguageProvider/LOADING]: Loading FMLModContainer from classloader cpw.mods.modlauncher.TransformingClassLoader@244418a - got cpw.mods.cl.ModuleClassLoader@7e97551f
[03May2025 19:30:40.377] [main/DEBUG] [net.minecraftforge.fml.javafmlmod.FMLModContainer/LOADING]: Creating FMLModContainer instance for com.abdelaziz.canary.common.Canary
[03May2025 19:30:40.381] [main/DEBUG] [net.minecraftforge.fml.javafmlmod.FMLJavaModLanguageProvider/LOADING]: Loading FMLModContainer from classloader cpw.mods.modlauncher.TransformingClassLoader@244418a - got cpw.mods.cl.ModuleClassLoader@7e97551f
[03May2025 19:30:40.381] [main/DEBUG] [net.minecraftforge.fml.javafmlmod.FMLModContainer/LOADING]: Creating FMLModContainer instance for ca.spottedleaf.starlight.Starlight
[03May2025 19:30:40.381] [main/DEBUG] [net.minecraftforge.fml.javafmlmod.FMLJavaModLanguageProvider/LOADING]: Loading FMLModContainer from classloader cpw.mods.modlauncher.TransformingClassLoader@244418a - got cpw.mods.cl.ModuleClassLoader@7e97551f
[03May2025 19:30:40.381] [main/DEBUG] [net.minecraftforge.fml.javafmlmod.FMLModContainer/LOADING]: Creating FMLModContainer instance for dev.architectury.forge.ArchitecturyForge
[03May2025 19:30:40.382] [main/DEBUG] [net.minecraftforge.fml.javafmlmod.FMLJavaModLanguageProvider/LOADING]: Loading FMLModContainer from classloader cpw.mods.modlauncher.TransformingClassLoader@244418a - got cpw.mods.cl.ModuleClassLoader@7e97551f
[03May2025 19:30:40.382] [main/DEBUG] [net.minecraftforge.fml.javafmlmod.FMLModContainer/LOADING]: Creating FMLModContainer instance for malte0811.ferritecore.ModMainForge
[03May2025 19:30:40.382] [main/DEBUG] [net.minecraftforge.fml.javafmlmod.FMLJavaModLanguageProvider/LOADING]: Loading FMLModContainer from classloader cpw.mods.modlauncher.TransformingClassLoader@244418a - got cpw.mods.cl.ModuleClassLoader@7e97551f
[03May2025 19:30:40.382] [main/DEBUG] [net.minecraftforge.fml.javafmlmod.FMLModContainer/LOADING]: Creating FMLModContainer instance for com.builtbroken.ai.improvements.AIImprovements
[03May2025 19:30:40.383] [main/DEBUG] [net.minecraftforge.fml.javafmlmod.FMLJavaModLanguageProvider/LOADING]: Loading FMLModContainer from classloader cpw.mods.modlauncher.TransformingClassLoader@244418a - got cpw.mods.cl.ModuleClassLoader@7e97551f
[03May2025 19:30:40.383] [main/DEBUG] [net.minecraftforge.fml.javafmlmod.FMLModContainer/LOADING]: Creating FMLModContainer instance for com.natamus.superflatworldnoslimes.ModForge
[03May2025 19:30:40.383] [main/DEBUG] [net.minecraftforge.fml.javafmlmod.FMLJavaModLanguageProvider/LOADING]: Loading FMLModContainer from classloader cpw.mods.modlauncher.TransformingClassLoader@244418a - got cpw.mods.cl.ModuleClassLoader@7e97551f
[03May2025 19:30:40.384] [main/DEBUG] [net.minecraftforge.fml.javafmlmod.FMLModContainer/LOADING]: Creating FMLModContainer instance for com.natamus.dismountentity.ModForge
[03May2025 19:30:40.384] [main/DEBUG] [net.minecraftforge.fml.javafmlmod.FMLJavaModLanguageProvider/LOADING]: Loading FMLModContainer from classloader cpw.mods.modlauncher.TransformingClassLoader@244418a - got cpw.mods.cl.ModuleClassLoader@7e97551f
[03May2025 19:30:40.384] [main/DEBUG] [net.minecraftforge.fml.javafmlmod.FMLModContainer/LOADING]: Creating FMLModContainer instance for com.abdelaziz.smoothboot.SmoothBoot
[03May2025 19:30:40.384] [main/DEBUG] [net.minecraftforge.fml.javafmlmod.FMLJavaModLanguageProvider/LOADING]: Loading FMLModContainer from classloader cpw.mods.modlauncher.TransformingClassLoader@244418a - got cpw.mods.cl.ModuleClassLoader@7e97551f
[03May2025 19:30:40.384] [main/DEBUG] [net.minecraftforge.fml.javafmlmod.FMLModContainer/LOADING]: Creating FMLModContainer instance for ca.fxco.memoryleakfix.forge.MemoryLeakFixForge
[03May2025 19:30:40.385] [main/DEBUG] [thedarkcolour.kotlinforforge.LoggerKt/LOADING]: Loading KotlinModContainer from classloader cpw.mods.modlauncher.TransformingClassLoader@244418a - got cpw.mods.cl.ModuleClassLoader@7e97551f}
[03May2025 19:30:40.386] [main/DEBUG] [thedarkcolour.kotlinforforge.LoggerKt/LOADING]: Creating KotlinModContainer instance for thedarkcolour.kotlinforforge.test.KotlinForForge
[03May2025 19:30:40.387] [main/DEBUG] [net.minecraftforge.fml.javafmlmod.FMLJavaModLanguageProvider/LOADING]: Loading FMLModContainer from classloader cpw.mods.modlauncher.TransformingClassLoader@244418a - got cpw.mods.cl.ModuleClassLoader@7e97551f
[03May2025 19:30:40.387] [main/DEBUG] [net.minecraftforge.fml.javafmlmod.FMLModContainer/LOADING]: Creating FMLModContainer instance for net.minecraftforge.common.ForgeMod
[03May2025 19:30:40.390] [main/DEBUG] [net.minecraftforge.fml.javafmlmod.FMLJavaModLanguageProvider/LOADING]: Loading FMLModContainer from classloader cpw.mods.modlauncher.TransformingClassLoader@244418a - got cpw.mods.cl.ModuleClassLoader@7e97551f
[03May2025 19:30:40.390] [main/DEBUG] [net.minecraftforge.fml.javafmlmod.FMLModContainer/LOADING]: Creating FMLModContainer instance for squeek.appleskin.AppleSkin
[03May2025 19:30:40.390] [main/DEBUG] [net.minecraftforge.fml.javafmlmod.FMLJavaModLanguageProvider/LOADING]: Loading FMLModContainer from classloader cpw.mods.modlauncher.TransformingClassLoader@244418a - got cpw.mods.cl.ModuleClassLoader@7e97551f
[03May2025 19:30:40.390] [main/DEBUG] [net.minecraftforge.fml.javafmlmod.FMLModContainer/LOADING]: Creating FMLModContainer instance for com.frikinjay.lmd.LetMeDespawn
[03May2025 19:30:40.391] [main/DEBUG] [net.minecraftforge.fml.javafmlmod.FMLJavaModLanguageProvider/LOADING]: Loading FMLModContainer from classloader cpw.mods.modlauncher.TransformingClassLoader@244418a - got cpw.mods.cl.ModuleClassLoader@7e97551f
[03May2025 19:30:40.391] [main/DEBUG] [net.minecraftforge.fml.javafmlmod.FMLModContainer/LOADING]: Creating FMLModContainer instance for com.natamus.collective.CollectiveForge
[03May2025 19:30:40.391] [main/DEBUG] [net.minecraftforge.fml.javafmlmod.FMLJavaModLanguageProvider/LOADING]: Loading FMLModContainer from classloader cpw.mods.modlauncher.TransformingClassLoader@244418a - got cpw.mods.cl.ModuleClassLoader@7e97551f
[03May2025 19:30:40.391] [main/DEBUG] [net.minecraftforge.fml.javafmlmod.FMLModContainer/LOADING]: Creating FMLModContainer instance for com.blamejared.clumps.Clumps
[03May2025 19:30:40.391] [main/DEBUG] [thedarkcolour.kotlinforforge.LoggerKt/LOADING]: Loading KotlinModContainer from classloader cpw.mods.modlauncher.TransformingClassLoader@244418a - got cpw.mods.cl.ModuleClassLoader@7e97551f}
[03May2025 19:30:40.392] [main/DEBUG] [thedarkcolour.kotlinforforge.LoggerKt/LOADING]: Creating KotlinModContainer instance for com.cobblemon.mod.forge.CobblemonForge
[03May2025 19:30:40.410] [modloading-worker-0/DEBUG] [net.minecraftforge.fml.javafmlmod.AutomaticEventSubscriber/LOADING]: Attempting to inject @EventBusSubscriber classes into the eventbus for starlight
[03May2025 19:30:40.413] [modloading-worker-0/DEBUG] [net.minecraftforge.fml.javafmlmod.AutomaticEventSubscriber/LOADING]: Attempting to inject @EventBusSubscriber classes into the eventbus for ferritecore
[03May2025 19:30:40.429] [modloading-worker-0/DEBUG] [net.minecraftforge.fml.javafmlmod.AutomaticEventSubscriber/LOADING]: Attempting to inject @EventBusSubscriber classes into the eventbus for canary
[03May2025 19:30:40.432] [modloading-worker-0/DEBUG] [net.minecraftforge.fml.javafmlmod.AutomaticEventSubscriber/LOADING]: Attempting to inject @EventBusSubscriber classes into the eventbus for dismountentity
[03May2025 19:30:40.432] [modloading-worker-0/DEBUG] [net.minecraftforge.fml.javafmlmod.AutomaticEventSubscriber/LOADING]: Attempting to inject @EventBusSubscriber classes into the eventbus for superflatworldnoslimes
[03May2025 19:30:40.435] [modloading-worker-0/DEBUG] [net.minecraftforge.fml.javafmlmod.AutomaticEventSubscriber/LOADING]: Auto-subscribing com.natamus.superflatworldnoslimes.forge.events.ForgeSlimeEvent to FORGE
[03May2025 19:30:40.436] [modloading-worker-0/DEBUG] [net.minecraftforge.fml.javafmlmod.AutomaticEventSubscriber/LOADING]: Attempting to inject @EventBusSubscriber classes into the eventbus for smoothboot
[03May2025 19:30:40.437] [modloading-worker-0/DEBUG] [net.minecraftforge.fml.javafmlmod.AutomaticEventSubscriber/LOADING]: Attempting to inject @EventBusSubscriber classes into the eventbus for memoryleakfix
[03May2025 19:30:40.437] [modloading-worker-0/DEBUG] [mixin/]: Mixing MixinLevelEvent from architectury.mixins.json into net.minecraftforge.event.level.LevelEvent
[03May2025 19:30:40.438] [modloading-worker-0/DEBUG] [net.minecraftforge.fml.javafmlmod.AutomaticEventSubscriber/LOADING]: Auto-subscribing com.natamus.dismountentity.forge.events.ForgeDismountEvent to FORGE
[03May2025 19:30:40.455] [modloading-worker-0/DEBUG] [net.minecraftforge.fml.config.ConfigTracker/CONFIG]: Config file aiimprovements-common.toml for aiimprovements tracking
[03May2025 19:30:40.455] [modloading-worker-0/DEBUG] [net.minecraftforge.fml.javafmlmod.AutomaticEventSubscriber/LOADING]: Attempting to inject @EventBusSubscriber classes into the eventbus for aiimprovements
[03May2025 19:30:40.455] [modloading-worker-0/DEBUG] [net.minecraftforge.fml.javafmlmod.AutomaticEventSubscriber/LOADING]: Auto-subscribing com.builtbroken.ai.improvements.modifier.ModifierSystem to FORGE
[03May2025 19:30:40.474] [modloading-worker-0/DEBUG] [net.minecraftforge.fml.javafmlmod.AutomaticEventSubscriber/LOADING]: Auto-subscribing com.builtbroken.ai.improvements.AIImprovements to MOD
[03May2025 19:30:40.483] [modloading-worker-0/DEBUG] [net.minecraftforge.versions.forge.ForgeVersion/CORE]: Forge Version package package net.minecraftforge.versions.forge, Forge, version 47.3 from cpw.mods.modlauncher.TransformingClassLoader@244418a
[03May2025 19:30:40.483] [modloading-worker-0/DEBUG] [net.minecraftforge.versions.forge.ForgeVersion/CORE]: Found Forge version 47.3.7
[03May2025 19:30:40.483] [modloading-worker-0/DEBUG] [net.minecraftforge.versions.forge.ForgeVersion/CORE]: Found Forge spec 47.3
[03May2025 19:30:40.483] [modloading-worker-0/DEBUG] [net.minecraftforge.versions.forge.ForgeVersion/CORE]: Found Forge group net.minecraftforge
[03May2025 19:30:40.483] [modloading-worker-0/DEBUG] [net.minecraftforge.fml.config.ConfigTracker/CONFIG]: Config file appleskin-client.toml for appleskin tracking
[03May2025 19:30:40.484] [modloading-worker-0/DEBUG] [net.minecraftforge.versions.mcp.MCPVersion/CORE]: MCP Version package package net.minecraftforge.versions.mcp, Minecraft, version 1.20.1 from cpw.mods.modlauncher.TransformingClassLoader@244418a
[03May2025 19:30:40.484] [modloading-worker-0/DEBUG] [net.minecraftforge.versions.mcp.MCPVersion/CORE]: Found MC version information 1.20.1
[03May2025 19:30:40.484] [modloading-worker-0/DEBUG] [net.minecraftforge.versions.mcp.MCPVersion/CORE]: Found MCP version information 20230612.114412
[03May2025 19:30:40.484] [modloading-worker-0/INFO] [net.minecraftforge.common.ForgeMod/FORGEMOD]: Forge mod loading, version 47.3.7, for MC 1.20.1 with MCP 20230612.114412
[03May2025 19:30:40.484] [modloading-worker-0/INFO] [net.minecraftforge.common.MinecraftForge/FORGE]: MinecraftForge v47.3.7 Initialized
[03May2025 19:30:40.488] [modloading-worker-0/WARN] [net.minecraftforge.common.ForgeConfigSpec/CORE]: Configuration file /workspaces/server1/servidor_minecraft/config/appleskin-client.toml is not correct. Correcting
[03May2025 19:30:40.490] [modloading-worker-0/WARN] [net.minecraftforge.common.ForgeConfigSpec/CORE]: Incorrect key client was corrected from null to its default, SimpleCommentedConfig:{}. 
[03May2025 19:30:40.493] [modloading-worker-0/WARN] [net.minecraftforge.common.ForgeConfigSpec/CORE]: Incorrect key client.showFoodValuesInTooltip was corrected from null to its default, true. 
[03May2025 19:30:40.493] [modloading-worker-0/DEBUG] [mixin/]: Mixing world.explosions.ExplosionMixin from canary.mixins.json into net.minecraft.world.level.Explosion
[03May2025 19:30:40.493] [modloading-worker-0/DEBUG] [net.minecraftforge.common.ForgeConfigSpec/CORE]: The comment on key client.showFoodValuesInTooltip does not match the spec. This may create a backup.
[03May2025 19:30:40.494] [modloading-worker-0/WARN] [net.minecraftforge.common.ForgeConfigSpec/CORE]: Incorrect key client.showFoodValuesInTooltipAlways was corrected from null to its default, true. 
[03May2025 19:30:40.494] [modloading-worker-0/DEBUG] [net.minecraftforge.common.ForgeConfigSpec/CORE]: The comment on key client.showFoodValuesInTooltipAlways does not match the spec. This may create a backup.
[03May2025 19:30:40.494] [modloading-worker-0/WARN] [net.minecraftforge.common.ForgeConfigSpec/CORE]: Incorrect key client.showSaturationHudOverlay was corrected from null to its default, true. 
[03May2025 19:30:40.494] [modloading-worker-0/DEBUG] [net.minecraftforge.common.ForgeConfigSpec/CORE]: The comment on key client.showSaturationHudOverlay does not match the spec. This may create a backup.
[03May2025 19:30:40.494] [modloading-worker-0/WARN] [net.minecraftforge.common.ForgeConfigSpec/CORE]: Incorrect key client.showFoodValuesHudOverlay was corrected from null to its default, true. 
[03May2025 19:30:40.494] [modloading-worker-0/DEBUG] [net.minecraftforge.common.ForgeConfigSpec/CORE]: The comment on key client.showFoodValuesHudOverlay does not match the spec. This may create a backup.
[03May2025 19:30:40.494] [modloading-worker-0/WARN] [net.minecraftforge.common.ForgeConfigSpec/CORE]: Incorrect key client.showFoodValuesHudOverlayWhenOffhand was corrected from null to its default, true. 
[03May2025 19:30:40.494] [modloading-worker-0/DEBUG] [net.minecraftforge.common.ForgeConfigSpec/CORE]: The comment on key client.showFoodValuesHudOverlayWhenOffhand does not match the spec. This may create a backup.
[03May2025 19:30:40.494] [modloading-worker-0/WARN] [net.minecraftforge.common.ForgeConfigSpec/CORE]: Incorrect key client.showFoodExhaustionHudUnderlay was corrected from null to its default, true. 
[03May2025 19:30:40.494] [modloading-worker-0/DEBUG] [net.minecraftforge.common.ForgeConfigSpec/CORE]: The comment on key client.showFoodExhaustionHudUnderlay does not match the spec. This may create a backup.
[03May2025 19:30:40.494] [modloading-worker-0/WARN] [net.minecraftforge.common.ForgeConfigSpec/CORE]: Incorrect key client.showFoodStatsInDebugOverlay was corrected from null to its default, true. 
[03May2025 19:30:40.495] [modloading-worker-0/DEBUG] [net.minecraftforge.common.ForgeConfigSpec/CORE]: The comment on key client.showFoodStatsInDebugOverlay does not match the spec. This may create a backup.
[03May2025 19:30:40.495] [modloading-worker-0/WARN] [net.minecraftforge.common.ForgeConfigSpec/CORE]: Incorrect key client.showFoodHealthHudOverlay was corrected from null to its default, true. 
[03May2025 19:30:40.495] [modloading-worker-0/DEBUG] [net.minecraftforge.common.ForgeConfigSpec/CORE]: The comment on key client.showFoodHealthHudOverlay does not match the spec. This may create a backup.
[03May2025 19:30:40.495] [modloading-worker-0/WARN] [net.minecraftforge.common.ForgeConfigSpec/CORE]: Incorrect key client.showVanillaAnimationsOverlay was corrected from null to its default, true. 
[03May2025 19:30:40.495] [modloading-worker-0/DEBUG] [net.minecraftforge.common.ForgeConfigSpec/CORE]: The comment on key client.showVanillaAnimationsOverlay does not match the spec. This may create a backup.
[03May2025 19:30:40.495] [modloading-worker-0/WARN] [net.minecraftforge.common.ForgeConfigSpec/CORE]: Incorrect key client.maxHudOverlayFlashAlpha was corrected from null to its default, 0.65. 
[03May2025 19:30:40.495] [modloading-worker-0/DEBUG] [net.minecraftforge.common.ForgeConfigSpec/CORE]: The comment on key client.maxHudOverlayFlashAlpha does not match the spec. This may create a backup.
[03May2025 19:30:40.512] [modloading-worker-0/DEBUG] [mixin/]: Mixing ExplosionMixin from mixins.cobblemon-common.json into net.minecraft.world.level.Explosion
[03May2025 19:30:40.539] [modloading-worker-0/DEBUG] [net.minecraftforge.fml.javafmlmod.AutomaticEventSubscriber/LOADING]: Attempting to inject @EventBusSubscriber classes into the eventbus for appleskin
[03May2025 19:30:40.542] [modloading-worker-0/DEBUG] [net.minecraftforge.fml.javafmlmod.AutomaticEventSubscriber/LOADING]: Attempting to inject @EventBusSubscriber classes into the eventbus for letmedespawn
[03May2025 19:30:40.550] [modloading-worker-0/INFO] [Collective/]: Loading Collective version 7.57.
[03May2025 19:30:40.604] [modloading-worker-0/DEBUG] [net.minecraftforge.fml.javafmlmod.AutomaticEventSubscriber/LOADING]: Attempting to inject @EventBusSubscriber classes into the eventbus for architectury
[03May2025 19:30:40.605] [modloading-worker-0/DEBUG] [net.minecraftforge.fml.javafmlmod.AutomaticEventSubscriber/LOADING]: Auto-subscribing dev.architectury.registry.level.entity.trade.forge.TradeRegistryImpl to FORGE
[03May2025 19:30:40.608] [modloading-worker-0/DEBUG] [net.minecraftforge.fml.javafmlmod.AutomaticEventSubscriber/LOADING]: Auto-subscribing dev.architectury.registry.forge.ReloadListenerRegistryImpl to FORGE
[03May2025 19:30:40.618] [modloading-worker-0/DEBUG] [net.minecraftforge.fml.javafmlmod.AutomaticEventSubscriber/LOADING]: Auto-subscribing dev.architectury.networking.forge.NetworkManagerImpl to FORGE
[03May2025 19:30:40.622] [modloading-worker-0/DEBUG] [net.minecraftforge.fml.javafmlmod.AutomaticEventSubscriber/LOADING]: Attempting to inject @EventBusSubscriber classes into the eventbus for collective
[03May2025 19:30:40.622] [modloading-worker-0/DEBUG] [net.minecraftforge.fml.javafmlmod.AutomaticEventSubscriber/LOADING]: Auto-subscribing com.natamus.collective.forge.events.RegisterCollectiveForgeEvents to FORGE
[03May2025 19:30:40.625] [modloading-worker-0/INFO] [dev.architectury.networking.forge.NetworkManagerImpl/]: Registering C2S receiver with id architectury:sync_ids
[03May2025 19:30:40.628] [modloading-worker-0/DEBUG] [net.minecraftforge.fml.javafmlmod.AutomaticEventSubscriber/LOADING]: Attempting to inject @EventBusSubscriber classes into the eventbus for clumps
[03May2025 19:30:40.645] [modloading-worker-0/DEBUG] [io.netty.util.internal.PlatformDependent0/]: -Dio.netty.noUnsafe: false
[03May2025 19:30:40.645] [modloading-worker-0/DEBUG] [io.netty.util.internal.PlatformDependent0/]: Java version: 17
[03May2025 19:30:40.645] [modloading-worker-0/DEBUG] [io.netty.util.internal.PlatformDependent0/]: sun.misc.Unsafe.theUnsafe: available
[03May2025 19:30:40.646] [modloading-worker-0/DEBUG] [io.netty.util.internal.PlatformDependent0/]: sun.misc.Unsafe.copyMemory: available
[03May2025 19:30:40.646] [modloading-worker-0/DEBUG] [io.netty.util.internal.PlatformDependent0/]: sun.misc.Unsafe.storeFence: available
[03May2025 19:30:40.646] [modloading-worker-0/DEBUG] [io.netty.util.internal.PlatformDependent0/]: java.nio.Buffer.address: available
[03May2025 19:30:40.647] [modloading-worker-0/DEBUG] [io.netty.util.internal.PlatformDependent0/]: direct buffer constructor: unavailable
java.lang.UnsupportedOperationException: Reflective setAccessible(true) disabled
	at io.netty.util.internal.ReflectionUtil.trySetAccessible(ReflectionUtil.java:31) ~[netty-common-4.1.82.Final.jar%2382!/:4.1.82.Final]
	at io.netty.util.internal.PlatformDependent0$5.run(PlatformDependent0.java:288) ~[netty-common-4.1.82.Final.jar%2382!/:4.1.82.Final]
	at java.security.AccessController.doPrivileged(AccessController.java:318) ~[?:?]
	at io.netty.util.internal.PlatformDependent0.<clinit>(PlatformDependent0.java:282) ~[netty-common-4.1.82.Final.jar%2382!/:4.1.82.Final]
	at io.netty.util.internal.PlatformDependent.isAndroid(PlatformDependent.java:333) ~[netty-common-4.1.82.Final.jar%2382!/:4.1.82.Final]
	at io.netty.util.internal.PlatformDependent.<clinit>(PlatformDependent.java:88) ~[netty-common-4.1.82.Final.jar%2382!/:4.1.82.Final]
	at io.netty.util.ConstantPool.<init>(ConstantPool.java:34) ~[netty-common-4.1.82.Final.jar%2382!/:4.1.82.Final]
	at io.netty.util.AttributeKey$1.<init>(AttributeKey.java:27) ~[netty-common-4.1.82.Final.jar%2382!/:4.1.82.Final]
	at io.netty.util.AttributeKey.<clinit>(AttributeKey.java:27) ~[netty-common-4.1.82.Final.jar%2382!/:4.1.82.Final]
	at net.minecraftforge.network.NetworkConstants.<clinit>(NetworkConstants.java:34) ~[forge-1.20.1-47.3.7-universal.jar%23136!/:?]
	at net.minecraftforge.common.ForgeMod.<init>(ForgeMod.java:429) ~[forge-1.20.1-47.3.7-universal.jar%23136!/:?]
	at jdk.internal.reflect.NativeConstructorAccessorImpl.newInstance0(Native Method) ~[?:?]
	at jdk.internal.reflect.NativeConstructorAccessorImpl.newInstance(NativeConstructorAccessorImpl.java:77) ~[?:?]
	at jdk.internal.reflect.DelegatingConstructorAccessorImpl.newInstance(DelegatingConstructorAccessorImpl.java:45) ~[?:?]
	at java.lang.reflect.Constructor.newInstanceWithCaller(Constructor.java:500) ~[?:?]
	at java.lang.reflect.Constructor.newInstance(Constructor.java:481) ~[?:?]
	at net.minecraftforge.fml.javafmlmod.FMLModContainer.constructMod(FMLModContainer.java:70) ~[javafmllanguage-1.20.1-47.3.7.jar%23133!/:?]
	at net.minecraftforge.fml.ModContainer.lambda$buildTransitionHandler$4(ModContainer.java:124) ~[fmlcore-1.20.1-47.3.7.jar%23132!/:?]
	at java.util.concurrent.CompletableFuture$AsyncRun.run(CompletableFuture.java:1804) ~[?:?]
	at java.util.concurrent.CompletableFuture$AsyncRun.exec(CompletableFuture.java:1796) ~[?:?]
	at java.util.concurrent.ForkJoinTask.doExec(ForkJoinTask.java:373) ~[?:?]
	at java.util.concurrent.ForkJoinPool$WorkQueue.topLevelExec(ForkJoinPool.java:1182) ~[?:?]
	at java.util.concurrent.ForkJoinPool.scan(ForkJoinPool.java:1655) ~[?:?]
	at java.util.concurrent.ForkJoinPool.runWorker(ForkJoinPool.java:1622) ~[?:?]
	at java.util.concurrent.ForkJoinWorkerThread.run(ForkJoinWorkerThread.java:165) ~[?:?]
[03May2025 19:30:40.649] [modloading-worker-0/DEBUG] [io.netty.util.internal.PlatformDependent0/]: java.nio.Bits.unaligned: available, true
[03May2025 19:30:40.650] [modloading-worker-0/DEBUG] [io.netty.util.internal.PlatformDependent0/]: jdk.internal.misc.Unsafe.allocateUninitializedArray(int): unavailable
java.lang.IllegalAccessException: class io.netty.util.internal.PlatformDependent0$7 (in module io.netty.common) cannot access class jdk.internal.misc.Unsafe (in module java.base) because module java.base does not export jdk.internal.misc to module io.netty.common
	at jdk.internal.reflect.Reflection.newIllegalAccessException(Reflection.java:392) ~[?:?]
	at java.lang.reflect.AccessibleObject.checkAccess(AccessibleObject.java:674) ~[?:?]
	at java.lang.reflect.Method.invoke(Method.java:561) ~[?:?]
	at io.netty.util.internal.PlatformDependent0$7.run(PlatformDependent0.java:410) ~[netty-common-4.1.82.Final.jar%2382!/:4.1.82.Final]
	at java.security.AccessController.doPrivileged(AccessController.java:318) ~[?:?]
	at io.netty.util.internal.PlatformDependent0.<clinit>(PlatformDependent0.java:401) ~[netty-common-4.1.82.Final.jar%2382!/:4.1.82.Final]
	at io.netty.util.internal.PlatformDependent.isAndroid(PlatformDependent.java:333) ~[netty-common-4.1.82.Final.jar%2382!/:4.1.82.Final]
	at io.netty.util.internal.PlatformDependent.<clinit>(PlatformDependent.java:88) ~[netty-common-4.1.82.Final.jar%2382!/:4.1.82.Final]
	at io.netty.util.ConstantPool.<init>(ConstantPool.java:34) ~[netty-common-4.1.82.Final.jar%2382!/:4.1.82.Final]
	at io.netty.util.AttributeKey$1.<init>(AttributeKey.java:27) ~[netty-common-4.1.82.Final.jar%2382!/:4.1.82.Final]
	at io.netty.util.AttributeKey.<clinit>(AttributeKey.java:27) ~[netty-common-4.1.82.Final.jar%2382!/:4.1.82.Final]
	at net.minecraftforge.network.NetworkConstants.<clinit>(NetworkConstants.java:34) ~[forge-1.20.1-47.3.7-universal.jar%23136!/:?]
	at net.minecraftforge.common.ForgeMod.<init>(ForgeMod.java:429) ~[forge-1.20.1-47.3.7-universal.jar%23136!/:?]
	at jdk.internal.reflect.NativeConstructorAccessorImpl.newInstance0(Native Method) ~[?:?]
	at jdk.internal.reflect.NativeConstructorAccessorImpl.newInstance(NativeConstructorAccessorImpl.java:77) ~[?:?]
	at jdk.internal.reflect.DelegatingConstructorAccessorImpl.newInstance(DelegatingConstructorAccessorImpl.java:45) ~[?:?]
	at java.lang.reflect.Constructor.newInstanceWithCaller(Constructor.java:500) ~[?:?]
	at java.lang.reflect.Constructor.newInstance(Constructor.java:481) ~[?:?]
	at net.minecraftforge.fml.javafmlmod.FMLModContainer.constructMod(FMLModContainer.java:70) ~[javafmllanguage-1.20.1-47.3.7.jar%23133!/:?]
	at net.minecraftforge.fml.ModContainer.lambda$buildTransitionHandler$4(ModContainer.java:124) ~[fmlcore-1.20.1-47.3.7.jar%23132!/:?]
	at java.util.concurrent.CompletableFuture$AsyncRun.run(CompletableFuture.java:1804) ~[?:?]
	at java.util.concurrent.CompletableFuture$AsyncRun.exec(CompletableFuture.java:1796) ~[?:?]
	at java.util.concurrent.ForkJoinTask.doExec(ForkJoinTask.java:373) ~[?:?]
	at java.util.concurrent.ForkJoinPool$WorkQueue.topLevelExec(ForkJoinPool.java:1182) ~[?:?]
	at java.util.concurrent.ForkJoinPool.scan(ForkJoinPool.java:1655) ~[?:?]
	at java.util.concurrent.ForkJoinPool.runWorker(ForkJoinPool.java:1622) ~[?:?]
	at java.util.concurrent.ForkJoinWorkerThread.run(ForkJoinWorkerThread.java:165) ~[?:?]
[03May2025 19:30:40.652] [modloading-worker-0/DEBUG] [io.netty.util.internal.PlatformDependent0/]: java.nio.DirectByteBuffer.<init>(long, int): unavailable
[03May2025 19:30:40.653] [modloading-worker-0/DEBUG] [io.netty.util.internal.PlatformDependent/]: sun.misc.Unsafe: available
[03May2025 19:30:40.653] [modloading-worker-0/DEBUG] [io.netty.util.internal.PlatformDependent/]: maxDirectMemory: 17179869184 bytes (maybe)
[03May2025 19:30:40.655] [modloading-worker-0/DEBUG] [io.netty.util.internal.PlatformDependent/]: -Dio.netty.tmpdir: /tmp (java.io.tmpdir)
[03May2025 19:30:40.655] [modloading-worker-0/DEBUG] [io.netty.util.internal.PlatformDependent/]: -Dio.netty.bitMode: 64 (sun.arch.data.model)
[03May2025 19:30:40.656] [modloading-worker-0/DEBUG] [io.netty.util.internal.PlatformDependent/]: -Dio.netty.maxDirectMemory: -1 bytes
[03May2025 19:30:40.656] [modloading-worker-0/DEBUG] [io.netty.util.internal.PlatformDependent/]: -Dio.netty.uninitializedArrayAllocationThreshold: -1
[03May2025 19:30:40.657] [modloading-worker-0/DEBUG] [io.netty.util.internal.CleanerJava9/]: java.nio.ByteBuffer.cleaner(): available
[03May2025 19:30:40.658] [modloading-worker-0/DEBUG] [io.netty.util.internal.PlatformDependent/]: -Dio.netty.noPreferDirect: false
[03May2025 19:30:40.716] [modloading-worker-0/DEBUG] [net.minecraftforge.common.ForgeMod/FORGEMOD]: Loading Network data for FML net version: FML3
[03May2025 19:30:40.730] [modloading-worker-0/DEBUG] [net.minecraftforge.fml.config.ConfigTracker/CONFIG]: Config file forge-client.toml for forge tracking
[03May2025 19:30:40.730] [modloading-worker-0/DEBUG] [net.minecraftforge.fml.config.ConfigTracker/CONFIG]: Config file forge-server.toml for forge tracking
[03May2025 19:30:40.730] [modloading-worker-0/DEBUG] [net.minecraftforge.fml.ModLoadingContext/]: Attempted to register an empty config for type COMMON on mod forge
[03May2025 19:30:40.750] [modloading-worker-0/DEBUG] [net.minecraftforge.fml.javafmlmod.AutomaticEventSubscriber/LOADING]: Attempting to inject @EventBusSubscriber classes into the eventbus for forge
[03May2025 19:30:40.750] [modloading-worker-0/DEBUG] [net.minecraftforge.fml.javafmlmod.AutomaticEventSubscriber/LOADING]: Auto-subscribing net.minecraftforge.common.ForgeSpawnEggItem$CommonHandler to MOD
[03May2025 19:30:40.826] [modloading-worker-0/INFO] [thedarkcolour.kotlinforforge.test.KotlinForForge/]: Kotlin For Forge Enabled!
[03May2025 19:30:40.828] [modloading-worker-0/DEBUG] [thedarkcolour.kotlinforforge.LoggerKt/LOADING]: Attempting to inject @EventBusSubscriber kotlin objects in to the event bus for kotlinforforge
[03May2025 19:30:40.965] [modloading-worker-0/INFO] [com.cobblemon.mod.common.Cobblemon/]: Booting LaxPermissionValidator, permissions will be checked using Minecrafts permission level system, see https://minecraft.fandom.com/wiki/Permission_level
[03May2025 19:30:40.972] [modloading-worker-0/INFO] [com.cobblemon.mod.common.Cobblemon/]: Launching Cobblemon 1.5.2 
[03May2025 19:30:40.977] [modloading-worker-0/INFO] [com.cobblemon.mod.common.Cobblemon/]: Booting ForgePermissionApiPermissionValidator, player permissions will be checked using MinecraftForge' PermissionAPI, non player command sources will use Minecraft' permission level system, see https://docs.minecraftforge.net/en/latest/ and https://minecraft.fandom.com/wiki/Permission_level
[03May2025 19:30:41.101] [modloading-worker-0/INFO] [com.cobblemon.mod.common.Cobblemon/]: Starting the Best Spawner...
[03May2025 19:30:41.112] [modloading-worker-0/INFO] [com.cobblemon.mod.common.Cobblemon/]: Loaded 5 spawning condition types.
[03May2025 19:30:41.134] [modloading-worker-0/INFO] [com.cobblemon.mod.common.Cobblemon/]: Loaded 5 spawning context types.
[03May2025 19:30:41.138] [modloading-worker-0/INFO] [com.cobblemon.mod.common.Cobblemon/]: Loaded 1 spawn detail types.
[03May2025 19:30:41.621] [modloading-worker-0/DEBUG] [mixin/]: Mixing invoker.BooleanRuleInvoker from mixins.cobblemon-common.json into net.minecraft.world.level.GameRules$BooleanValue
[03May2025 19:30:41.624] [modloading-worker-0/DEBUG] [mixin/]: Mixing collections.gamerules.GameRulesMixin from canary.mixins.json into net.minecraft.world.level.GameRules
[03May2025 19:30:41.655] [modloading-worker-0/DEBUG] [thedarkcolour.kotlinforforge.LoggerKt/LOADING]: Attempting to inject @EventBusSubscriber kotlin objects in to the event bus for cobblemon
[03May2025 19:30:41.748] [main/DEBUG] [net.minecraftforge.common.capabilities.CapabilityManager/CAPABILITIES]: Attempting to automatically register: Lnet/minecraftforge/energy/IEnergyStorage;
[03May2025 19:30:41.749] [main/DEBUG] [net.minecraftforge.common.capabilities.CapabilityManager/CAPABILITIES]: Attempting to automatically register: Lnet/minecraftforge/fluids/capability/IFluidHandler;
[03May2025 19:30:41.749] [main/DEBUG] [net.minecraftforge.common.capabilities.CapabilityManager/CAPABILITIES]: Attempting to automatically register: Lnet/minecraftforge/fluids/capability/IFluidHandlerItem;
[03May2025 19:30:41.750] [main/DEBUG] [net.minecraftforge.common.capabilities.CapabilityManager/CAPABILITIES]: Attempting to automatically register: Lnet/minecraftforge/items/IItemHandler;
[03May2025 19:30:42.292] [main/DEBUG] [net.minecraftforge.fml.config.ConfigTracker/CONFIG]: Loading configs type COMMON
[03May2025 19:30:42.293] [main/DEBUG] [net.minecraftforge.fml.config.ConfigFileTypeHandler/CONFIG]: Built TOML config for /workspaces/server1/servidor_minecraft/config/aiimprovements-common.toml
[03May2025 19:30:42.294] [main/DEBUG] [net.minecraftforge.fml.config.ConfigFileTypeHandler/CONFIG]: Loaded TOML config file /workspaces/server1/servidor_minecraft/config/aiimprovements-common.toml
[03May2025 19:30:42.298] [main/DEBUG] [net.minecraftforge.fml.config.ConfigFileTypeHandler/CONFIG]: Watching TOML config file /workspaces/server1/servidor_minecraft/config/aiimprovements-common.toml for changes
[03May2025 19:30:42.298] [main/WARN] [net.minecraftforge.common.ForgeConfigSpec/CORE]: Configuration file /workspaces/server1/servidor_minecraft/config/aiimprovements-common.toml is not correct. Correcting
[03May2025 19:30:42.298] [main/WARN] [net.minecraftforge.common.ForgeConfigSpec/CORE]: Incorrect key entity was corrected from null to its default, SimpleCommentedConfig:{}. 
[03May2025 19:30:42.298] [main/WARN] [net.minecraftforge.common.ForgeConfigSpec/CORE]: Incorrect key entity.general was corrected from null to its default, SimpleCommentedConfig:{}. 
[03May2025 19:30:42.299] [main/WARN] [net.minecraftforge.common.ForgeConfigSpec/CORE]: Incorrect key entity.general.allow_remove_calls was corrected from null to its default, true. 
[03May2025 19:30:42.299] [main/DEBUG] [net.minecraftforge.common.ForgeConfigSpec/CORE]: The comment on key entity.general.allow_remove_calls does not match the spec. This may create a backup.
[03May2025 19:30:42.299] [main/WARN] [net.minecraftforge.common.ForgeConfigSpec/CORE]: Incorrect key entity.general.enable_call_bubbling was corrected from null to its default, true. 
[03May2025 19:30:42.299] [main/DEBUG] [net.minecraftforge.common.ForgeConfigSpec/CORE]: The comment on key entity.general.enable_call_bubbling does not match the spec. This may create a backup.
[03May2025 19:30:42.299] [main/DEBUG] [net.minecraftforge.common.ForgeConfigSpec/CORE]: The comment on key entity.general does not match the spec. This may create a backup.
[03May2025 19:30:42.299] [main/WARN] [net.minecraftforge.common.ForgeConfigSpec/CORE]: Incorrect key entity.mob was corrected from null to its default, SimpleCommentedConfig:{}. 
[03May2025 19:30:42.299] [main/WARN] [net.minecraftforge.common.ForgeConfigSpec/CORE]: Incorrect key entity.mob.remove_look_goal was corrected from null to its default, SimpleCommentedConfig:{}. 
[03May2025 19:30:42.299] [main/WARN] [net.minecraftforge.common.ForgeConfigSpec/CORE]: Incorrect key entity.mob.remove_look_goal.remove_look_goal was corrected from null to its default, false. 
[03May2025 19:30:42.299] [main/DEBUG] [net.minecraftforge.common.ForgeConfigSpec/CORE]: The comment on key entity.mob.remove_look_goal.remove_look_goal does not match the spec. This may create a backup.
[03May2025 19:30:42.299] [main/WARN] [net.minecraftforge.common.ForgeConfigSpec/CORE]: Incorrect key entity.mob.remove_look_goal.is_allowlist was corrected from null to its default, false. 
[03May2025 19:30:42.299] [main/DEBUG] [net.minecraftforge.common.ForgeConfigSpec/CORE]: The comment on key entity.mob.remove_look_goal.is_allowlist does not match the spec. This may create a backup.
[03May2025 19:30:42.300] [main/DEBUG] [net.minecraftforge.common.ForgeConfigSpec/CORE]: List on key filter_list is deemed to need correction. It is null, not a list, or an empty list. Modders, consider defineListAllowEmpty?
[03May2025 19:30:42.300] [main/WARN] [net.minecraftforge.common.ForgeConfigSpec/CORE]: Incorrect key entity.mob.remove_look_goal.filter_list was corrected from null to its default, []. 
[03May2025 19:30:42.300] [main/DEBUG] [net.minecraftforge.common.ForgeConfigSpec/CORE]: The comment on key entity.mob.remove_look_goal.filter_list does not match the spec. This may create a backup.
[03May2025 19:30:42.300] [main/DEBUG] [net.minecraftforge.common.ForgeConfigSpec/CORE]: The comment on key entity.mob.remove_look_goal does not match the spec. This may create a backup.
[03May2025 19:30:42.300] [main/WARN] [net.minecraftforge.common.ForgeConfigSpec/CORE]: Incorrect key entity.mob.remove_look_random was corrected from null to its default, SimpleCommentedConfig:{}. 
[03May2025 19:30:42.300] [main/WARN] [net.minecraftforge.common.ForgeConfigSpec/CORE]: Incorrect key entity.mob.remove_look_random.remove_look_random was corrected from null to its default, false. 
[03May2025 19:30:42.300] [main/DEBUG] [net.minecraftforge.common.ForgeConfigSpec/CORE]: The comment on key entity.mob.remove_look_random.remove_look_random does not match the spec. This may create a backup.
[03May2025 19:30:42.300] [main/WARN] [net.minecraftforge.common.ForgeConfigSpec/CORE]: Incorrect key entity.mob.remove_look_random.is_allowlist was corrected from null to its default, false. 
[03May2025 19:30:42.300] [main/DEBUG] [net.minecraftforge.common.ForgeConfigSpec/CORE]: The comment on key entity.mob.remove_look_random.is_allowlist does not match the spec. This may create a backup.
[03May2025 19:30:42.300] [main/DEBUG] [net.minecraftforge.common.ForgeConfigSpec/CORE]: List on key filter_list is deemed to need correction. It is null, not a list, or an empty list. Modders, consider defineListAllowEmpty?
[03May2025 19:30:42.300] [main/WARN] [net.minecraftforge.common.ForgeConfigSpec/CORE]: Incorrect key entity.mob.remove_look_random.filter_list was corrected from null to its default, []. 
[03May2025 19:30:42.300] [main/DEBUG] [net.minecraftforge.common.ForgeConfigSpec/CORE]: The comment on key entity.mob.remove_look_random.filter_list does not match the spec. This may create a backup.
[03May2025 19:30:42.301] [main/DEBUG] [net.minecraftforge.common.ForgeConfigSpec/CORE]: The comment on key entity.mob.remove_look_random does not match the spec. This may create a backup.
[03May2025 19:30:42.301] [main/WARN] [net.minecraftforge.common.ForgeConfigSpec/CORE]: Incorrect key entity.mob.replace_look_controller was corrected from null to its default, SimpleCommentedConfig:{}. 
[03May2025 19:30:42.301] [main/WARN] [net.minecraftforge.common.ForgeConfigSpec/CORE]: Incorrect key entity.mob.replace_look_controller.replace_look_controller was corrected from null to its default, true. 
[03May2025 19:30:42.301] [main/DEBUG] [net.minecraftforge.common.ForgeConfigSpec/CORE]: The comment on key entity.mob.replace_look_controller.replace_look_controller does not match the spec. This may create a backup.
[03May2025 19:30:42.301] [main/WARN] [net.minecraftforge.common.ForgeConfigSpec/CORE]: Incorrect key entity.mob.replace_look_controller.is_allowlist was corrected from null to its default, false. 
[03May2025 19:30:42.301] [main/DEBUG] [net.minecraftforge.common.ForgeConfigSpec/CORE]: The comment on key entity.mob.replace_look_controller.is_allowlist does not match the spec. This may create a backup.
[03May2025 19:30:42.301] [main/DEBUG] [net.minecraftforge.common.ForgeConfigSpec/CORE]: List on key filter_list is deemed to need correction. It is null, not a list, or an empty list. Modders, consider defineListAllowEmpty?
[03May2025 19:30:42.301] [main/WARN] [net.minecraftforge.common.ForgeConfigSpec/CORE]: Incorrect key entity.mob.replace_look_controller.filter_list was corrected from null to its default, []. 
[03May2025 19:30:42.302] [main/DEBUG] [net.minecraftforge.common.ForgeConfigSpec/CORE]: The comment on key entity.mob.replace_look_controller.filter_list does not match the spec. This may create a backup.
[03May2025 19:30:42.302] [main/DEBUG] [net.minecraftforge.common.ForgeConfigSpec/CORE]: The comment on key entity.mob.replace_look_controller does not match the spec. This may create a backup.
[03May2025 19:30:42.302] [main/DEBUG] [net.minecraftforge.common.ForgeConfigSpec/CORE]: The comment on key entity.mob does not match the spec. This may create a backup.
[03May2025 19:30:42.302] [main/WARN] [net.minecraftforge.common.ForgeConfigSpec/CORE]: Incorrect key entity.fish was corrected from null to its default, SimpleCommentedConfig:{}. 
[03May2025 19:30:42.302] [main/WARN] [net.minecraftforge.common.ForgeConfigSpec/CORE]: Incorrect key entity.fish.remove_swim was corrected from null to its default, false. 
[03May2025 19:30:42.303] [main/DEBUG] [net.minecraftforge.common.ForgeConfigSpec/CORE]: The comment on key entity.fish.remove_swim does not match the spec. This may create a backup.
[03May2025 19:30:42.303] [main/WARN] [net.minecraftforge.common.ForgeConfigSpec/CORE]: Incorrect key entity.fish.remove_panic was corrected from null to its default, false. 
[03May2025 19:30:42.303] [main/DEBUG] [net.minecraftforge.common.ForgeConfigSpec/CORE]: The comment on key entity.fish.remove_panic does not match the spec. This may create a backup.
[03May2025 19:30:42.303] [main/WARN] [net.minecraftforge.common.ForgeConfigSpec/CORE]: Incorrect key entity.fish.remove_avoid_player was corrected from null to its default, false. 
[03May2025 19:30:42.303] [main/DEBUG] [net.minecraftforge.common.ForgeConfigSpec/CORE]: The comment on key entity.fish.remove_avoid_player does not match the spec. This may create a backup.
[03May2025 19:30:42.303] [main/WARN] [net.minecraftforge.common.ForgeConfigSpec/CORE]: Incorrect key entity.fish.remove_follow_leader was corrected from null to its default, false. 
[03May2025 19:30:42.304] [main/DEBUG] [net.minecraftforge.common.ForgeConfigSpec/CORE]: The comment on key entity.fish.remove_follow_leader does not match the spec. This may create a backup.
[03May2025 19:30:42.304] [main/WARN] [net.minecraftforge.common.ForgeConfigSpec/CORE]: Incorrect key entity.fish.remove_puff was corrected from null to its default, false. 
[03May2025 19:30:42.304] [main/DEBUG] [net.minecraftforge.common.ForgeConfigSpec/CORE]: The comment on key entity.fish.remove_puff does not match the spec. This may create a backup.
[03May2025 19:30:42.304] [main/DEBUG] [net.minecraftforge.common.ForgeConfigSpec/CORE]: The comment on key entity.fish does not match the spec. This may create a backup.
[03May2025 19:30:42.304] [main/WARN] [net.minecraftforge.common.ForgeConfigSpec/CORE]: Incorrect key entity.squid was corrected from null to its default, SimpleCommentedConfig:{}. 
[03May2025 19:30:42.305] [main/WARN] [net.minecraftforge.common.ForgeConfigSpec/CORE]: Incorrect key entity.squid.remove_flee was corrected from null to its default, false. 
[03May2025 19:30:42.305] [main/DEBUG] [net.minecraftforge.common.ForgeConfigSpec/CORE]: The comment on key entity.squid.remove_flee does not match the spec. This may create a backup.
[03May2025 19:30:42.305] [main/WARN] [net.minecraftforge.common.ForgeConfigSpec/CORE]: Incorrect key entity.squid.remove_random_move was corrected from null to its default, false. 
[03May2025 19:30:42.305] [main/DEBUG] [net.minecraftforge.common.ForgeConfigSpec/CORE]: The comment on key entity.squid.remove_random_move does not match the spec. This may create a backup.
[03May2025 19:30:42.305] [main/DEBUG] [net.minecraftforge.common.ForgeConfigSpec/CORE]: The comment on key entity.squid does not match the spec. This may create a backup.
[03May2025 19:30:42.305] [main/WARN] [net.minecraftforge.common.ForgeConfigSpec/CORE]: Incorrect key entity.cow was corrected from null to its default, SimpleCommentedConfig:{}. 
[03May2025 19:30:42.305] [main/WARN] [net.minecraftforge.common.ForgeConfigSpec/CORE]: Incorrect key entity.cow.remove_float was corrected from null to its default, false. 
[03May2025 19:30:42.306] [main/DEBUG] [net.minecraftforge.common.ForgeConfigSpec/CORE]: The comment on key entity.cow.remove_float does not match the spec. This may create a backup.
[03May2025 19:30:42.306] [main/WARN] [net.minecraftforge.common.ForgeConfigSpec/CORE]: Incorrect key entity.cow.remove_panic was corrected from null to its default, false. 
[03May2025 19:30:42.306] [main/DEBUG] [net.minecraftforge.common.ForgeConfigSpec/CORE]: The comment on key entity.cow.remove_panic does not match the spec. This may create a backup.
[03May2025 19:30:42.306] [main/WARN] [net.minecraftforge.common.ForgeConfigSpec/CORE]: Incorrect key entity.cow.remove_breed was corrected from null to its default, false. 
[03May2025 19:30:42.306] [main/DEBUG] [net.minecraftforge.common.ForgeConfigSpec/CORE]: The comment on key entity.cow.remove_breed does not match the spec. This may create a backup.
[03May2025 19:30:42.306] [main/WARN] [net.minecraftforge.common.ForgeConfigSpec/CORE]: Incorrect key entity.cow.remove_tempt was corrected from null to its default, false. 
[03May2025 19:30:42.306] [main/DEBUG] [net.minecraftforge.common.ForgeConfigSpec/CORE]: The comment on key entity.cow.remove_tempt does not match the spec. This may create a backup.
[03May2025 19:30:42.306] [main/WARN] [net.minecraftforge.common.ForgeConfigSpec/CORE]: Incorrect key entity.cow.remove_follow_parent was corrected from null to its default, false. 
[03May2025 19:30:42.306] [main/DEBUG] [net.minecraftforge.common.ForgeConfigSpec/CORE]: The comment on key entity.cow.remove_follow_parent does not match the spec. This may create a backup.
[03May2025 19:30:42.307] [main/WARN] [net.minecraftforge.common.ForgeConfigSpec/CORE]: Incorrect key entity.cow.remove_stroll was corrected from null to its default, false. 
[03May2025 19:30:42.307] [main/DEBUG] [net.minecraftforge.common.ForgeConfigSpec/CORE]: The comment on key entity.cow.remove_stroll does not match the spec. This may create a backup.
[03May2025 19:30:42.307] [main/DEBUG] [net.minecraftforge.common.ForgeConfigSpec/CORE]: The comment on key entity.cow does not match the spec. This may create a backup.
[03May2025 19:30:42.307] [main/WARN] [net.minecraftforge.common.ForgeConfigSpec/CORE]: Incorrect key entity.chicken was corrected from null to its default, SimpleCommentedConfig:{}. 
[03May2025 19:30:42.307] [main/WARN] [net.minecraftforge.common.ForgeConfigSpec/CORE]: Incorrect key entity.chicken.remove_float was corrected from null to its default, false. 
[03May2025 19:30:42.307] [main/DEBUG] [net.minecraftforge.common.ForgeConfigSpec/CORE]: The comment on key entity.chicken.remove_float does not match the spec. This may create a backup.
[03May2025 19:30:42.307] [main/WARN] [net.minecraftforge.common.ForgeConfigSpec/CORE]: Incorrect key entity.chicken.remove_panic was corrected from null to its default, false. 
[03May2025 19:30:42.307] [main/DEBUG] [net.minecraftforge.common.ForgeConfigSpec/CORE]: The comment on key entity.chicken.remove_panic does not match the spec. This may create a backup.
[03May2025 19:30:42.308] [main/WARN] [net.minecraftforge.common.ForgeConfigSpec/CORE]: Incorrect key entity.chicken.remove_breed was corrected from null to its default, false. 
[03May2025 19:30:42.308] [main/DEBUG] [net.minecraftforge.common.ForgeConfigSpec/CORE]: The comment on key entity.chicken.remove_breed does not match the spec. This may create a backup.
[03May2025 19:30:42.308] [main/WARN] [net.minecraftforge.common.ForgeConfigSpec/CORE]: Incorrect key entity.chicken.remove_tempt was corrected from null to its default, false. 
[03May2025 19:30:42.308] [main/DEBUG] [net.minecraftforge.common.ForgeConfigSpec/CORE]: The comment on key entity.chicken.remove_tempt does not match the spec. This may create a backup.
[03May2025 19:30:42.308] [main/WARN] [net.minecraftforge.common.ForgeConfigSpec/CORE]: Incorrect key entity.chicken.remove_follow_parent was corrected from null to its default, false. 
[03May2025 19:30:42.308] [main/DEBUG] [net.minecraftforge.common.ForgeConfigSpec/CORE]: The comment on key entity.chicken.remove_follow_parent does not match the spec. This may create a backup.
[03May2025 19:30:42.308] [main/WARN] [net.minecraftforge.common.ForgeConfigSpec/CORE]: Incorrect key entity.chicken.remove_stroll was corrected from null to its default, false. 
[03May2025 19:30:42.309] [main/DEBUG] [net.minecraftforge.common.ForgeConfigSpec/CORE]: The comment on key entity.chicken.remove_stroll does not match the spec. This may create a backup.
[03May2025 19:30:42.309] [main/DEBUG] [net.minecraftforge.common.ForgeConfigSpec/CORE]: The comment on key entity.chicken does not match the spec. This may create a backup.
[03May2025 19:30:42.309] [main/WARN] [net.minecraftforge.common.ForgeConfigSpec/CORE]: Incorrect key entity.pig was corrected from null to its default, SimpleCommentedConfig:{}. 
[03May2025 19:30:42.309] [main/WARN] [net.minecraftforge.common.ForgeConfigSpec/CORE]: Incorrect key entity.pig.remove_float was corrected from null to its default, false. 
[03May2025 19:30:42.309] [main/DEBUG] [net.minecraftforge.common.ForgeConfigSpec/CORE]: The comment on key entity.pig.remove_float does not match the spec. This may create a backup.
[03May2025 19:30:42.309] [main/WARN] [net.minecraftforge.common.ForgeConfigSpec/CORE]: Incorrect key entity.pig.remove_panic was corrected from null to its default, false. 
[03May2025 19:30:42.310] [main/DEBUG] [net.minecraftforge.common.ForgeConfigSpec/CORE]: The comment on key entity.pig.remove_panic does not match the spec. This may create a backup.
[03May2025 19:30:42.310] [main/WARN] [net.minecraftforge.common.ForgeConfigSpec/CORE]: Incorrect key entity.pig.remove_breed was corrected from null to its default, false. 
[03May2025 19:30:42.310] [main/DEBUG] [net.minecraftforge.common.ForgeConfigSpec/CORE]: The comment on key entity.pig.remove_breed does not match the spec. This may create a backup.
[03May2025 19:30:42.310] [main/WARN] [net.minecraftforge.common.ForgeConfigSpec/CORE]: Incorrect key entity.pig.remove_tempt was corrected from null to its default, false. 
[03May2025 19:30:42.310] [main/DEBUG] [net.minecraftforge.common.ForgeConfigSpec/CORE]: The comment on key entity.pig.remove_tempt does not match the spec. This may create a backup.
[03May2025 19:30:42.310] [main/WARN] [net.minecraftforge.common.ForgeConfigSpec/CORE]: Incorrect key entity.pig.remove_follow_parent was corrected from null to its default, false. 
[03May2025 19:30:42.310] [main/DEBUG] [net.minecraftforge.common.ForgeConfigSpec/CORE]: The comment on key entity.pig.remove_follow_parent does not match the spec. This may create a backup.
[03May2025 19:30:42.310] [main/WARN] [net.minecraftforge.common.ForgeConfigSpec/CORE]: Incorrect key entity.pig.remove_stroll was corrected from null to its default, false. 
[03May2025 19:30:42.311] [main/DEBUG] [net.minecraftforge.common.ForgeConfigSpec/CORE]: The comment on key entity.pig.remove_stroll does not match the spec. This may create a backup.
[03May2025 19:30:42.311] [main/DEBUG] [net.minecraftforge.common.ForgeConfigSpec/CORE]: The comment on key entity.pig does not match the spec. This may create a backup.
[03May2025 19:30:42.311] [main/WARN] [net.minecraftforge.common.ForgeConfigSpec/CORE]: Incorrect key entity.sheep was corrected from null to its default, SimpleCommentedConfig:{}. 
[03May2025 19:30:42.311] [main/WARN] [net.minecraftforge.common.ForgeConfigSpec/CORE]: Incorrect key entity.sheep.remove_float was corrected from null to its default, false. 
[03May2025 19:30:42.311] [main/DEBUG] [net.minecraftforge.common.ForgeConfigSpec/CORE]: The comment on key entity.sheep.remove_float does not match the spec. This may create a backup.
[03May2025 19:30:42.311] [main/WARN] [net.minecraftforge.common.ForgeConfigSpec/CORE]: Incorrect key entity.sheep.remove_panic was corrected from null to its default, false. 
[03May2025 19:30:42.311] [main/DEBUG] [net.minecraftforge.common.ForgeConfigSpec/CORE]: The comment on key entity.sheep.remove_panic does not match the spec. This may create a backup.
[03May2025 19:30:42.312] [main/WARN] [net.minecraftforge.common.ForgeConfigSpec/CORE]: Incorrect key entity.sheep.remove_breed was corrected from null to its default, false. 
[03May2025 19:30:42.312] [main/DEBUG] [net.minecraftforge.common.ForgeConfigSpec/CORE]: The comment on key entity.sheep.remove_breed does not match the spec. This may create a backup.
[03May2025 19:30:42.312] [main/WARN] [net.minecraftforge.common.ForgeConfigSpec/CORE]: Incorrect key entity.sheep.remove_tempt was corrected from null to its default, false. 
[03May2025 19:30:42.312] [main/DEBUG] [net.minecraftforge.common.ForgeConfigSpec/CORE]: The comment on key entity.sheep.remove_tempt does not match the spec. This may create a backup.
[03May2025 19:30:42.312] [main/WARN] [net.minecraftforge.common.ForgeConfigSpec/CORE]: Incorrect key entity.sheep.remove_follow_parent was corrected from null to its default, false. 
[03May2025 19:30:42.312] [main/DEBUG] [net.minecraftforge.common.ForgeConfigSpec/CORE]: The comment on key entity.sheep.remove_follow_parent does not match the spec. This may create a backup.
[03May2025 19:30:42.312] [main/WARN] [net.minecraftforge.common.ForgeConfigSpec/CORE]: Incorrect key entity.sheep.remove_stroll was corrected from null to its default, false. 
[03May2025 19:30:42.312] [main/DEBUG] [net.minecraftforge.common.ForgeConfigSpec/CORE]: The comment on key entity.sheep.remove_stroll does not match the spec. This may create a backup.
[03May2025 19:30:42.312] [main/WARN] [net.minecraftforge.common.ForgeConfigSpec/CORE]: Incorrect key entity.sheep.remove_eat_block was corrected from null to its default, false. 
[03May2025 19:30:42.313] [main/DEBUG] [net.minecraftforge.common.ForgeConfigSpec/CORE]: The comment on key entity.sheep.remove_eat_block does not match the spec. This may create a backup.
[03May2025 19:30:42.313] [main/DEBUG] [net.minecraftforge.common.ForgeConfigSpec/CORE]: The comment on key entity.sheep does not match the spec. This may create a backup.
[03May2025 19:30:42.313] [main/DEBUG] [net.minecraftforge.common.ForgeConfigSpec/CORE]: The comment on key entity does not match the spec. This may create a backup.
[03May2025 19:30:42.318] [Thread-1/DEBUG] [net.minecraftforge.fml.config.ConfigFileTypeHandler/CONFIG]: Config file aiimprovements-common.toml changed, sending notifies
[03May2025 19:30:42.320] [Thread-1/DEBUG] [net.minecraftforge.fml.config.ConfigFileTypeHandler/CONFIG]: Config file aiimprovements-common.toml changed, sending notifies
[03May2025 19:30:42.321] [Thread-1/DEBUG] [net.minecraftforge.fml.config.ConfigFileTypeHandler/CONFIG]: Config file aiimprovements-common.toml changed, sending notifies
[03May2025 19:30:42.325] [Thread-1/DEBUG] [net.minecraftforge.fml.config.ConfigFileTypeHandler/CONFIG]: Config file aiimprovements-common.toml changed, sending notifies
[03May2025 19:30:42.334] [modloading-worker-0/INFO] [com.cobblemon.mod.common.Cobblemon/]: Initializing...
[03May2025 19:30:42.619] [Forge Version Check/INFO] [net.minecraftforge.fml.VersionChecker/]: [canary] Starting version check at https://github.com/AbdElAziz333/Canary/raw/mc1.19.2/dev/updates.json
[03May2025 19:30:42.843] [Cobblemon Showdown/INFO] [com.cobblemon.mod.common.Cobblemon/]: Starting showdown service...
[03May2025 19:30:43.394] [Forge Version Check/DEBUG] [net.minecraftforge.fml.VersionChecker/]: [canary] Received version check data:
{
  "homepage": "https://modrinth.com/mod/canary/versions",
  "promos": {
    "1.20.4-latest": "0.3.3",
    "1.20.4-recommended": "0.3.3",
    "1.20.1-latest": "0.3.3",
    "1.20.1-recommended": "0.3.3",
    "1.20-latest": "0.2.5",
    "1.20-recommended": "0.2.5",
    "1.19.4-latest": "0.2.5",
    "1.19.4-recommended": "0.2.5",  
    "1.19.3-latest": "0.2.5",
    "1.19.3-recommended": "0.2.5",
    "1.19.2-latest": "0.3.3",
    "1.19.2-recommended": "0.3.3",
    "1.18.2-latest": "0.3.3",
    "1.18.2-recommended": "0.3.3"
  }
}
[03May2025 19:30:43.395] [Forge Version Check/INFO] [net.minecraftforge.fml.VersionChecker/]: [canary] Found status: UP_TO_DATE Current: 0.3.3 Target: null
[03May2025 19:30:43.395] [Forge Version Check/INFO] [net.minecraftforge.fml.VersionChecker/]: [smoothboot] Starting version check at https://github.com/AbdElAziz333/SmoothBoot-Reloaded/raw/mc1.20.1/dev/updates.json
[03May2025 19:30:43.487] [Forge Version Check/DEBUG] [net.minecraftforge.fml.VersionChecker/]: [smoothboot] Received version check data:
{
  "homepage": "https://github.com/AbdElAziz333/SmoothBoot-Reloaded",
  "promos": {
    "1.20.1-latest": "0.0.4",
    "1.20.1-recommended": "0.0.4",
    "1.19.4-latest": "0.0.3",
    "1.19.4-recommended": "0.0.3",
    "1.19.3-latest": "0.0.3",
    "1.19.3-recommended": "0.0.3",
    "1.19.2-latest": "0.0.4",
    "1.19.2-recommended": "0.0.4",
    "1.18.2-latest": "0.0.4",
    "1.18.2-recommended": "0.0.4"
  }
}
[03May2025 19:30:43.487] [Forge Version Check/INFO] [net.minecraftforge.fml.VersionChecker/]: [smoothboot] Found status: UP_TO_DATE Current: 0.0.4 Target: null
[03May2025 19:30:43.488] [Forge Version Check/INFO] [net.minecraftforge.fml.VersionChecker/]: [forge] Starting version check at https://files.minecraftforge.net/net/minecraftforge/forge/promotions_slim.json
[03May2025 19:30:43.750] [Forge Version Check/DEBUG] [net.minecraftforge.fml.VersionChecker/]: [forge] Received version check data:
{
  "homepage": "https://files.minecraftforge.net/net/minecraftforge/forge/",
  "promos": {
    "1.1-latest": "1.3.4.29",
    "1.2.3-latest": "1.4.1.64",
    "1.2.4-latest": "2.0.0.68",
    "1.2.5-latest": "3.4.9.171",
    "1.3.2-latest": "4.3.5.318",
    "1.4.0-latest": "5.0.0.326",
    "1.4.1-latest": "6.0.0.329",
    "1.4.2-latest": "6.0.1.355",
    "1.4.3-latest": "6.2.1.358",
    "1.4.4-latest": "6.3.0.378",
    "1.4.5-latest": "6.4.2.448",
    "1.4.6-latest": "6.5.0.489",
    "1.4.7-latest": "6.6.2.534",
    "1.5-latest": "7.7.0.598",
    "1.5.1-latest": "7.7.2.682",
    "1.5.2-latest": "7.8.1.738",
    "1.5.2-recommended": "7.8.1.738",
    "1.6.1-latest": "8.9.0.775",
    "1.6.2-latest": "9.10.1.871",
    "1.6.2-recommended": "9.10.1.871",
    "1.6.3-latest": "9.11.0.878",
    "1.6.4-latest": "9.11.1.1345",
    "1.6.4-recommended": "9.11.1.1345",
    "1.7.2-latest": "10.12.2.1161",
    "1.7.2-recommended": "10.12.2.1161",
    "1.7.10_pre4-latest": "10.12.2.1149",
    "1.7.10-latest": "10.13.4.1614",
    "1.7.10-recommended": "10.13.4.1614",
    "1.8-latest": "11.14.4.1577",
    "1.8-recommended": "11.14.4.1563",
    "1.8.8-latest": "11.15.0.1655",
    "1.8.9-latest": "11.15.1.2318",
    "1.8.9-recommended": "11.15.1.2318",
    "1.9-latest": "12.16.1.1938",
    "1.9-recommended": "12.16.1.1887",
    "1.9.4-latest": "12.17.0.2317",
    "1.9.4-recommended": "12.17.0.2317",
    "1.10-latest": "12.18.0.2000",
    "1.10.2-latest": "12.18.3.2511",
    "1.10.2-recommended": "12.18.3.2511",
    "1.11-latest": "13.19.1.2199",
    "1.11-recommended": "13.19.1.2189",
    "1.11.2-latest": "13.20.1.2588",
    "1.11.2-recommended": "13.20.1.2588",
    "1.12-latest": "14.21.1.2443",
    "1.12-recommended": "14.21.1.2387",
    "1.12.1-latest": "14.22.1.2485",
    "1.12.1-recommended": "14.22.1.2478",
    "1.12.2-latest": "14.23.5.2860",
    "1.12.2-recommended": "14.23.5.2859",
    "1.13.2-latest": "25.0.223",
    "1.14.2-latest": "26.0.63",
    "1.14.3-latest": "27.0.60",
    "1.14.4-latest": "28.2.26",
    "1.14.4-recommended": "28.2.26",
    "1.15-latest": "29.0.4",
    "1.15.1-latest": "30.0.51",
    "1.15.2-latest": "31.2.57",
    "1.15.2-recommended": "31.2.57",
    "1.16.1-latest": "32.0.108",
    "1.16.2-latest": "33.0.61",
    "1.16.3-latest": "34.1.42",
    "1.16.3-recommended": "34.1.0",
    "1.16.4-latest": "35.1.37",
    "1.16.4-recommended": "35.1.4",
    "1.16.5-latest": "36.2.42",
    "1.16.5-recommended": "36.2.34",
    "1.17.1-latest": "37.1.1",
    "1.17.1-recommended": "37.1.1",
    "1.18-latest": "38.0.17",
    "1.18.1-latest": "39.1.2",
    "1.18.1-recommended": "39.1.0",
    "1.18.2-recommended": "40.3.0",
    "1.18.2-latest": "40.3.10",
    "1.19-latest": "41.1.0",
    "1.19-recommended": "41.1.0",
    "1.19.1-latest": "42.0.9",
    "1.19.2-recommended": "43.5.0",
    "1.19.2-latest": "43.5.0",
    "1.19.3-latest": "44.1.23",
    "1.19.3-recommended": "44.1.0",
    "1.19.4-recommended": "45.4.0",
    "1.19.4-latest": "45.4.0",
    "1.20-latest": "46.0.14",
    "1.20.1-recommended": "47.4.0",
    "1.20.1-latest": "47.4.0",
    "1.20.2-latest": "48.1.0",
    "1.20.2-recommended": "48.1.0",
    "1.20.3-latest": "49.0.2",
    "1.20.4-latest": "49.2.0",
    "1.20.4-recommended": "49.2.0",
    "1.20.6-latest": "50.2.0",
    "1.20.6-recommended": "50.2.0",
    "1.21-latest": "51.0.33",
    "1.21.1-latest": "52.1.1",
    "1.21.1-recommended": "52.1.0",
    "1.21.3-latest": "53.1.1",
    "1.21.3-recommended": "53.1.0",
    "1.21.4-latest": "54.1.3",
    "1.21.4-recommended": "54.1.0",
    "1.21.5-latest": "55.0.9"
  }
}
[03May2025 19:30:43.751] [Forge Version Check/INFO] [net.minecraftforge.fml.VersionChecker/]: [forge] Found status: OUTDATED Current: 47.3.7 Target: 47.4.0
[03May2025 19:30:43.751] [Forge Version Check/INFO] [net.minecraftforge.fml.VersionChecker/]: [clumps] Starting version check at https://updates.blamejared.com/get?n=clumps&gv=1.20.1
[03May2025 19:30:44.310] [Forge Version Check/DEBUG] [net.minecraftforge.fml.VersionChecker/]: [clumps] Received version check data:
{"homepage":"https://www.curseforge.com/minecraft/mc-mods/clumps","promos":{"1.20.1-latest":"12.0.0.4"}}
[03May2025 19:30:44.311] [Forge Version Check/INFO] [net.minecraftforge.fml.VersionChecker/]: [clumps] Found status: BETA Current: 12.0.0.4 Target: 12.0.0.4
[03May2025 19:30:46.862] [Cobblemon Showdown/INFO] [com.cobblemon.mod.common.Cobblemon/]: Showdown has been started!
[03May2025 19:30:46.865] [modloading-worker-0/INFO] [com.cobblemon.mod.common.Cobblemon/]: Note: Cobblemon data registries are only loaded once per server instance as Pokémon species are not safe to reload.
[03May2025 19:30:46.865] [modloading-worker-0/INFO] [com.cobblemon.mod.common.Cobblemon/]: Registered the cobblemon:species_features registry
[03May2025 19:30:46.865] [modloading-worker-0/DEBUG] [com.cobblemon.mod.common.Cobblemon/]: Registered the cobblemon:species_features registry of class com.cobblemon.mod.common.api.pokemon.feature.SpeciesFeatures
[03May2025 19:30:46.866] [modloading-worker-0/INFO] [com.cobblemon.mod.common.Cobblemon/]: Registered the cobblemon:global_species_features registry
[03May2025 19:30:46.866] [modloading-worker-0/DEBUG] [com.cobblemon.mod.common.Cobblemon/]: Registered the cobblemon:global_species_features registry of class com.cobblemon.mod.common.api.pokemon.feature.GlobalSpeciesFeatures
[03May2025 19:30:46.867] [modloading-worker-0/INFO] [com.cobblemon.mod.common.Cobblemon/]: Registered the cobblemon:species_feature_assignments registry
[03May2025 19:30:46.867] [modloading-worker-0/DEBUG] [com.cobblemon.mod.common.Cobblemon/]: Registered the cobblemon:species_feature_assignments registry of class com.cobblemon.mod.common.api.pokemon.feature.SpeciesFeatureAssignments
[03May2025 19:30:46.881] [modloading-worker-0/INFO] [com.cobblemon.mod.common.Cobblemon/]: Registered the cobblemon:action_effects registry
[03May2025 19:30:46.882] [modloading-worker-0/DEBUG] [com.cobblemon.mod.common.Cobblemon/]: Registered the cobblemon:action_effects registry of class com.cobblemon.mod.common.api.moves.animations.ActionEffects
[03May2025 19:30:46.882] [modloading-worker-0/INFO] [com.cobblemon.mod.common.Cobblemon/]: Registered the cobblemon:moves registry
[03May2025 19:30:46.882] [modloading-worker-0/DEBUG] [com.cobblemon.mod.common.Cobblemon/]: Registered the cobblemon:moves registry of class com.cobblemon.mod.common.api.moves.Moves
[03May2025 19:30:46.884] [modloading-worker-0/INFO] [com.cobblemon.mod.common.Cobblemon/]: Registered the cobblemon:abilities registry
[03May2025 19:30:46.884] [modloading-worker-0/DEBUG] [com.cobblemon.mod.common.Cobblemon/]: Registered the cobblemon:abilities registry of class com.cobblemon.mod.common.api.abilities.Abilities
[03May2025 19:30:46.884] [modloading-worker-0/INFO] [com.cobblemon.mod.common.Cobblemon/]: Registered the cobblemon:species registry
[03May2025 19:30:46.884] [modloading-worker-0/DEBUG] [com.cobblemon.mod.common.Cobblemon/]: Registered the cobblemon:species registry of class com.cobblemon.mod.common.api.pokemon.PokemonSpecies
[03May2025 19:30:46.884] [modloading-worker-0/INFO] [com.cobblemon.mod.common.Cobblemon/]: Registered the cobblemon:species_additions registry
[03May2025 19:30:46.884] [modloading-worker-0/DEBUG] [com.cobblemon.mod.common.Cobblemon/]: Registered the cobblemon:species_additions registry of class com.cobblemon.mod.common.pokemon.SpeciesAdditions
[03May2025 19:30:46.884] [modloading-worker-0/INFO] [com.cobblemon.mod.common.Cobblemon/]: Registered the cobblemon:pokeballs registry
[03May2025 19:30:46.884] [modloading-worker-0/DEBUG] [com.cobblemon.mod.common.Cobblemon/]: Registered the cobblemon:pokeballs registry of class com.cobblemon.mod.common.api.pokeball.PokeBalls
[03May2025 19:30:46.885] [modloading-worker-0/INFO] [com.cobblemon.mod.common.Cobblemon/]: Registered the cobblemon:properties_tab_completion registry
[03May2025 19:30:46.886] [modloading-worker-0/DEBUG] [com.cobblemon.mod.common.Cobblemon/]: Registered the cobblemon:properties_tab_completion registry of class com.cobblemon.mod.common.pokemon.properties.PropertiesCompletionProvider
[03May2025 19:30:46.886] [modloading-worker-0/INFO] [com.cobblemon.mod.common.Cobblemon/]: Registered the cobblemon:spawn_detail_presets registry
[03May2025 19:30:46.886] [modloading-worker-0/DEBUG] [com.cobblemon.mod.common.Cobblemon/]: Registered the cobblemon:spawn_detail_presets registry of class com.cobblemon.mod.common.api.spawning.SpawnDetailPresets
[03May2025 19:30:46.892] [modloading-worker-0/INFO] [com.cobblemon.mod.common.Cobblemon/]: Registered the cobblemon:spawn_rules registry
[03May2025 19:30:46.892] [modloading-worker-0/DEBUG] [com.cobblemon.mod.common.Cobblemon/]: Registered the cobblemon:spawn_rules registry of class com.cobblemon.mod.common.api.spawning.CobblemonSpawnRules
[03May2025 19:30:46.904] [modloading-worker-0/INFO] [com.cobblemon.mod.common.Cobblemon/]: Registered the cobblemon:mechanics registry
[03May2025 19:30:46.905] [modloading-worker-0/DEBUG] [com.cobblemon.mod.common.Cobblemon/]: Registered the cobblemon:mechanics registry of class com.cobblemon.mod.common.CobblemonMechanics
[03May2025 19:30:46.905] [modloading-worker-0/INFO] [com.cobblemon.mod.common.Cobblemon/]: Registered the cobblemon:bag_items registry
[03May2025 19:30:46.905] [modloading-worker-0/DEBUG] [com.cobblemon.mod.common.Cobblemon/]: Registered the cobblemon:bag_items registry of class com.cobblemon.mod.common.battles.BagItems
[03May2025 19:30:46.909] [modloading-worker-0/INFO] [com.cobblemon.mod.common.Cobblemon/]: Registered the cobblemon:dialogues registry
[03May2025 19:30:46.909] [modloading-worker-0/DEBUG] [com.cobblemon.mod.common.Cobblemon/]: Registered the cobblemon:dialogues registry of class com.cobblemon.mod.common.api.dialogue.Dialogues
[03May2025 19:30:46.910] [modloading-worker-0/INFO] [com.cobblemon.mod.common.Cobblemon/]: Registered the cobblemon:natural_materials registry
[03May2025 19:30:46.910] [modloading-worker-0/DEBUG] [com.cobblemon.mod.common.Cobblemon/]: Registered the cobblemon:natural_materials registry of class com.cobblemon.mod.common.api.fossil.NaturalMaterials
[03May2025 19:30:46.911] [modloading-worker-0/INFO] [com.cobblemon.mod.common.Cobblemon/]: Registered the cobblemon:fossils registry
[03May2025 19:30:46.911] [modloading-worker-0/DEBUG] [com.cobblemon.mod.common.Cobblemon/]: Registered the cobblemon:fossils registry of class com.cobblemon.mod.common.api.fossil.Fossils
[03May2025 19:30:46.918] [modloading-worker-0/INFO] [com.cobblemon.mod.common.Cobblemon/]: Registered the cobblemon:spawn_pool_world registry
[03May2025 19:30:46.918] [modloading-worker-0/DEBUG] [com.cobblemon.mod.common.Cobblemon/]: Registered the cobblemon:spawn_pool_world registry of class com.cobblemon.mod.common.api.spawning.detail.SpawnPool
[03May2025 19:30:46.926] [modloading-worker-0/INFO] [com.cobblemon.mod.common.Cobblemon/]: Registered the cobblemon:berries registry
[03May2025 19:30:46.926] [modloading-worker-0/DEBUG] [com.cobblemon.mod.common.Cobblemon/]: Registered the cobblemon:berries registry of class com.cobblemon.mod.common.api.berry.Berries
[03May2025 19:30:46.940] [main/DEBUG] [net.minecraftforge.fml.DeferredWorkQueue/LOADING]: Dispatching synchronous work for work queue COMMON_SETUP: 2 jobs
[03May2025 19:30:46.947] [main/DEBUG] [net.minecraftforge.fml.DeferredWorkQueue/LOADING]: Synchronous work queue completed in 5.768 ms
[03May2025 19:30:46.988] [main/DEBUG] [mixin/]: Mixing BlockStateCacheMixin from ferritecore.blockstatecache.mixin.json into net.minecraft.world.level.block.state.BlockBehaviour$BlockStateBase$Cache
[03May2025 19:30:46.995] [main/DEBUG] [mixin/]: Mixing ai.pathing.WalkNodeEvaluatorMixin from canary.mixins.json into net.minecraft.world.level.pathfinder.WalkNodeEvaluator
[03May2025 19:30:47.088] [main/DEBUG] [mixin/]: Mixing SubShapeAccess from ferritecore.blockstatecache.mixin.json into net.minecraft.world.phys.shapes.SubShape
[03May2025 19:30:47.914] [main/INFO] [com.mojang.authlib.yggdrasil.YggdrasilAuthenticationService/]: Environment: authHost='https://authserver.mojang.com', accountsHost='https://api.mojang.com', sessionHost='https://sessionserver.mojang.com', servicesHost='https://api.minecraftservices.com', name='PROD'
[03May2025 19:30:49.496] [main/WARN] [net.minecraft.server.packs.VanillaPackResourcesBuilder/]: Assets URL 'union:/workspaces/server1/servidor_minecraft/libraries/net/minecraft/server/1.20.1-20230612.114412/server-1.20.1-20230612.114412-srg.jar%23131!/assets/.mcassetsroot' uses unexpected schema
[03May2025 19:30:49.496] [main/WARN] [net.minecraft.server.packs.VanillaPackResourcesBuilder/]: Assets URL 'union:/workspaces/server1/servidor_minecraft/libraries/net/minecraft/server/1.20.1-20230612.114412/server-1.20.1-20230612.114412-srg.jar%23131!/data/.mcassetsroot' uses unexpected schema
[03May2025 19:30:49.512] [main/DEBUG] [Smooth Boot (Reloaded)/]: Replaced Main Executor
[03May2025 19:30:49.536] [main/DEBUG] [net.minecraftforge.server.ServerLifecycleHooks/CORE]: Generating PackInfo named mod:canary for mod file /workspaces/server1/servidor_minecraft/mods/canary-mc1.20.1-0.3.3.jar
[03May2025 19:30:49.537] [main/DEBUG] [net.minecraftforge.server.ServerLifecycleHooks/CORE]: Generating PackInfo named mod:starlight for mod file /workspaces/server1/servidor_minecraft/mods/starlight-1.1.2+forge.1cda73c.jar
[03May2025 19:30:49.537] [main/DEBUG] [net.minecraftforge.server.ServerLifecycleHooks/CORE]: Generating PackInfo named mod:architectury for mod file /workspaces/server1/servidor_minecraft/mods/architectury-9.2.14-forge.jar
[03May2025 19:30:49.537] [main/DEBUG] [net.minecraftforge.server.ServerLifecycleHooks/CORE]: Generating PackInfo named mod:ferritecore for mod file /workspaces/server1/servidor_minecraft/mods/ferritecore-6.0.1-forge.jar
[03May2025 19:30:49.537] [main/DEBUG] [net.minecraftforge.server.ServerLifecycleHooks/CORE]: Generating PackInfo named mod:aiimprovements for mod file /workspaces/server1/servidor_minecraft/mods/AI-Improvements-1.20-0.5.2.jar
[03May2025 19:30:49.537] [main/DEBUG] [net.minecraftforge.server.ServerLifecycleHooks/CORE]: Generating PackInfo named mod:superflatworldnoslimes for mod file /workspaces/server1/servidor_minecraft/mods/superflatworldnoslimes-1.20.1-3.2.jar
[03May2025 19:30:49.538] [main/DEBUG] [net.minecraftforge.server.ServerLifecycleHooks/CORE]: Generating PackInfo named mod:dismountentity for mod file /workspaces/server1/servidor_minecraft/mods/dismountentity-1.20.1-3.2.jar
[03May2025 19:30:49.538] [main/DEBUG] [net.minecraftforge.server.ServerLifecycleHooks/CORE]: Generating PackInfo named mod:smoothboot for mod file /workspaces/server1/servidor_minecraft/mods/smoothboot(reloaded)-mc1.20.1-0.0.4.jar
[03May2025 19:30:49.538] [main/DEBUG] [net.minecraftforge.server.ServerLifecycleHooks/CORE]: Generating PackInfo named mod:memoryleakfix for mod file /workspaces/server1/servidor_minecraft/mods/memoryleakfix-forge-1.17+-1.1.5.jar
[03May2025 19:30:49.538] [main/DEBUG] [net.minecraftforge.server.ServerLifecycleHooks/CORE]: Generating PackInfo named mod:kotlinforforge for mod file 
[03May2025 19:30:49.539] [main/DEBUG] [net.minecraftforge.server.ServerLifecycleHooks/CORE]: Generating PackInfo named mod:forge for mod file /workspaces/server1/servidor_minecraft/libraries/net/minecraftforge/forge/1.20.1-47.3.7/forge-1.20.1-47.3.7-universal.jar
[03May2025 19:30:49.539] [main/DEBUG] [net.minecraftforge.server.ServerLifecycleHooks/CORE]: Generating PackInfo named mod:appleskin for mod file /workspaces/server1/servidor_minecraft/mods/appleskin-forge-mc1.20.1-2.5.1.jar
[03May2025 19:30:49.539] [main/DEBUG] [net.minecraftforge.server.ServerLifecycleHooks/CORE]: Generating PackInfo named mod:letmedespawn for mod file /workspaces/server1/servidor_minecraft/mods/letmedespawn-forge-1.20.x-1.2.0.jar
[03May2025 19:30:49.539] [main/DEBUG] [net.minecraftforge.server.ServerLifecycleHooks/CORE]: Generating PackInfo named mod:collective for mod file /workspaces/server1/servidor_minecraft/mods/collective-1.20.1-7.57.jar
[03May2025 19:30:49.539] [main/DEBUG] [net.minecraftforge.server.ServerLifecycleHooks/CORE]: Generating PackInfo named mod:clumps for mod file /workspaces/server1/servidor_minecraft/mods/Clumps-forge-1.20.1-12.0.0.4.jar
[03May2025 19:30:49.539] [main/DEBUG] [net.minecraftforge.server.ServerLifecycleHooks/CORE]: Generating PackInfo named mod:cobblemon for mod file /workspaces/server1/servidor_minecraft/mods/Cobblemon-forge-1.5.2+1.20.1.jar
[03May2025 19:30:50.392] [main/DEBUG] [mixin/]: Mixing PrimaryLevelDataMixin from collective_forge.mixins.json into net.minecraft.world.level.storage.PrimaryLevelData
[03May2025 19:30:50.411] [main/DEBUG] [mixin/]: Mixing MixinLootDataManager from architectury.mixins.json into net.minecraft.world.level.storage.loot.LootDataManager
[03May2025 19:30:50.412] [main/DEBUG] [mixin/]: Mixing LootManagerMixin from mixins.cobblemon-forge.json into net.minecraft.world.level.storage.loot.LootDataManager
[03May2025 19:30:50.412] [main/DEBUG] [mixin/]: mixins.cobblemon-forge.json:LootManagerMixin: Class version 61 required is higher than the class version supported by the current version of Mixin (JAVA_8 supports class version 52)
[03May2025 19:30:50.412] [main/DEBUG] [mixin/]: Renaming synthetic method lambda$cobblemon$supportICondition$0(Ljava/util/function/BiConsumer;Lnet/minecraft/resources/ResourceLocation;Lcom/google/gson/JsonElement;)V to md527934$lambda$cobblemon$supportICondition$0$0 in mixins.cobblemon-forge.json:LootManagerMixin
[03May2025 19:30:50.578] [main/DEBUG] [net.minecraftforge.coremod.transformer.CoreModBaseTransformer/COREMOD]: Transforming net/minecraft/server/commands/SummonCommand
[03May2025 19:30:50.774] [main/DEBUG] [Smooth Boot (Reloaded)/]: Initialized Worker-Main-1
[03May2025 19:30:50.774] [Worker-Main-1/DEBUG] [Smooth Boot (Reloaded)/]: Initialized Worker-Main-2
[03May2025 19:30:50.775] [Worker-Main-2/DEBUG] [Smooth Boot (Reloaded)/]: Initialized Worker-Main-3
[03May2025 19:30:51.173] [Worker-Main-1/DEBUG] [com.cobblemon.mod.common.Cobblemon/]: LootInjector: Injected cobblemon:injection/chests/simple_dungeon to minecraft:chests/simple_dungeon
[03May2025 19:30:51.222] [Worker-Main-1/DEBUG] [net.minecraftforge.coremod.transformer.CoreModBaseTransformer/COREMOD]: Transforming net/minecraft/world/entity/raid/Raid
[03May2025 19:30:51.252] [Worker-Main-1/DEBUG] [mixin/]: Mixing ai.raid.RaidMixin from canary.mixins.json into net.minecraft.world.entity.raid.Raid
[03May2025 19:30:51.298] [Worker-Main-1/DEBUG] [com.cobblemon.mod.common.Cobblemon/]: LootInjector: Injected cobblemon:injection/chests/bastion_treasure to minecraft:chests/bastion_treasure
[03May2025 19:30:51.300] [Worker-Main-1/ERROR] [net.minecraftforge.common.ForgeHooks/]: Couldn't parse element loot_tables:adorn:blocks/cobblemon/apricorn_shelf
com.google.gson.JsonSyntaxException: Expected name to be an item, was unknown string 'adorn:cobblemon/apricorn_shelf'
	at net.minecraft.util.GsonHelper.m_13866_(GsonHelper.java:145) ~[server-1.20.1-20230612.114412-srg.jar%23131!/:?]
	at java.util.Optional.orElseThrow(Optional.java:403) ~[?:?]
	at net.minecraft.util.GsonHelper.m_13874_(GsonHelper.java:145) ~[server-1.20.1-20230612.114412-srg.jar%23131!/:?]
	at net.minecraft.util.GsonHelper.m_13909_(GsonHelper.java:153) ~[server-1.20.1-20230612.114412-srg.jar%23131!/:?]
	at net.minecraft.world.level.storage.loot.entries.LootItem$Serializer.m_7267_(LootItem.java:55) ~[server-1.20.1-20230612.114412-srg.jar%23131!/:?]
	at net.minecraft.world.level.storage.loot.entries.LootItem$Serializer.m_7267_(LootItem.java:40) ~[server-1.20.1-20230612.114412-srg.jar%23131!/:?]
	at net.minecraft.world.level.storage.loot.entries.LootPoolSingletonContainer$Serializer.m_5921_(LootPoolSingletonContainer.java:151) ~[server-1.20.1-20230612.114412-srg.jar%23131!/:?]
	at net.minecraft.world.level.storage.loot.entries.LootPoolSingletonContainer$Serializer.m_5921_(LootPoolSingletonContainer.java:129) ~[server-1.20.1-20230612.114412-srg.jar%23131!/:?]
	at net.minecraft.world.level.storage.loot.entries.LootPoolEntryContainer$Serializer.m_7561_(LootPoolEntryContainer.java:86) ~[server-1.20.1-20230612.114412-srg.jar%23131!/:?]
	at net.minecraft.world.level.storage.loot.entries.LootPoolEntryContainer$Serializer.m_7561_(LootPoolEntryContainer.java:74) ~[server-1.20.1-20230612.114412-srg.jar%23131!/:?]
	at net.minecraft.world.level.storage.loot.GsonAdapterFactory$JsonAdapter.deserialize(GsonAdapterFactory.java:102) ~[server-1.20.1-20230612.114412-srg.jar%23131!/:?]
	at com.google.gson.internal.bind.TreeTypeAdapter.read(TreeTypeAdapter.java:76) ~[gson-2.10.jar%2372!/:?]
	at com.google.gson.internal.bind.TypeAdapterRuntimeTypeWrapper.read(TypeAdapterRuntimeTypeWrapper.java:40) ~[gson-2.10.jar%2372!/:?]
	at com.google.gson.internal.bind.ArrayTypeAdapter.read(ArrayTypeAdapter.java:72) ~[gson-2.10.jar%2372!/:?]
	at com.google.gson.Gson.fromJson(Gson.java:1214) ~[gson-2.10.jar%2372!/:?]
	at com.google.gson.Gson.fromJson(Gson.java:1319) ~[gson-2.10.jar%2372!/:?]
	at com.google.gson.Gson.fromJson(Gson.java:1290) ~[gson-2.10.jar%2372!/:?]
	at com.google.gson.internal.bind.TreeTypeAdapter$GsonContextImpl.deserialize(TreeTypeAdapter.java:179) ~[gson-2.10.jar%2372!/:?]
	at net.minecraft.util.GsonHelper.m_13808_(GsonHelper.java:463) ~[server-1.20.1-20230612.114412-srg.jar%23131!/:?]
	at net.minecraft.util.GsonHelper.m_13836_(GsonHelper.java:471) ~[server-1.20.1-20230612.114412-srg.jar%23131!/:?]
	at net.minecraft.world.level.storage.loot.LootPool$Serializer.deserialize(LootPool.java:192) ~[server-1.20.1-20230612.114412-srg.jar%23131!/:?]
	at net.minecraft.world.level.storage.loot.LootPool$Serializer.deserialize(LootPool.java:189) ~[server-1.20.1-20230612.114412-srg.jar%23131!/:?]
	at com.google.gson.internal.bind.TreeTypeAdapter.read(TreeTypeAdapter.java:76) ~[gson-2.10.jar%2372!/:?]
	at com.google.gson.internal.bind.TypeAdapterRuntimeTypeWrapper.read(TypeAdapterRuntimeTypeWrapper.java:40) ~[gson-2.10.jar%2372!/:?]
	at com.google.gson.internal.bind.ArrayTypeAdapter.read(ArrayTypeAdapter.java:72) ~[gson-2.10.jar%2372!/:?]
	at com.google.gson.Gson.fromJson(Gson.java:1214) ~[gson-2.10.jar%2372!/:?]
	at com.google.gson.Gson.fromJson(Gson.java:1319) ~[gson-2.10.jar%2372!/:?]
	at com.google.gson.Gson.fromJson(Gson.java:1290) ~[gson-2.10.jar%2372!/:?]
	at com.google.gson.internal.bind.TreeTypeAdapter$GsonContextImpl.deserialize(TreeTypeAdapter.java:179) ~[gson-2.10.jar%2372!/:?]
	at net.minecraft.util.GsonHelper.m_13808_(GsonHelper.java:463) ~[server-1.20.1-20230612.114412-srg.jar%23131!/:?]
	at net.minecraft.util.GsonHelper.m_13845_(GsonHelper.java:481) ~[server-1.20.1-20230612.114412-srg.jar%23131!/:?]
	at net.minecraft.world.level.storage.loot.LootTable$Serializer.deserialize(LootTable.java:294) ~[server-1.20.1-20230612.114412-srg.jar%23131!/:?]
	at net.minecraft.world.level.storage.loot.LootTable$Serializer.deserialize(LootTable.java:291) ~[server-1.20.1-20230612.114412-srg.jar%23131!/:?]
	at com.google.gson.internal.bind.TreeTypeAdapter.read(TreeTypeAdapter.java:76) ~[gson-2.10.jar%2372!/:?]
	at com.google.gson.Gson.fromJson(Gson.java:1214) ~[gson-2.10.jar%2372!/:?]
	at com.google.gson.Gson.fromJson(Gson.java:1319) ~[gson-2.10.jar%2372!/:?]
	at com.google.gson.Gson.fromJson(Gson.java:1261) ~[gson-2.10.jar%2372!/:?]
	at net.minecraftforge.common.ForgeHooks.loadLootTable(ForgeHooks.java:871) ~[forge-1.20.1-47.3.7-universal.jar%23136!/:?]
	at net.minecraftforge.common.ForgeHooks.lambda$getLootTableDeserializer$3(ForgeHooks.java:848) ~[forge-1.20.1-47.3.7-universal.jar%23136!/:?]
	at net.minecraft.world.level.storage.loot.LootDataType.deserialize(LootDataType.java:45) ~[server-1.20.1-20230612.114412-srg.jar%23131!/:?]
	at net.minecraft.world.level.storage.loot.LootDataManager.lambda$scheduleElementParse$4(LootDataManager.java:56) ~[server-1.20.1-20230612.114412-srg.jar%23131!/:?]
	at net.minecraft.world.level.storage.loot.LootDataManager.md527934$lambda$cobblemon$supportICondition$0$0(LootDataManager.java:1044) ~[server-1.20.1-20230612.114412-srg.jar%23131!/:?]
	at java.util.HashMap.forEach(HashMap.java:1421) ~[?:?]
	at net.minecraft.world.level.storage.loot.LootDataManager.redirect$zhp000$cobblemon$supportICondition(LootDataManager.java:1034) ~[server-1.20.1-20230612.114412-srg.jar%23131!/:?]
	at net.minecraft.world.level.storage.loot.LootDataManager.m_278660_(LootDataManager.java:55) ~[server-1.20.1-20230612.114412-srg.jar%23131!/:?]
	at java.util.concurrent.CompletableFuture$AsyncRun.run(CompletableFuture.java:1804) ~[?:?]
	at java.util.concurrent.CompletableFuture$AsyncRun.exec(CompletableFuture.java:1796) ~[?:?]
	at java.util.concurrent.ForkJoinTask.doExec(ForkJoinTask.java:373) ~[?:?]
	at java.util.concurrent.ForkJoinPool$WorkQueue.topLevelExec(ForkJoinPool.java:1182) ~[?:?]
	at java.util.concurrent.ForkJoinPool.scan(ForkJoinPool.java:1655) ~[?:?]
	at java.util.concurrent.ForkJoinPool.runWorker(ForkJoinPool.java:1622) ~[?:?]
	at java.util.concurrent.ForkJoinWorkerThread.run(ForkJoinWorkerThread.java:165) ~[?:?]
[03May2025 19:30:51.319] [Worker-Main-1/DEBUG] [com.cobblemon.mod.common.Cobblemon/]: LootInjector: Injected cobblemon:injection/chests/shipwreck_supply to minecraft:chests/shipwreck_supply
[03May2025 19:30:51.321] [Worker-Main-1/ERROR] [net.minecraftforge.common.ForgeHooks/]: Couldn't parse element loot_tables:adorn:blocks/cobblemon/apricorn_kitchen_cupboard
com.google.gson.JsonSyntaxException: Expected name to be an item, was unknown string 'adorn:cobblemon/apricorn_kitchen_cupboard'
	at net.minecraft.util.GsonHelper.m_13866_(GsonHelper.java:145) ~[server-1.20.1-20230612.114412-srg.jar%23131!/:?]
	at java.util.Optional.orElseThrow(Optional.java:403) ~[?:?]
	at net.minecraft.util.GsonHelper.m_13874_(GsonHelper.java:145) ~[server-1.20.1-20230612.114412-srg.jar%23131!/:?]
	at net.minecraft.util.GsonHelper.m_13909_(GsonHelper.java:153) ~[server-1.20.1-20230612.114412-srg.jar%23131!/:?]
	at net.minecraft.world.level.storage.loot.entries.LootItem$Serializer.m_7267_(LootItem.java:55) ~[server-1.20.1-20230612.114412-srg.jar%23131!/:?]
	at net.minecraft.world.level.storage.loot.entries.LootItem$Serializer.m_7267_(LootItem.java:40) ~[server-1.20.1-20230612.114412-srg.jar%23131!/:?]
	at net.minecraft.world.level.storage.loot.entries.LootPoolSingletonContainer$Serializer.m_5921_(LootPoolSingletonContainer.java:151) ~[server-1.20.1-20230612.114412-srg.jar%23131!/:?]
	at net.minecraft.world.level.storage.loot.entries.LootPoolSingletonContainer$Serializer.m_5921_(LootPoolSingletonContainer.java:129) ~[server-1.20.1-20230612.114412-srg.jar%23131!/:?]
	at net.minecraft.world.level.storage.loot.entries.LootPoolEntryContainer$Serializer.m_7561_(LootPoolEntryContainer.java:86) ~[server-1.20.1-20230612.114412-srg.jar%23131!/:?]
	at net.minecraft.world.level.storage.loot.entries.LootPoolEntryContainer$Serializer.m_7561_(LootPoolEntryContainer.java:74) ~[server-1.20.1-20230612.114412-srg.jar%23131!/:?]
	at net.minecraft.world.level.storage.loot.GsonAdapterFactory$JsonAdapter.deserialize(GsonAdapterFactory.java:102) ~[server-1.20.1-20230612.114412-srg.jar%23131!/:?]
	at com.google.gson.internal.bind.TreeTypeAdapter.read(TreeTypeAdapter.java:76) ~[gson-2.10.jar%2372!/:?]
	at com.google.gson.internal.bind.TypeAdapterRuntimeTypeWrapper.read(TypeAdapterRuntimeTypeWrapper.java:40) ~[gson-2.10.jar%2372!/:?]
	at com.google.gson.internal.bind.ArrayTypeAdapter.read(ArrayTypeAdapter.java:72) ~[gson-2.10.jar%2372!/:?]
	at com.google.gson.Gson.fromJson(Gson.java:1214) ~[gson-2.10.jar%2372!/:?]
	at com.google.gson.Gson.fromJson(Gson.java:1319) ~[gson-2.10.jar%2372!/:?]
	at com.google.gson.Gson.fromJson(Gson.java:1290) ~[gson-2.10.jar%2372!/:?]
	at com.google.gson.internal.bind.TreeTypeAdapter$GsonContextImpl.deserialize(TreeTypeAdapter.java:179) ~[gson-2.10.jar%2372!/:?]
	at net.minecraft.util.GsonHelper.m_13808_(GsonHelper.java:463) ~[server-1.20.1-20230612.114412-srg.jar%23131!/:?]
	at net.minecraft.util.GsonHelper.m_13836_(GsonHelper.java:471) ~[server-1.20.1-20230612.114412-srg.jar%23131!/:?]
	at net.minecraft.world.level.storage.loot.LootPool$Serializer.deserialize(LootPool.java:192) ~[server-1.20.1-20230612.114412-srg.jar%23131!/:?]
	at net.minecraft.world.level.storage.loot.LootPool$Serializer.deserialize(LootPool.java:189) ~[server-1.20.1-20230612.114412-srg.jar%23131!/:?]
	at com.google.gson.internal.bind.TreeTypeAdapter.read(TreeTypeAdapter.java:76) ~[gson-2.10.jar%2372!/:?]
	at com.google.gson.internal.bind.TypeAdapterRuntimeTypeWrapper.read(TypeAdapterRuntimeTypeWrapper.java:40) ~[gson-2.10.jar%2372!/:?]
	at com.google.gson.internal.bind.ArrayTypeAdapter.read(ArrayTypeAdapter.java:72) ~[gson-2.10.jar%2372!/:?]
	at com.google.gson.Gson.fromJson(Gson.java:1214) ~[gson-2.10.jar%2372!/:?]
	at com.google.gson.Gson.fromJson(Gson.java:1319) ~[gson-2.10.jar%2372!/:?]
	at com.google.gson.Gson.fromJson(Gson.java:1290) ~[gson-2.10.jar%2372!/:?]
	at com.google.gson.internal.bind.TreeTypeAdapter$GsonContextImpl.deserialize(TreeTypeAdapter.java:179) ~[gson-2.10.jar%2372!/:?]
	at net.minecraft.util.GsonHelper.m_13808_(GsonHelper.java:463) ~[server-1.20.1-20230612.114412-srg.jar%23131!/:?]
	at net.minecraft.util.GsonHelper.m_13845_(GsonHelper.java:481) ~[server-1.20.1-20230612.114412-srg.jar%23131!/:?]
	at net.minecraft.world.level.storage.loot.LootTable$Serializer.deserialize(LootTable.java:294) ~[server-1.20.1-20230612.114412-srg.jar%23131!/:?]
	at net.minecraft.world.level.storage.loot.LootTable$Serializer.deserialize(LootTable.java:291) ~[server-1.20.1-20230612.114412-srg.jar%23131!/:?]
	at com.google.gson.internal.bind.TreeTypeAdapter.read(TreeTypeAdapter.java:76) ~[gson-2.10.jar%2372!/:?]
	at com.google.gson.Gson.fromJson(Gson.java:1214) ~[gson-2.10.jar%2372!/:?]
	at com.google.gson.Gson.fromJson(Gson.java:1319) ~[gson-2.10.jar%2372!/:?]
	at com.google.gson.Gson.fromJson(Gson.java:1261) ~[gson-2.10.jar%2372!/:?]
	at net.minecraftforge.common.ForgeHooks.loadLootTable(ForgeHooks.java:871) ~[forge-1.20.1-47.3.7-universal.jar%23136!/:?]
	at net.minecraftforge.common.ForgeHooks.lambda$getLootTableDeserializer$3(ForgeHooks.java:848) ~[forge-1.20.1-47.3.7-universal.jar%23136!/:?]
	at net.minecraft.world.level.storage.loot.LootDataType.deserialize(LootDataType.java:45) ~[server-1.20.1-20230612.114412-srg.jar%23131!/:?]
	at net.minecraft.world.level.storage.loot.LootDataManager.lambda$scheduleElementParse$4(LootDataManager.java:56) ~[server-1.20.1-20230612.114412-srg.jar%23131!/:?]
	at net.minecraft.world.level.storage.loot.LootDataManager.md527934$lambda$cobblemon$supportICondition$0$0(LootDataManager.java:1044) ~[server-1.20.1-20230612.114412-srg.jar%23131!/:?]
	at java.util.HashMap.forEach(HashMap.java:1421) ~[?:?]
	at net.minecraft.world.level.storage.loot.LootDataManager.redirect$zhp000$cobblemon$supportICondition(LootDataManager.java:1034) ~[server-1.20.1-20230612.114412-srg.jar%23131!/:?]
	at net.minecraft.world.level.storage.loot.LootDataManager.m_278660_(LootDataManager.java:55) ~[server-1.20.1-20230612.114412-srg.jar%23131!/:?]
	at java.util.concurrent.CompletableFuture$AsyncRun.run(CompletableFuture.java:1804) ~[?:?]
	at java.util.concurrent.CompletableFuture$AsyncRun.exec(CompletableFuture.java:1796) ~[?:?]
	at java.util.concurrent.ForkJoinTask.doExec(ForkJoinTask.java:373) ~[?:?]
	at java.util.concurrent.ForkJoinPool$WorkQueue.topLevelExec(ForkJoinPool.java:1182) ~[?:?]
	at java.util.concurrent.ForkJoinPool.scan(ForkJoinPool.java:1655) ~[?:?]
	at java.util.concurrent.ForkJoinPool.runWorker(ForkJoinPool.java:1622) ~[?:?]
	at java.util.concurrent.ForkJoinWorkerThread.run(ForkJoinWorkerThread.java:165) ~[?:?]
[03May2025 19:30:51.330] [Worker-Main-1/DEBUG] [com.cobblemon.mod.common.Cobblemon/]: LootInjector: Injected cobblemon:injection/chests/village_house to minecraft:chests/village/village_snowy_house
[03May2025 19:30:51.338] [Worker-Main-1/ERROR] [net.minecraftforge.common.ForgeHooks/]: Couldn't parse element loot_tables:adorn:blocks/cobblemon/apricorn_drawer
com.google.gson.JsonSyntaxException: Expected name to be an item, was unknown string 'adorn:cobblemon/apricorn_drawer'
	at net.minecraft.util.GsonHelper.m_13866_(GsonHelper.java:145) ~[server-1.20.1-20230612.114412-srg.jar%23131!/:?]
	at java.util.Optional.orElseThrow(Optional.java:403) ~[?:?]
	at net.minecraft.util.GsonHelper.m_13874_(GsonHelper.java:145) ~[server-1.20.1-20230612.114412-srg.jar%23131!/:?]
	at net.minecraft.util.GsonHelper.m_13909_(GsonHelper.java:153) ~[server-1.20.1-20230612.114412-srg.jar%23131!/:?]
	at net.minecraft.world.level.storage.loot.entries.LootItem$Serializer.m_7267_(LootItem.java:55) ~[server-1.20.1-20230612.114412-srg.jar%23131!/:?]
	at net.minecraft.world.level.storage.loot.entries.LootItem$Serializer.m_7267_(LootItem.java:40) ~[server-1.20.1-20230612.114412-srg.jar%23131!/:?]
	at net.minecraft.world.level.storage.loot.entries.LootPoolSingletonContainer$Serializer.m_5921_(LootPoolSingletonContainer.java:151) ~[server-1.20.1-20230612.114412-srg.jar%23131!/:?]
	at net.minecraft.world.level.storage.loot.entries.LootPoolSingletonContainer$Serializer.m_5921_(LootPoolSingletonContainer.java:129) ~[server-1.20.1-20230612.114412-srg.jar%23131!/:?]
	at net.minecraft.world.level.storage.loot.entries.LootPoolEntryContainer$Serializer.m_7561_(LootPoolEntryContainer.java:86) ~[server-1.20.1-20230612.114412-srg.jar%23131!/:?]
	at net.minecraft.world.level.storage.loot.entries.LootPoolEntryContainer$Serializer.m_7561_(LootPoolEntryContainer.java:74) ~[server-1.20.1-20230612.114412-srg.jar%23131!/:?]
	at net.minecraft.world.level.storage.loot.GsonAdapterFactory$JsonAdapter.deserialize(GsonAdapterFactory.java:102) ~[server-1.20.1-20230612.114412-srg.jar%23131!/:?]
	at com.google.gson.internal.bind.TreeTypeAdapter.read(TreeTypeAdapter.java:76) ~[gson-2.10.jar%2372!/:?]
	at com.google.gson.internal.bind.TypeAdapterRuntimeTypeWrapper.read(TypeAdapterRuntimeTypeWrapper.java:40) ~[gson-2.10.jar%2372!/:?]
	at com.google.gson.internal.bind.ArrayTypeAdapter.read(ArrayTypeAdapter.java:72) ~[gson-2.10.jar%2372!/:?]
	at com.google.gson.Gson.fromJson(Gson.java:1214) ~[gson-2.10.jar%2372!/:?]
	at com.google.gson.Gson.fromJson(Gson.java:1319) ~[gson-2.10.jar%2372!/:?]
	at com.google.gson.Gson.fromJson(Gson.java:1290) ~[gson-2.10.jar%2372!/:?]
	at com.google.gson.internal.bind.TreeTypeAdapter$GsonContextImpl.deserialize(TreeTypeAdapter.java:179) ~[gson-2.10.jar%2372!/:?]
	at net.minecraft.util.GsonHelper.m_13808_(GsonHelper.java:463) ~[server-1.20.1-20230612.114412-srg.jar%23131!/:?]
	at net.minecraft.util.GsonHelper.m_13836_(GsonHelper.java:471) ~[server-1.20.1-20230612.114412-srg.jar%23131!/:?]
	at net.minecraft.world.level.storage.loot.LootPool$Serializer.deserialize(LootPool.java:192) ~[server-1.20.1-20230612.114412-srg.jar%23131!/:?]
	at net.minecraft.world.level.storage.loot.LootPool$Serializer.deserialize(LootPool.java:189) ~[server-1.20.1-20230612.114412-srg.jar%23131!/:?]
	at com.google.gson.internal.bind.TreeTypeAdapter.read(TreeTypeAdapter.java:76) ~[gson-2.10.jar%2372!/:?]
	at com.google.gson.internal.bind.TypeAdapterRuntimeTypeWrapper.read(TypeAdapterRuntimeTypeWrapper.java:40) ~[gson-2.10.jar%2372!/:?]
	at com.google.gson.internal.bind.ArrayTypeAdapter.read(ArrayTypeAdapter.java:72) ~[gson-2.10.jar%2372!/:?]
	at com.google.gson.Gson.fromJson(Gson.java:1214) ~[gson-2.10.jar%2372!/:?]
	at com.google.gson.Gson.fromJson(Gson.java:1319) ~[gson-2.10.jar%2372!/:?]
	at com.google.gson.Gson.fromJson(Gson.java:1290) ~[gson-2.10.jar%2372!/:?]
	at com.google.gson.internal.bind.TreeTypeAdapter$GsonContextImpl.deserialize(TreeTypeAdapter.java:179) ~[gson-2.10.jar%2372!/:?]
	at net.minecraft.util.GsonHelper.m_13808_(GsonHelper.java:463) ~[server-1.20.1-20230612.114412-srg.jar%23131!/:?]
	at net.minecraft.util.GsonHelper.m_13845_(GsonHelper.java:481) ~[server-1.20.1-20230612.114412-srg.jar%23131!/:?]
	at net.minecraft.world.level.storage.loot.LootTable$Serializer.deserialize(LootTable.java:294) ~[server-1.20.1-20230612.114412-srg.jar%23131!/:?]
	at net.minecraft.world.level.storage.loot.LootTable$Serializer.deserialize(LootTable.java:291) ~[server-1.20.1-20230612.114412-srg.jar%23131!/:?]
	at com.google.gson.internal.bind.TreeTypeAdapter.read(TreeTypeAdapter.java:76) ~[gson-2.10.jar%2372!/:?]
	at com.google.gson.Gson.fromJson(Gson.java:1214) ~[gson-2.10.jar%2372!/:?]
	at com.google.gson.Gson.fromJson(Gson.java:1319) ~[gson-2.10.jar%2372!/:?]
	at com.google.gson.Gson.fromJson(Gson.java:1261) ~[gson-2.10.jar%2372!/:?]
	at net.minecraftforge.common.ForgeHooks.loadLootTable(ForgeHooks.java:871) ~[forge-1.20.1-47.3.7-universal.jar%23136!/:?]
	at net.minecraftforge.common.ForgeHooks.lambda$getLootTableDeserializer$3(ForgeHooks.java:848) ~[forge-1.20.1-47.3.7-universal.jar%23136!/:?]
	at net.minecraft.world.level.storage.loot.LootDataType.deserialize(LootDataType.java:45) ~[server-1.20.1-20230612.114412-srg.jar%23131!/:?]
	at net.minecraft.world.level.storage.loot.LootDataManager.lambda$scheduleElementParse$4(LootDataManager.java:56) ~[server-1.20.1-20230612.114412-srg.jar%23131!/:?]
	at net.minecraft.world.level.storage.loot.LootDataManager.md527934$lambda$cobblemon$supportICondition$0$0(LootDataManager.java:1044) ~[server-1.20.1-20230612.114412-srg.jar%23131!/:?]
	at java.util.HashMap.forEach(HashMap.java:1421) ~[?:?]
	at net.minecraft.world.level.storage.loot.LootDataManager.redirect$zhp000$cobblemon$supportICondition(LootDataManager.java:1034) ~[server-1.20.1-20230612.114412-srg.jar%23131!/:?]
	at net.minecraft.world.level.storage.loot.LootDataManager.m_278660_(LootDataManager.java:55) ~[server-1.20.1-20230612.114412-srg.jar%23131!/:?]
	at java.util.concurrent.CompletableFuture$AsyncRun.run(CompletableFuture.java:1804) ~[?:?]
	at java.util.concurrent.CompletableFuture$AsyncRun.exec(CompletableFuture.java:1796) ~[?:?]
	at java.util.concurrent.ForkJoinTask.doExec(ForkJoinTask.java:373) ~[?:?]
	at java.util.concurrent.ForkJoinPool$WorkQueue.topLevelExec(ForkJoinPool.java:1182) ~[?:?]
	at java.util.concurrent.ForkJoinPool.scan(ForkJoinPool.java:1655) ~[?:?]
	at java.util.concurrent.ForkJoinPool.runWorker(ForkJoinPool.java:1622) ~[?:?]
	at java.util.concurrent.ForkJoinWorkerThread.run(ForkJoinWorkerThread.java:165) ~[?:?]
[03May2025 19:30:51.344] [Worker-Main-1/DEBUG] [com.cobblemon.mod.common.Cobblemon/]: LootInjector: Injected cobblemon:injection/chests/nether_bridge to minecraft:chests/nether_bridge
[03May2025 19:30:51.345] [Worker-Main-1/ERROR] [net.minecraftforge.common.ForgeHooks/]: Couldn't parse element loot_tables:adorn:blocks/cobblemon/apricorn_kitchen_counter
com.google.gson.JsonSyntaxException: Expected name to be an item, was unknown string 'adorn:cobblemon/apricorn_kitchen_counter'
	at net.minecraft.util.GsonHelper.m_13866_(GsonHelper.java:145) ~[server-1.20.1-20230612.114412-srg.jar%23131!/:?]
	at java.util.Optional.orElseThrow(Optional.java:403) ~[?:?]
	at net.minecraft.util.GsonHelper.m_13874_(GsonHelper.java:145) ~[server-1.20.1-20230612.114412-srg.jar%23131!/:?]
	at net.minecraft.util.GsonHelper.m_13909_(GsonHelper.java:153) ~[server-1.20.1-20230612.114412-srg.jar%23131!/:?]
	at net.minecraft.world.level.storage.loot.entries.LootItem$Serializer.m_7267_(LootItem.java:55) ~[server-1.20.1-20230612.114412-srg.jar%23131!/:?]
	at net.minecraft.world.level.storage.loot.entries.LootItem$Serializer.m_7267_(LootItem.java:40) ~[server-1.20.1-20230612.114412-srg.jar%23131!/:?]
	at net.minecraft.world.level.storage.loot.entries.LootPoolSingletonContainer$Serializer.m_5921_(LootPoolSingletonContainer.java:151) ~[server-1.20.1-20230612.114412-srg.jar%23131!/:?]
	at net.minecraft.world.level.storage.loot.entries.LootPoolSingletonContainer$Serializer.m_5921_(LootPoolSingletonContainer.java:129) ~[server-1.20.1-20230612.114412-srg.jar%23131!/:?]
	at net.minecraft.world.level.storage.loot.entries.LootPoolEntryContainer$Serializer.m_7561_(LootPoolEntryContainer.java:86) ~[server-1.20.1-20230612.114412-srg.jar%23131!/:?]
	at net.minecraft.world.level.storage.loot.entries.LootPoolEntryContainer$Serializer.m_7561_(LootPoolEntryContainer.java:74) ~[server-1.20.1-20230612.114412-srg.jar%23131!/:?]
	at net.minecraft.world.level.storage.loot.GsonAdapterFactory$JsonAdapter.deserialize(GsonAdapterFactory.java:102) ~[server-1.20.1-20230612.114412-srg.jar%23131!/:?]
	at com.google.gson.internal.bind.TreeTypeAdapter.read(TreeTypeAdapter.java:76) ~[gson-2.10.jar%2372!/:?]
	at com.google.gson.internal.bind.TypeAdapterRuntimeTypeWrapper.read(TypeAdapterRuntimeTypeWrapper.java:40) ~[gson-2.10.jar%2372!/:?]
	at com.google.gson.internal.bind.ArrayTypeAdapter.read(ArrayTypeAdapter.java:72) ~[gson-2.10.jar%2372!/:?]
	at com.google.gson.Gson.fromJson(Gson.java:1214) ~[gson-2.10.jar%2372!/:?]
	at com.google.gson.Gson.fromJson(Gson.java:1319) ~[gson-2.10.jar%2372!/:?]
	at com.google.gson.Gson.fromJson(Gson.java:1290) ~[gson-2.10.jar%2372!/:?]
	at com.google.gson.internal.bind.TreeTypeAdapter$GsonContextImpl.deserialize(TreeTypeAdapter.java:179) ~[gson-2.10.jar%2372!/:?]
	at net.minecraft.util.GsonHelper.m_13808_(GsonHelper.java:463) ~[server-1.20.1-20230612.114412-srg.jar%23131!/:?]
	at net.minecraft.util.GsonHelper.m_13836_(GsonHelper.java:471) ~[server-1.20.1-20230612.114412-srg.jar%23131!/:?]
	at net.minecraft.world.level.storage.loot.LootPool$Serializer.deserialize(LootPool.java:192) ~[server-1.20.1-20230612.114412-srg.jar%23131!/:?]
	at net.minecraft.world.level.storage.loot.LootPool$Serializer.deserialize(LootPool.java:189) ~[server-1.20.1-20230612.114412-srg.jar%23131!/:?]
	at com.google.gson.internal.bind.TreeTypeAdapter.read(TreeTypeAdapter.java:76) ~[gson-2.10.jar%2372!/:?]
	at com.google.gson.internal.bind.TypeAdapterRuntimeTypeWrapper.read(TypeAdapterRuntimeTypeWrapper.java:40) ~[gson-2.10.jar%2372!/:?]
	at com.google.gson.internal.bind.ArrayTypeAdapter.read(ArrayTypeAdapter.java:72) ~[gson-2.10.jar%2372!/:?]
	at com.google.gson.Gson.fromJson(Gson.java:1214) ~[gson-2.10.jar%2372!/:?]
	at com.google.gson.Gson.fromJson(Gson.java:1319) ~[gson-2.10.jar%2372!/:?]
	at com.google.gson.Gson.fromJson(Gson.java:1290) ~[gson-2.10.jar%2372!/:?]
	at com.google.gson.internal.bind.TreeTypeAdapter$GsonContextImpl.deserialize(TreeTypeAdapter.java:179) ~[gson-2.10.jar%2372!/:?]
	at net.minecraft.util.GsonHelper.m_13808_(GsonHelper.java:463) ~[server-1.20.1-20230612.114412-srg.jar%23131!/:?]
	at net.minecraft.util.GsonHelper.m_13845_(GsonHelper.java:481) ~[server-1.20.1-20230612.114412-srg.jar%23131!/:?]
	at net.minecraft.world.level.storage.loot.LootTable$Serializer.deserialize(LootTable.java:294) ~[server-1.20.1-20230612.114412-srg.jar%23131!/:?]
	at net.minecraft.world.level.storage.loot.LootTable$Serializer.deserialize(LootTable.java:291) ~[server-1.20.1-20230612.114412-srg.jar%23131!/:?]
	at com.google.gson.internal.bind.TreeTypeAdapter.read(TreeTypeAdapter.java:76) ~[gson-2.10.jar%2372!/:?]
	at com.google.gson.Gson.fromJson(Gson.java:1214) ~[gson-2.10.jar%2372!/:?]
	at com.google.gson.Gson.fromJson(Gson.java:1319) ~[gson-2.10.jar%2372!/:?]
	at com.google.gson.Gson.fromJson(Gson.java:1261) ~[gson-2.10.jar%2372!/:?]
	at net.minecraftforge.common.ForgeHooks.loadLootTable(ForgeHooks.java:871) ~[forge-1.20.1-47.3.7-universal.jar%23136!/:?]
	at net.minecraftforge.common.ForgeHooks.lambda$getLootTableDeserializer$3(ForgeHooks.java:848) ~[forge-1.20.1-47.3.7-universal.jar%23136!/:?]
	at net.minecraft.world.level.storage.loot.LootDataType.deserialize(LootDataType.java:45) ~[server-1.20.1-20230612.114412-srg.jar%23131!/:?]
	at net.minecraft.world.level.storage.loot.LootDataManager.lambda$scheduleElementParse$4(LootDataManager.java:56) ~[server-1.20.1-20230612.114412-srg.jar%23131!/:?]
	at net.minecraft.world.level.storage.loot.LootDataManager.md527934$lambda$cobblemon$supportICondition$0$0(LootDataManager.java:1044) ~[server-1.20.1-20230612.114412-srg.jar%23131!/:?]
	at java.util.HashMap.forEach(HashMap.java:1421) ~[?:?]
	at net.minecraft.world.level.storage.loot.LootDataManager.redirect$zhp000$cobblemon$supportICondition(LootDataManager.java:1034) ~[server-1.20.1-20230612.114412-srg.jar%23131!/:?]
	at net.minecraft.world.level.storage.loot.LootDataManager.m_278660_(LootDataManager.java:55) ~[server-1.20.1-20230612.114412-srg.jar%23131!/:?]
	at java.util.concurrent.CompletableFuture$AsyncRun.run(CompletableFuture.java:1804) ~[?:?]
	at java.util.concurrent.CompletableFuture$AsyncRun.exec(CompletableFuture.java:1796) ~[?:?]
	at java.util.concurrent.ForkJoinTask.doExec(ForkJoinTask.java:373) ~[?:?]
	at java.util.concurrent.ForkJoinPool$WorkQueue.topLevelExec(ForkJoinPool.java:1182) ~[?:?]
	at java.util.concurrent.ForkJoinPool.scan(ForkJoinPool.java:1655) ~[?:?]
	at java.util.concurrent.ForkJoinPool.runWorker(ForkJoinPool.java:1622) ~[?:?]
	at java.util.concurrent.ForkJoinWorkerThread.run(ForkJoinWorkerThread.java:165) ~[?:?]
[03May2025 19:30:51.348] [Worker-Main-1/DEBUG] [com.cobblemon.mod.common.Cobblemon/]: LootInjector: Injected cobblemon:injection/chests/abandoned_mineshaft to minecraft:chests/abandoned_mineshaft
[03May2025 19:30:51.349] [Worker-Main-1/ERROR] [net.minecraftforge.common.ForgeHooks/]: Couldn't parse element loot_tables:adorn:blocks/cobblemon/apricorn_chair
java.lang.IllegalArgumentException: Can't find block adorn:cobblemon/apricorn_chair
	at net.minecraft.world.level.storage.loot.predicates.LootItemBlockStatePropertyCondition$Serializer.m_81802_(LootItemBlockStatePropertyCondition.java:79) ~[server-1.20.1-20230612.114412-srg.jar%23131!/:?]
	at java.util.Optional.orElseThrow(Optional.java:403) ~[?:?]
	at net.minecraft.world.level.storage.loot.predicates.LootItemBlockStatePropertyCondition$Serializer.m_7561_(LootItemBlockStatePropertyCondition.java:79) ~[server-1.20.1-20230612.114412-srg.jar%23131!/:?]
	at net.minecraft.world.level.storage.loot.predicates.LootItemBlockStatePropertyCondition$Serializer.m_7561_(LootItemBlockStatePropertyCondition.java:68) ~[server-1.20.1-20230612.114412-srg.jar%23131!/:?]
	at net.minecraft.world.level.storage.loot.GsonAdapterFactory$JsonAdapter.deserialize(GsonAdapterFactory.java:102) ~[server-1.20.1-20230612.114412-srg.jar%23131!/:?]
	at com.google.gson.internal.bind.TreeTypeAdapter.read(TreeTypeAdapter.java:76) ~[gson-2.10.jar%2372!/:?]
	at com.google.gson.internal.bind.TypeAdapterRuntimeTypeWrapper.read(TypeAdapterRuntimeTypeWrapper.java:40) ~[gson-2.10.jar%2372!/:?]
	at com.google.gson.internal.bind.ArrayTypeAdapter.read(ArrayTypeAdapter.java:72) ~[gson-2.10.jar%2372!/:?]
	at com.google.gson.Gson.fromJson(Gson.java:1214) ~[gson-2.10.jar%2372!/:?]
	at com.google.gson.Gson.fromJson(Gson.java:1319) ~[gson-2.10.jar%2372!/:?]
	at com.google.gson.Gson.fromJson(Gson.java:1290) ~[gson-2.10.jar%2372!/:?]
	at com.google.gson.internal.bind.TreeTypeAdapter$GsonContextImpl.deserialize(TreeTypeAdapter.java:179) ~[gson-2.10.jar%2372!/:?]
	at net.minecraft.util.GsonHelper.m_13808_(GsonHelper.java:463) ~[server-1.20.1-20230612.114412-srg.jar%23131!/:?]
	at net.minecraft.util.GsonHelper.m_13845_(GsonHelper.java:481) ~[server-1.20.1-20230612.114412-srg.jar%23131!/:?]
	at net.minecraft.world.level.storage.loot.entries.LootPoolEntryContainer$Serializer.m_7561_(LootPoolEntryContainer.java:85) ~[server-1.20.1-20230612.114412-srg.jar%23131!/:?]
	at net.minecraft.world.level.storage.loot.entries.LootPoolEntryContainer$Serializer.m_7561_(LootPoolEntryContainer.java:74) ~[server-1.20.1-20230612.114412-srg.jar%23131!/:?]
	at net.minecraft.world.level.storage.loot.GsonAdapterFactory$JsonAdapter.deserialize(GsonAdapterFactory.java:102) ~[server-1.20.1-20230612.114412-srg.jar%23131!/:?]
	at com.google.gson.internal.bind.TreeTypeAdapter.read(TreeTypeAdapter.java:76) ~[gson-2.10.jar%2372!/:?]
	at com.google.gson.internal.bind.TypeAdapterRuntimeTypeWrapper.read(TypeAdapterRuntimeTypeWrapper.java:40) ~[gson-2.10.jar%2372!/:?]
	at com.google.gson.internal.bind.ArrayTypeAdapter.read(ArrayTypeAdapter.java:72) ~[gson-2.10.jar%2372!/:?]
	at com.google.gson.Gson.fromJson(Gson.java:1214) ~[gson-2.10.jar%2372!/:?]
	at com.google.gson.Gson.fromJson(Gson.java:1319) ~[gson-2.10.jar%2372!/:?]
	at com.google.gson.Gson.fromJson(Gson.java:1290) ~[gson-2.10.jar%2372!/:?]
	at com.google.gson.internal.bind.TreeTypeAdapter$GsonContextImpl.deserialize(TreeTypeAdapter.java:179) ~[gson-2.10.jar%2372!/:?]
	at net.minecraft.util.GsonHelper.m_13808_(GsonHelper.java:463) ~[server-1.20.1-20230612.114412-srg.jar%23131!/:?]
	at net.minecraft.util.GsonHelper.m_13836_(GsonHelper.java:471) ~[server-1.20.1-20230612.114412-srg.jar%23131!/:?]
	at net.minecraft.world.level.storage.loot.LootPool$Serializer.deserialize(LootPool.java:192) ~[server-1.20.1-20230612.114412-srg.jar%23131!/:?]
	at net.minecraft.world.level.storage.loot.LootPool$Serializer.deserialize(LootPool.java:189) ~[server-1.20.1-20230612.114412-srg.jar%23131!/:?]
	at com.google.gson.internal.bind.TreeTypeAdapter.read(TreeTypeAdapter.java:76) ~[gson-2.10.jar%2372!/:?]
	at com.google.gson.internal.bind.TypeAdapterRuntimeTypeWrapper.read(TypeAdapterRuntimeTypeWrapper.java:40) ~[gson-2.10.jar%2372!/:?]
	at com.google.gson.internal.bind.ArrayTypeAdapter.read(ArrayTypeAdapter.java:72) ~[gson-2.10.jar%2372!/:?]
	at com.google.gson.Gson.fromJson(Gson.java:1214) ~[gson-2.10.jar%2372!/:?]
	at com.google.gson.Gson.fromJson(Gson.java:1319) ~[gson-2.10.jar%2372!/:?]
	at com.google.gson.Gson.fromJson(Gson.java:1290) ~[gson-2.10.jar%2372!/:?]
	at com.google.gson.internal.bind.TreeTypeAdapter$GsonContextImpl.deserialize(TreeTypeAdapter.java:179) ~[gson-2.10.jar%2372!/:?]
	at net.minecraft.util.GsonHelper.m_13808_(GsonHelper.java:463) ~[server-1.20.1-20230612.114412-srg.jar%23131!/:?]
	at net.minecraft.util.GsonHelper.m_13845_(GsonHelper.java:481) ~[server-1.20.1-20230612.114412-srg.jar%23131!/:?]
	at net.minecraft.world.level.storage.loot.LootTable$Serializer.deserialize(LootTable.java:294) ~[server-1.20.1-20230612.114412-srg.jar%23131!/:?]
	at net.minecraft.world.level.storage.loot.LootTable$Serializer.deserialize(LootTable.java:291) ~[server-1.20.1-20230612.114412-srg.jar%23131!/:?]
	at com.google.gson.internal.bind.TreeTypeAdapter.read(TreeTypeAdapter.java:76) ~[gson-2.10.jar%2372!/:?]
	at com.google.gson.Gson.fromJson(Gson.java:1214) ~[gson-2.10.jar%2372!/:?]
	at com.google.gson.Gson.fromJson(Gson.java:1319) ~[gson-2.10.jar%2372!/:?]
	at com.google.gson.Gson.fromJson(Gson.java:1261) ~[gson-2.10.jar%2372!/:?]
	at net.minecraftforge.common.ForgeHooks.loadLootTable(ForgeHooks.java:871) ~[forge-1.20.1-47.3.7-universal.jar%23136!/:?]
	at net.minecraftforge.common.ForgeHooks.lambda$getLootTableDeserializer$3(ForgeHooks.java:848) ~[forge-1.20.1-47.3.7-universal.jar%23136!/:?]
	at net.minecraft.world.level.storage.loot.LootDataType.deserialize(LootDataType.java:45) ~[server-1.20.1-20230612.114412-srg.jar%23131!/:?]
	at net.minecraft.world.level.storage.loot.LootDataManager.lambda$scheduleElementParse$4(LootDataManager.java:56) ~[server-1.20.1-20230612.114412-srg.jar%23131!/:?]
	at net.minecraft.world.level.storage.loot.LootDataManager.md527934$lambda$cobblemon$supportICondition$0$0(LootDataManager.java:1044) ~[server-1.20.1-20230612.114412-srg.jar%23131!/:?]
	at java.util.HashMap.forEach(HashMap.java:1421) ~[?:?]
	at net.minecraft.world.level.storage.loot.LootDataManager.redirect$zhp000$cobblemon$supportICondition(LootDataManager.java:1034) ~[server-1.20.1-20230612.114412-srg.jar%23131!/:?]
	at net.minecraft.world.level.storage.loot.LootDataManager.m_278660_(LootDataManager.java:55) ~[server-1.20.1-20230612.114412-srg.jar%23131!/:?]
	at java.util.concurrent.CompletableFuture$AsyncRun.run(CompletableFuture.java:1804) ~[?:?]
	at java.util.concurrent.CompletableFuture$AsyncRun.exec(CompletableFuture.java:1796) ~[?:?]
	at java.util.concurrent.ForkJoinTask.doExec(ForkJoinTask.java:373) ~[?:?]
	at java.util.concurrent.ForkJoinPool$WorkQueue.topLevelExec(ForkJoinPool.java:1182) ~[?:?]
	at java.util.concurrent.ForkJoinPool.scan(ForkJoinPool.java:1655) ~[?:?]
	at java.util.concurrent.ForkJoinPool.runWorker(ForkJoinPool.java:1622) ~[?:?]
	at java.util.concurrent.ForkJoinWorkerThread.run(ForkJoinWorkerThread.java:165) ~[?:?]
[03May2025 19:30:51.359] [Worker-Main-1/DEBUG] [com.cobblemon.mod.common.Cobblemon/]: LootInjector: Injected cobblemon:injection/chests/stronghold_corridor to minecraft:chests/stronghold_corridor
[03May2025 19:30:51.366] [Worker-Main-1/ERROR] [net.minecraftforge.common.ForgeHooks/]: Couldn't parse element loot_tables:adorn:blocks/cobblemon/apricorn_kitchen_sink
com.google.gson.JsonSyntaxException: Expected name to be an item, was unknown string 'adorn:cobblemon/apricorn_kitchen_sink'
	at net.minecraft.util.GsonHelper.m_13866_(GsonHelper.java:145) ~[server-1.20.1-20230612.114412-srg.jar%23131!/:?]
	at java.util.Optional.orElseThrow(Optional.java:403) ~[?:?]
	at net.minecraft.util.GsonHelper.m_13874_(GsonHelper.java:145) ~[server-1.20.1-20230612.114412-srg.jar%23131!/:?]
	at net.minecraft.util.GsonHelper.m_13909_(GsonHelper.java:153) ~[server-1.20.1-20230612.114412-srg.jar%23131!/:?]
	at net.minecraft.world.level.storage.loot.entries.LootItem$Serializer.m_7267_(LootItem.java:55) ~[server-1.20.1-20230612.114412-srg.jar%23131!/:?]
	at net.minecraft.world.level.storage.loot.entries.LootItem$Serializer.m_7267_(LootItem.java:40) ~[server-1.20.1-20230612.114412-srg.jar%23131!/:?]
	at net.minecraft.world.level.storage.loot.entries.LootPoolSingletonContainer$Serializer.m_5921_(LootPoolSingletonContainer.java:151) ~[server-1.20.1-20230612.114412-srg.jar%23131!/:?]
	at net.minecraft.world.level.storage.loot.entries.LootPoolSingletonContainer$Serializer.m_5921_(LootPoolSingletonContainer.java:129) ~[server-1.20.1-20230612.114412-srg.jar%23131!/:?]
	at net.minecraft.world.level.storage.loot.entries.LootPoolEntryContainer$Serializer.m_7561_(LootPoolEntryContainer.java:86) ~[server-1.20.1-20230612.114412-srg.jar%23131!/:?]
	at net.minecraft.world.level.storage.loot.entries.LootPoolEntryContainer$Serializer.m_7561_(LootPoolEntryContainer.java:74) ~[server-1.20.1-20230612.114412-srg.jar%23131!/:?]
	at net.minecraft.world.level.storage.loot.GsonAdapterFactory$JsonAdapter.deserialize(GsonAdapterFactory.java:102) ~[server-1.20.1-20230612.114412-srg.jar%23131!/:?]
	at com.google.gson.internal.bind.TreeTypeAdapter.read(TreeTypeAdapter.java:76) ~[gson-2.10.jar%2372!/:?]
	at com.google.gson.internal.bind.TypeAdapterRuntimeTypeWrapper.read(TypeAdapterRuntimeTypeWrapper.java:40) ~[gson-2.10.jar%2372!/:?]
	at com.google.gson.internal.bind.ArrayTypeAdapter.read(ArrayTypeAdapter.java:72) ~[gson-2.10.jar%2372!/:?]
	at com.google.gson.Gson.fromJson(Gson.java:1214) ~[gson-2.10.jar%2372!/:?]
	at com.google.gson.Gson.fromJson(Gson.java:1319) ~[gson-2.10.jar%2372!/:?]
	at com.google.gson.Gson.fromJson(Gson.java:1290) ~[gson-2.10.jar%2372!/:?]
	at com.google.gson.internal.bind.TreeTypeAdapter$GsonContextImpl.deserialize(TreeTypeAdapter.java:179) ~[gson-2.10.jar%2372!/:?]
	at net.minecraft.util.GsonHelper.m_13808_(GsonHelper.java:463) ~[server-1.20.1-20230612.114412-srg.jar%23131!/:?]
	at net.minecraft.util.GsonHelper.m_13836_(GsonHelper.java:471) ~[server-1.20.1-20230612.114412-srg.jar%23131!/:?]
	at net.minecraft.world.level.storage.loot.LootPool$Serializer.deserialize(LootPool.java:192) ~[server-1.20.1-20230612.114412-srg.jar%23131!/:?]
	at net.minecraft.world.level.storage.loot.LootPool$Serializer.deserialize(LootPool.java:189) ~[server-1.20.1-20230612.114412-srg.jar%23131!/:?]
	at com.google.gson.internal.bind.TreeTypeAdapter.read(TreeTypeAdapter.java:76) ~[gson-2.10.jar%2372!/:?]
	at com.google.gson.internal.bind.TypeAdapterRuntimeTypeWrapper.read(TypeAdapterRuntimeTypeWrapper.java:40) ~[gson-2.10.jar%2372!/:?]
	at com.google.gson.internal.bind.ArrayTypeAdapter.read(ArrayTypeAdapter.java:72) ~[gson-2.10.jar%2372!/:?]
	at com.google.gson.Gson.fromJson(Gson.java:1214) ~[gson-2.10.jar%2372!/:?]
	at com.google.gson.Gson.fromJson(Gson.java:1319) ~[gson-2.10.jar%2372!/:?]
	at com.google.gson.Gson.fromJson(Gson.java:1290) ~[gson-2.10.jar%2372!/:?]
	at com.google.gson.internal.bind.TreeTypeAdapter$GsonContextImpl.deserialize(TreeTypeAdapter.java:179) ~[gson-2.10.jar%2372!/:?]
	at net.minecraft.util.GsonHelper.m_13808_(GsonHelper.java:463) ~[server-1.20.1-20230612.114412-srg.jar%23131!/:?]
	at net.minecraft.util.GsonHelper.m_13845_(GsonHelper.java:481) ~[server-1.20.1-20230612.114412-srg.jar%23131!/:?]
	at net.minecraft.world.level.storage.loot.LootTable$Serializer.deserialize(LootTable.java:294) ~[server-1.20.1-20230612.114412-srg.jar%23131!/:?]
	at net.minecraft.world.level.storage.loot.LootTable$Serializer.deserialize(LootTable.java:291) ~[server-1.20.1-20230612.114412-srg.jar%23131!/:?]
	at com.google.gson.internal.bind.TreeTypeAdapter.read(TreeTypeAdapter.java:76) ~[gson-2.10.jar%2372!/:?]
	at com.google.gson.Gson.fromJson(Gson.java:1214) ~[gson-2.10.jar%2372!/:?]
	at com.google.gson.Gson.fromJson(Gson.java:1319) ~[gson-2.10.jar%2372!/:?]
	at com.google.gson.Gson.fromJson(Gson.java:1261) ~[gson-2.10.jar%2372!/:?]
	at net.minecraftforge.common.ForgeHooks.loadLootTable(ForgeHooks.java:871) ~[forge-1.20.1-47.3.7-universal.jar%23136!/:?]
	at net.minecraftforge.common.ForgeHooks.lambda$getLootTableDeserializer$3(ForgeHooks.java:848) ~[forge-1.20.1-47.3.7-universal.jar%23136!/:?]
	at net.minecraft.world.level.storage.loot.LootDataType.deserialize(LootDataType.java:45) ~[server-1.20.1-20230612.114412-srg.jar%23131!/:?]
	at net.minecraft.world.level.storage.loot.LootDataManager.lambda$scheduleElementParse$4(LootDataManager.java:56) ~[server-1.20.1-20230612.114412-srg.jar%23131!/:?]
	at net.minecraft.world.level.storage.loot.LootDataManager.md527934$lambda$cobblemon$supportICondition$0$0(LootDataManager.java:1044) ~[server-1.20.1-20230612.114412-srg.jar%23131!/:?]
	at java.util.HashMap.forEach(HashMap.java:1421) ~[?:?]
	at net.minecraft.world.level.storage.loot.LootDataManager.redirect$zhp000$cobblemon$supportICondition(LootDataManager.java:1034) ~[server-1.20.1-20230612.114412-srg.jar%23131!/:?]
	at net.minecraft.world.level.storage.loot.LootDataManager.m_278660_(LootDataManager.java:55) ~[server-1.20.1-20230612.114412-srg.jar%23131!/:?]
	at java.util.concurrent.CompletableFuture$AsyncRun.run(CompletableFuture.java:1804) ~[?:?]
	at java.util.concurrent.CompletableFuture$AsyncRun.exec(CompletableFuture.java:1796) ~[?:?]
	at java.util.concurrent.ForkJoinTask.doExec(ForkJoinTask.java:373) ~[?:?]
	at java.util.concurrent.ForkJoinPool$WorkQueue.topLevelExec(ForkJoinPool.java:1182) ~[?:?]
	at java.util.concurrent.ForkJoinPool.scan(ForkJoinPool.java:1655) ~[?:?]
	at java.util.concurrent.ForkJoinPool.runWorker(ForkJoinPool.java:1622) ~[?:?]
	at java.util.concurrent.ForkJoinWorkerThread.run(ForkJoinWorkerThread.java:165) ~[?:?]
[03May2025 19:30:51.375] [Worker-Main-1/DEBUG] [com.cobblemon.mod.common.Cobblemon/]: LootInjector: Injected cobblemon:injection/chests/spawn_bonus_chest to minecraft:chests/spawn_bonus_chest
[03May2025 19:30:51.377] [Worker-Main-1/DEBUG] [com.cobblemon.mod.common.Cobblemon/]: LootInjector: Injected cobblemon:injection/chests/village_house to minecraft:chests/village/village_plains_house
[03May2025 19:30:51.389] [Worker-Main-1/DEBUG] [com.cobblemon.mod.common.Cobblemon/]: LootInjector: Injected cobblemon:injection/chests/bastion_hoglin_stable to minecraft:chests/bastion_hoglin_stable
[03May2025 19:30:51.393] [Worker-Main-1/ERROR] [net.minecraftforge.common.ForgeHooks/]: Couldn't parse element loot_tables:adorn:blocks/cobblemon/apricorn_coffee_table
com.google.gson.JsonSyntaxException: Expected name to be an item, was unknown string 'adorn:cobblemon/apricorn_coffee_table'
	at net.minecraft.util.GsonHelper.m_13866_(GsonHelper.java:145) ~[server-1.20.1-20230612.114412-srg.jar%23131!/:?]
	at java.util.Optional.orElseThrow(Optional.java:403) ~[?:?]
	at net.minecraft.util.GsonHelper.m_13874_(GsonHelper.java:145) ~[server-1.20.1-20230612.114412-srg.jar%23131!/:?]
	at net.minecraft.util.GsonHelper.m_13909_(GsonHelper.java:153) ~[server-1.20.1-20230612.114412-srg.jar%23131!/:?]
	at net.minecraft.world.level.storage.loot.entries.LootItem$Serializer.m_7267_(LootItem.java:55) ~[server-1.20.1-20230612.114412-srg.jar%23131!/:?]
	at net.minecraft.world.level.storage.loot.entries.LootItem$Serializer.m_7267_(LootItem.java:40) ~[server-1.20.1-20230612.114412-srg.jar%23131!/:?]
	at net.minecraft.world.level.storage.loot.entries.LootPoolSingletonContainer$Serializer.m_5921_(LootPoolSingletonContainer.java:151) ~[server-1.20.1-20230612.114412-srg.jar%23131!/:?]
	at net.minecraft.world.level.storage.loot.entries.LootPoolSingletonContainer$Serializer.m_5921_(LootPoolSingletonContainer.java:129) ~[server-1.20.1-20230612.114412-srg.jar%23131!/:?]
	at net.minecraft.world.level.storage.loot.entries.LootPoolEntryContainer$Serializer.m_7561_(LootPoolEntryContainer.java:86) ~[server-1.20.1-20230612.114412-srg.jar%23131!/:?]
	at net.minecraft.world.level.storage.loot.entries.LootPoolEntryContainer$Serializer.m_7561_(LootPoolEntryContainer.java:74) ~[server-1.20.1-20230612.114412-srg.jar%23131!/:?]
	at net.minecraft.world.level.storage.loot.GsonAdapterFactory$JsonAdapter.deserialize(GsonAdapterFactory.java:102) ~[server-1.20.1-20230612.114412-srg.jar%23131!/:?]
	at com.google.gson.internal.bind.TreeTypeAdapter.read(TreeTypeAdapter.java:76) ~[gson-2.10.jar%2372!/:?]
	at com.google.gson.internal.bind.TypeAdapterRuntimeTypeWrapper.read(TypeAdapterRuntimeTypeWrapper.java:40) ~[gson-2.10.jar%2372!/:?]
	at com.google.gson.internal.bind.ArrayTypeAdapter.read(ArrayTypeAdapter.java:72) ~[gson-2.10.jar%2372!/:?]
	at com.google.gson.Gson.fromJson(Gson.java:1214) ~[gson-2.10.jar%2372!/:?]
	at com.google.gson.Gson.fromJson(Gson.java:1319) ~[gson-2.10.jar%2372!/:?]
	at com.google.gson.Gson.fromJson(Gson.java:1290) ~[gson-2.10.jar%2372!/:?]
	at com.google.gson.internal.bind.TreeTypeAdapter$GsonContextImpl.deserialize(TreeTypeAdapter.java:179) ~[gson-2.10.jar%2372!/:?]
	at net.minecraft.util.GsonHelper.m_13808_(GsonHelper.java:463) ~[server-1.20.1-20230612.114412-srg.jar%23131!/:?]
	at net.minecraft.util.GsonHelper.m_13836_(GsonHelper.java:471) ~[server-1.20.1-20230612.114412-srg.jar%23131!/:?]
	at net.minecraft.world.level.storage.loot.LootPool$Serializer.deserialize(LootPool.java:192) ~[server-1.20.1-20230612.114412-srg.jar%23131!/:?]
	at net.minecraft.world.level.storage.loot.LootPool$Serializer.deserialize(LootPool.java:189) ~[server-1.20.1-20230612.114412-srg.jar%23131!/:?]
	at com.google.gson.internal.bind.TreeTypeAdapter.read(TreeTypeAdapter.java:76) ~[gson-2.10.jar%2372!/:?]
	at com.google.gson.internal.bind.TypeAdapterRuntimeTypeWrapper.read(TypeAdapterRuntimeTypeWrapper.java:40) ~[gson-2.10.jar%2372!/:?]
	at com.google.gson.internal.bind.ArrayTypeAdapter.read(ArrayTypeAdapter.java:72) ~[gson-2.10.jar%2372!/:?]
	at com.google.gson.Gson.fromJson(Gson.java:1214) ~[gson-2.10.jar%2372!/:?]
	at com.google.gson.Gson.fromJson(Gson.java:1319) ~[gson-2.10.jar%2372!/:?]
	at com.google.gson.Gson.fromJson(Gson.java:1290) ~[gson-2.10.jar%2372!/:?]
	at com.google.gson.internal.bind.TreeTypeAdapter$GsonContextImpl.deserialize(TreeTypeAdapter.java:179) ~[gson-2.10.jar%2372!/:?]
	at net.minecraft.util.GsonHelper.m_13808_(GsonHelper.java:463) ~[server-1.20.1-20230612.114412-srg.jar%23131!/:?]
	at net.minecraft.util.GsonHelper.m_13845_(GsonHelper.java:481) ~[server-1.20.1-20230612.114412-srg.jar%23131!/:?]
	at net.minecraft.world.level.storage.loot.LootTable$Serializer.deserialize(LootTable.java:294) ~[server-1.20.1-20230612.114412-srg.jar%23131!/:?]
	at net.minecraft.world.level.storage.loot.LootTable$Serializer.deserialize(LootTable.java:291) ~[server-1.20.1-20230612.114412-srg.jar%23131!/:?]
	at com.google.gson.internal.bind.TreeTypeAdapter.read(TreeTypeAdapter.java:76) ~[gson-2.10.jar%2372!/:?]
	at com.google.gson.Gson.fromJson(Gson.java:1214) ~[gson-2.10.jar%2372!/:?]
	at com.google.gson.Gson.fromJson(Gson.java:1319) ~[gson-2.10.jar%2372!/:?]
	at com.google.gson.Gson.fromJson(Gson.java:1261) ~[gson-2.10.jar%2372!/:?]
	at net.minecraftforge.common.ForgeHooks.loadLootTable(ForgeHooks.java:871) ~[forge-1.20.1-47.3.7-universal.jar%23136!/:?]
	at net.minecraftforge.common.ForgeHooks.lambda$getLootTableDeserializer$3(ForgeHooks.java:848) ~[forge-1.20.1-47.3.7-universal.jar%23136!/:?]
	at net.minecraft.world.level.storage.loot.LootDataType.deserialize(LootDataType.java:45) ~[server-1.20.1-20230612.114412-srg.jar%23131!/:?]
	at net.minecraft.world.level.storage.loot.LootDataManager.lambda$scheduleElementParse$4(LootDataManager.java:56) ~[server-1.20.1-20230612.114412-srg.jar%23131!/:?]
	at net.minecraft.world.level.storage.loot.LootDataManager.md527934$lambda$cobblemon$supportICondition$0$0(LootDataManager.java:1044) ~[server-1.20.1-20230612.114412-srg.jar%23131!/:?]
	at java.util.HashMap.forEach(HashMap.java:1421) ~[?:?]
	at net.minecraft.world.level.storage.loot.LootDataManager.redirect$zhp000$cobblemon$supportICondition(LootDataManager.java:1034) ~[server-1.20.1-20230612.114412-srg.jar%23131!/:?]
	at net.minecraft.world.level.storage.loot.LootDataManager.m_278660_(LootDataManager.java:55) ~[server-1.20.1-20230612.114412-srg.jar%23131!/:?]
	at java.util.concurrent.CompletableFuture$AsyncRun.run(CompletableFuture.java:1804) ~[?:?]
	at java.util.concurrent.CompletableFuture$AsyncRun.exec(CompletableFuture.java:1796) ~[?:?]
	at java.util.concurrent.ForkJoinTask.doExec(ForkJoinTask.java:373) ~[?:?]
	at java.util.concurrent.ForkJoinPool$WorkQueue.topLevelExec(ForkJoinPool.java:1182) ~[?:?]
	at java.util.concurrent.ForkJoinPool.scan(ForkJoinPool.java:1655) ~[?:?]
	at java.util.concurrent.ForkJoinPool.runWorker(ForkJoinPool.java:1622) ~[?:?]
	at java.util.concurrent.ForkJoinWorkerThread.run(ForkJoinWorkerThread.java:165) ~[?:?]
[03May2025 19:30:51.398] [Worker-Main-1/DEBUG] [com.cobblemon.mod.common.Cobblemon/]: LootInjector: Injected cobblemon:injection/chests/igloo_chest to minecraft:chests/igloo_chest
[03May2025 19:30:51.399] [Worker-Main-1/DEBUG] [com.cobblemon.mod.common.Cobblemon/]: LootInjector: Injected cobblemon:injection/chests/ancient_city to minecraft:chests/ancient_city
[03May2025 19:30:51.406] [Worker-Main-1/DEBUG] [com.cobblemon.mod.common.Cobblemon/]: LootInjector: Injected cobblemon:injection/chests/bastion_bridge to minecraft:chests/bastion_bridge
[03May2025 19:30:51.406] [Worker-Main-1/ERROR] [net.minecraftforge.common.ForgeHooks/]: Couldn't parse element loot_tables:adorn:blocks/cobblemon/apricorn_step
com.google.gson.JsonSyntaxException: Expected name to be an item, was unknown string 'adorn:cobblemon/apricorn_step'
	at net.minecraft.util.GsonHelper.m_13866_(GsonHelper.java:145) ~[server-1.20.1-20230612.114412-srg.jar%23131!/:?]
	at java.util.Optional.orElseThrow(Optional.java:403) ~[?:?]
	at net.minecraft.util.GsonHelper.m_13874_(GsonHelper.java:145) ~[server-1.20.1-20230612.114412-srg.jar%23131!/:?]
	at net.minecraft.util.GsonHelper.m_13909_(GsonHelper.java:153) ~[server-1.20.1-20230612.114412-srg.jar%23131!/:?]
	at net.minecraft.world.level.storage.loot.entries.LootItem$Serializer.m_7267_(LootItem.java:55) ~[server-1.20.1-20230612.114412-srg.jar%23131!/:?]
	at net.minecraft.world.level.storage.loot.entries.LootItem$Serializer.m_7267_(LootItem.java:40) ~[server-1.20.1-20230612.114412-srg.jar%23131!/:?]
	at net.minecraft.world.level.storage.loot.entries.LootPoolSingletonContainer$Serializer.m_5921_(LootPoolSingletonContainer.java:151) ~[server-1.20.1-20230612.114412-srg.jar%23131!/:?]
	at net.minecraft.world.level.storage.loot.entries.LootPoolSingletonContainer$Serializer.m_5921_(LootPoolSingletonContainer.java:129) ~[server-1.20.1-20230612.114412-srg.jar%23131!/:?]
	at net.minecraft.world.level.storage.loot.entries.LootPoolEntryContainer$Serializer.m_7561_(LootPoolEntryContainer.java:86) ~[server-1.20.1-20230612.114412-srg.jar%23131!/:?]
	at net.minecraft.world.level.storage.loot.entries.LootPoolEntryContainer$Serializer.m_7561_(LootPoolEntryContainer.java:74) ~[server-1.20.1-20230612.114412-srg.jar%23131!/:?]
	at net.minecraft.world.level.storage.loot.GsonAdapterFactory$JsonAdapter.deserialize(GsonAdapterFactory.java:102) ~[server-1.20.1-20230612.114412-srg.jar%23131!/:?]
	at com.google.gson.internal.bind.TreeTypeAdapter.read(TreeTypeAdapter.java:76) ~[gson-2.10.jar%2372!/:?]
	at com.google.gson.internal.bind.TypeAdapterRuntimeTypeWrapper.read(TypeAdapterRuntimeTypeWrapper.java:40) ~[gson-2.10.jar%2372!/:?]
	at com.google.gson.internal.bind.ArrayTypeAdapter.read(ArrayTypeAdapter.java:72) ~[gson-2.10.jar%2372!/:?]
	at com.google.gson.Gson.fromJson(Gson.java:1214) ~[gson-2.10.jar%2372!/:?]
	at com.google.gson.Gson.fromJson(Gson.java:1319) ~[gson-2.10.jar%2372!/:?]
	at com.google.gson.Gson.fromJson(Gson.java:1290) ~[gson-2.10.jar%2372!/:?]
	at com.google.gson.internal.bind.TreeTypeAdapter$GsonContextImpl.deserialize(TreeTypeAdapter.java:179) ~[gson-2.10.jar%2372!/:?]
	at net.minecraft.util.GsonHelper.m_13808_(GsonHelper.java:463) ~[server-1.20.1-20230612.114412-srg.jar%23131!/:?]
	at net.minecraft.util.GsonHelper.m_13836_(GsonHelper.java:471) ~[server-1.20.1-20230612.114412-srg.jar%23131!/:?]
	at net.minecraft.world.level.storage.loot.LootPool$Serializer.deserialize(LootPool.java:192) ~[server-1.20.1-20230612.114412-srg.jar%23131!/:?]
	at net.minecraft.world.level.storage.loot.LootPool$Serializer.deserialize(LootPool.java:189) ~[server-1.20.1-20230612.114412-srg.jar%23131!/:?]
	at com.google.gson.internal.bind.TreeTypeAdapter.read(TreeTypeAdapter.java:76) ~[gson-2.10.jar%2372!/:?]
	at com.google.gson.internal.bind.TypeAdapterRuntimeTypeWrapper.read(TypeAdapterRuntimeTypeWrapper.java:40) ~[gson-2.10.jar%2372!/:?]
	at com.google.gson.internal.bind.ArrayTypeAdapter.read(ArrayTypeAdapter.java:72) ~[gson-2.10.jar%2372!/:?]
	at com.google.gson.Gson.fromJson(Gson.java:1214) ~[gson-2.10.jar%2372!/:?]
	at com.google.gson.Gson.fromJson(Gson.java:1319) ~[gson-2.10.jar%2372!/:?]
	at com.google.gson.Gson.fromJson(Gson.java:1290) ~[gson-2.10.jar%2372!/:?]
	at com.google.gson.internal.bind.TreeTypeAdapter$GsonContextImpl.deserialize(TreeTypeAdapter.java:179) ~[gson-2.10.jar%2372!/:?]
	at net.minecraft.util.GsonHelper.m_13808_(GsonHelper.java:463) ~[server-1.20.1-20230612.114412-srg.jar%23131!/:?]
	at net.minecraft.util.GsonHelper.m_13845_(GsonHelper.java:481) ~[server-1.20.1-20230612.114412-srg.jar%23131!/:?]
	at net.minecraft.world.level.storage.loot.LootTable$Serializer.deserialize(LootTable.java:294) ~[server-1.20.1-20230612.114412-srg.jar%23131!/:?]
	at net.minecraft.world.level.storage.loot.LootTable$Serializer.deserialize(LootTable.java:291) ~[server-1.20.1-20230612.114412-srg.jar%23131!/:?]
	at com.google.gson.internal.bind.TreeTypeAdapter.read(TreeTypeAdapter.java:76) ~[gson-2.10.jar%2372!/:?]
	at com.google.gson.Gson.fromJson(Gson.java:1214) ~[gson-2.10.jar%2372!/:?]
	at com.google.gson.Gson.fromJson(Gson.java:1319) ~[gson-2.10.jar%2372!/:?]
	at com.google.gson.Gson.fromJson(Gson.java:1261) ~[gson-2.10.jar%2372!/:?]
	at net.minecraftforge.common.ForgeHooks.loadLootTable(ForgeHooks.java:871) ~[forge-1.20.1-47.3.7-universal.jar%23136!/:?]
	at net.minecraftforge.common.ForgeHooks.lambda$getLootTableDeserializer$3(ForgeHooks.java:848) ~[forge-1.20.1-47.3.7-universal.jar%23136!/:?]
	at net.minecraft.world.level.storage.loot.LootDataType.deserialize(LootDataType.java:45) ~[server-1.20.1-20230612.114412-srg.jar%23131!/:?]
	at net.minecraft.world.level.storage.loot.LootDataManager.lambda$scheduleElementParse$4(LootDataManager.java:56) ~[server-1.20.1-20230612.114412-srg.jar%23131!/:?]
	at net.minecraft.world.level.storage.loot.LootDataManager.md527934$lambda$cobblemon$supportICondition$0$0(LootDataManager.java:1044) ~[server-1.20.1-20230612.114412-srg.jar%23131!/:?]
	at java.util.HashMap.forEach(HashMap.java:1421) ~[?:?]
	at net.minecraft.world.level.storage.loot.LootDataManager.redirect$zhp000$cobblemon$supportICondition(LootDataManager.java:1034) ~[server-1.20.1-20230612.114412-srg.jar%23131!/:?]
	at net.minecraft.world.level.storage.loot.LootDataManager.m_278660_(LootDataManager.java:55) ~[server-1.20.1-20230612.114412-srg.jar%23131!/:?]
	at java.util.concurrent.CompletableFuture$AsyncRun.run(CompletableFuture.java:1804) ~[?:?]
	at java.util.concurrent.CompletableFuture$AsyncRun.exec(CompletableFuture.java:1796) ~[?:?]
	at java.util.concurrent.ForkJoinTask.doExec(ForkJoinTask.java:373) ~[?:?]
	at java.util.concurrent.ForkJoinPool$WorkQueue.topLevelExec(ForkJoinPool.java:1182) ~[?:?]
	at java.util.concurrent.ForkJoinPool.scan(ForkJoinPool.java:1655) ~[?:?]
	at java.util.concurrent.ForkJoinPool.runWorker(ForkJoinPool.java:1622) ~[?:?]
	at java.util.concurrent.ForkJoinWorkerThread.run(ForkJoinWorkerThread.java:165) ~[?:?]
[03May2025 19:30:51.420] [Worker-Main-1/DEBUG] [com.cobblemon.mod.common.Cobblemon/]: LootInjector: Injected cobblemon:injection/chests/pillager_outpost to minecraft:chests/pillager_outpost
[03May2025 19:30:51.424] [Worker-Main-1/ERROR] [net.minecraftforge.common.ForgeHooks/]: Couldn't parse element loot_tables:adorn:blocks/cobblemon/apricorn_platform
com.google.gson.JsonSyntaxException: Expected name to be an item, was unknown string 'adorn:cobblemon/apricorn_platform'
	at net.minecraft.util.GsonHelper.m_13866_(GsonHelper.java:145) ~[server-1.20.1-20230612.114412-srg.jar%23131!/:?]
	at java.util.Optional.orElseThrow(Optional.java:403) ~[?:?]
	at net.minecraft.util.GsonHelper.m_13874_(GsonHelper.java:145) ~[server-1.20.1-20230612.114412-srg.jar%23131!/:?]
	at net.minecraft.util.GsonHelper.m_13909_(GsonHelper.java:153) ~[server-1.20.1-20230612.114412-srg.jar%23131!/:?]
	at net.minecraft.world.level.storage.loot.entries.LootItem$Serializer.m_7267_(LootItem.java:55) ~[server-1.20.1-20230612.114412-srg.jar%23131!/:?]
	at net.minecraft.world.level.storage.loot.entries.LootItem$Serializer.m_7267_(LootItem.java:40) ~[server-1.20.1-20230612.114412-srg.jar%23131!/:?]
	at net.minecraft.world.level.storage.loot.entries.LootPoolSingletonContainer$Serializer.m_5921_(LootPoolSingletonContainer.java:151) ~[server-1.20.1-20230612.114412-srg.jar%23131!/:?]
	at net.minecraft.world.level.storage.loot.entries.LootPoolSingletonContainer$Serializer.m_5921_(LootPoolSingletonContainer.java:129) ~[server-1.20.1-20230612.114412-srg.jar%23131!/:?]
	at net.minecraft.world.level.storage.loot.entries.LootPoolEntryContainer$Serializer.m_7561_(LootPoolEntryContainer.java:86) ~[server-1.20.1-20230612.114412-srg.jar%23131!/:?]
	at net.minecraft.world.level.storage.loot.entries.LootPoolEntryContainer$Serializer.m_7561_(LootPoolEntryContainer.java:74) ~[server-1.20.1-20230612.114412-srg.jar%23131!/:?]
	at net.minecraft.world.level.storage.loot.GsonAdapterFactory$JsonAdapter.deserialize(GsonAdapterFactory.java:102) ~[server-1.20.1-20230612.114412-srg.jar%23131!/:?]
	at com.google.gson.internal.bind.TreeTypeAdapter.read(TreeTypeAdapter.java:76) ~[gson-2.10.jar%2372!/:?]
	at com.google.gson.internal.bind.TypeAdapterRuntimeTypeWrapper.read(TypeAdapterRuntimeTypeWrapper.java:40) ~[gson-2.10.jar%2372!/:?]
	at com.google.gson.internal.bind.ArrayTypeAdapter.read(ArrayTypeAdapter.java:72) ~[gson-2.10.jar%2372!/:?]
	at com.google.gson.Gson.fromJson(Gson.java:1214) ~[gson-2.10.jar%2372!/:?]
	at com.google.gson.Gson.fromJson(Gson.java:1319) ~[gson-2.10.jar%2372!/:?]
	at com.google.gson.Gson.fromJson(Gson.java:1290) ~[gson-2.10.jar%2372!/:?]
	at com.google.gson.internal.bind.TreeTypeAdapter$GsonContextImpl.deserialize(TreeTypeAdapter.java:179) ~[gson-2.10.jar%2372!/:?]
	at net.minecraft.util.GsonHelper.m_13808_(GsonHelper.java:463) ~[server-1.20.1-20230612.114412-srg.jar%23131!/:?]
	at net.minecraft.util.GsonHelper.m_13836_(GsonHelper.java:471) ~[server-1.20.1-20230612.114412-srg.jar%23131!/:?]
	at net.minecraft.world.level.storage.loot.LootPool$Serializer.deserialize(LootPool.java:192) ~[server-1.20.1-20230612.114412-srg.jar%23131!/:?]
	at net.minecraft.world.level.storage.loot.LootPool$Serializer.deserialize(LootPool.java:189) ~[server-1.20.1-20230612.114412-srg.jar%23131!/:?]
	at com.google.gson.internal.bind.TreeTypeAdapter.read(TreeTypeAdapter.java:76) ~[gson-2.10.jar%2372!/:?]
	at com.google.gson.internal.bind.TypeAdapterRuntimeTypeWrapper.read(TypeAdapterRuntimeTypeWrapper.java:40) ~[gson-2.10.jar%2372!/:?]
	at com.google.gson.internal.bind.ArrayTypeAdapter.read(ArrayTypeAdapter.java:72) ~[gson-2.10.jar%2372!/:?]
	at com.google.gson.Gson.fromJson(Gson.java:1214) ~[gson-2.10.jar%2372!/:?]
	at com.google.gson.Gson.fromJson(Gson.java:1319) ~[gson-2.10.jar%2372!/:?]
	at com.google.gson.Gson.fromJson(Gson.java:1290) ~[gson-2.10.jar%2372!/:?]
	at com.google.gson.internal.bind.TreeTypeAdapter$GsonContextImpl.deserialize(TreeTypeAdapter.java:179) ~[gson-2.10.jar%2372!/:?]
	at net.minecraft.util.GsonHelper.m_13808_(GsonHelper.java:463) ~[server-1.20.1-20230612.114412-srg.jar%23131!/:?]
	at net.minecraft.util.GsonHelper.m_13845_(GsonHelper.java:481) ~[server-1.20.1-20230612.114412-srg.jar%23131!/:?]
	at net.minecraft.world.level.storage.loot.LootTable$Serializer.deserialize(LootTable.java:294) ~[server-1.20.1-20230612.114412-srg.jar%23131!/:?]
	at net.minecraft.world.level.storage.loot.LootTable$Serializer.deserialize(LootTable.java:291) ~[server-1.20.1-20230612.114412-srg.jar%23131!/:?]
	at com.google.gson.internal.bind.TreeTypeAdapter.read(TreeTypeAdapter.java:76) ~[gson-2.10.jar%2372!/:?]
	at com.google.gson.Gson.fromJson(Gson.java:1214) ~[gson-2.10.jar%2372!/:?]
	at com.google.gson.Gson.fromJson(Gson.java:1319) ~[gson-2.10.jar%2372!/:?]
	at com.google.gson.Gson.fromJson(Gson.java:1261) ~[gson-2.10.jar%2372!/:?]
	at net.minecraftforge.common.ForgeHooks.loadLootTable(ForgeHooks.java:871) ~[forge-1.20.1-47.3.7-universal.jar%23136!/:?]
	at net.minecraftforge.common.ForgeHooks.lambda$getLootTableDeserializer$3(ForgeHooks.java:848) ~[forge-1.20.1-47.3.7-universal.jar%23136!/:?]
	at net.minecraft.world.level.storage.loot.LootDataType.deserialize(LootDataType.java:45) ~[server-1.20.1-20230612.114412-srg.jar%23131!/:?]
	at net.minecraft.world.level.storage.loot.LootDataManager.lambda$scheduleElementParse$4(LootDataManager.java:56) ~[server-1.20.1-20230612.114412-srg.jar%23131!/:?]
	at net.minecraft.world.level.storage.loot.LootDataManager.md527934$lambda$cobblemon$supportICondition$0$0(LootDataManager.java:1044) ~[server-1.20.1-20230612.114412-srg.jar%23131!/:?]
	at java.util.HashMap.forEach(HashMap.java:1421) ~[?:?]
	at net.minecraft.world.level.storage.loot.LootDataManager.redirect$zhp000$cobblemon$supportICondition(LootDataManager.java:1034) ~[server-1.20.1-20230612.114412-srg.jar%23131!/:?]
	at net.minecraft.world.level.storage.loot.LootDataManager.m_278660_(LootDataManager.java:55) ~[server-1.20.1-20230612.114412-srg.jar%23131!/:?]
	at java.util.concurrent.CompletableFuture$AsyncRun.run(CompletableFuture.java:1804) ~[?:?]
	at java.util.concurrent.CompletableFuture$AsyncRun.exec(CompletableFuture.java:1796) ~[?:?]
	at java.util.concurrent.ForkJoinTask.doExec(ForkJoinTask.java:373) ~[?:?]
	at java.util.concurrent.ForkJoinPool$WorkQueue.topLevelExec(ForkJoinPool.java:1182) ~[?:?]
	at java.util.concurrent.ForkJoinPool.scan(ForkJoinPool.java:1655) ~[?:?]
	at java.util.concurrent.ForkJoinPool.runWorker(ForkJoinPool.java:1622) ~[?:?]
	at java.util.concurrent.ForkJoinWorkerThread.run(ForkJoinWorkerThread.java:165) ~[?:?]
[03May2025 19:30:51.426] [Worker-Main-1/ERROR] [net.minecraftforge.common.ForgeHooks/]: Couldn't parse element loot_tables:adorn:blocks/cobblemon/apricorn_bench
com.google.gson.JsonSyntaxException: Expected name to be an item, was unknown string 'adorn:cobblemon/apricorn_bench'
	at net.minecraft.util.GsonHelper.m_13866_(GsonHelper.java:145) ~[server-1.20.1-20230612.114412-srg.jar%23131!/:?]
	at java.util.Optional.orElseThrow(Optional.java:403) ~[?:?]
	at net.minecraft.util.GsonHelper.m_13874_(GsonHelper.java:145) ~[server-1.20.1-20230612.114412-srg.jar%23131!/:?]
	at net.minecraft.util.GsonHelper.m_13909_(GsonHelper.java:153) ~[server-1.20.1-20230612.114412-srg.jar%23131!/:?]
	at net.minecraft.world.level.storage.loot.entries.LootItem$Serializer.m_7267_(LootItem.java:55) ~[server-1.20.1-20230612.114412-srg.jar%23131!/:?]
	at net.minecraft.world.level.storage.loot.entries.LootItem$Serializer.m_7267_(LootItem.java:40) ~[server-1.20.1-20230612.114412-srg.jar%23131!/:?]
	at net.minecraft.world.level.storage.loot.entries.LootPoolSingletonContainer$Serializer.m_5921_(LootPoolSingletonContainer.java:151) ~[server-1.20.1-20230612.114412-srg.jar%23131!/:?]
	at net.minecraft.world.level.storage.loot.entries.LootPoolSingletonContainer$Serializer.m_5921_(LootPoolSingletonContainer.java:129) ~[server-1.20.1-20230612.114412-srg.jar%23131!/:?]
	at net.minecraft.world.level.storage.loot.entries.LootPoolEntryContainer$Serializer.m_7561_(LootPoolEntryContainer.java:86) ~[server-1.20.1-20230612.114412-srg.jar%23131!/:?]
	at net.minecraft.world.level.storage.loot.entries.LootPoolEntryContainer$Serializer.m_7561_(LootPoolEntryContainer.java:74) ~[server-1.20.1-20230612.114412-srg.jar%23131!/:?]
	at net.minecraft.world.level.storage.loot.GsonAdapterFactory$JsonAdapter.deserialize(GsonAdapterFactory.java:102) ~[server-1.20.1-20230612.114412-srg.jar%23131!/:?]
	at com.google.gson.internal.bind.TreeTypeAdapter.read(TreeTypeAdapter.java:76) ~[gson-2.10.jar%2372!/:?]
	at com.google.gson.internal.bind.TypeAdapterRuntimeTypeWrapper.read(TypeAdapterRuntimeTypeWrapper.java:40) ~[gson-2.10.jar%2372!/:?]
	at com.google.gson.internal.bind.ArrayTypeAdapter.read(ArrayTypeAdapter.java:72) ~[gson-2.10.jar%2372!/:?]
	at com.google.gson.Gson.fromJson(Gson.java:1214) ~[gson-2.10.jar%2372!/:?]
	at com.google.gson.Gson.fromJson(Gson.java:1319) ~[gson-2.10.jar%2372!/:?]
	at com.google.gson.Gson.fromJson(Gson.java:1290) ~[gson-2.10.jar%2372!/:?]
	at com.google.gson.internal.bind.TreeTypeAdapter$GsonContextImpl.deserialize(TreeTypeAdapter.java:179) ~[gson-2.10.jar%2372!/:?]
	at net.minecraft.util.GsonHelper.m_13808_(GsonHelper.java:463) ~[server-1.20.1-20230612.114412-srg.jar%23131!/:?]
	at net.minecraft.util.GsonHelper.m_13836_(GsonHelper.java:471) ~[server-1.20.1-20230612.114412-srg.jar%23131!/:?]
	at net.minecraft.world.level.storage.loot.LootPool$Serializer.deserialize(LootPool.java:192) ~[server-1.20.1-20230612.114412-srg.jar%23131!/:?]
	at net.minecraft.world.level.storage.loot.LootPool$Serializer.deserialize(LootPool.java:189) ~[server-1.20.1-20230612.114412-srg.jar%23131!/:?]
	at com.google.gson.internal.bind.TreeTypeAdapter.read(TreeTypeAdapter.java:76) ~[gson-2.10.jar%2372!/:?]
	at com.google.gson.internal.bind.TypeAdapterRuntimeTypeWrapper.read(TypeAdapterRuntimeTypeWrapper.java:40) ~[gson-2.10.jar%2372!/:?]
	at com.google.gson.internal.bind.ArrayTypeAdapter.read(ArrayTypeAdapter.java:72) ~[gson-2.10.jar%2372!/:?]
	at com.google.gson.Gson.fromJson(Gson.java:1214) ~[gson-2.10.jar%2372!/:?]
	at com.google.gson.Gson.fromJson(Gson.java:1319) ~[gson-2.10.jar%2372!/:?]
	at com.google.gson.Gson.fromJson(Gson.java:1290) ~[gson-2.10.jar%2372!/:?]
	at com.google.gson.internal.bind.TreeTypeAdapter$GsonContextImpl.deserialize(TreeTypeAdapter.java:179) ~[gson-2.10.jar%2372!/:?]
	at net.minecraft.util.GsonHelper.m_13808_(GsonHelper.java:463) ~[server-1.20.1-20230612.114412-srg.jar%23131!/:?]
	at net.minecraft.util.GsonHelper.m_13845_(GsonHelper.java:481) ~[server-1.20.1-20230612.114412-srg.jar%23131!/:?]
	at net.minecraft.world.level.storage.loot.LootTable$Serializer.deserialize(LootTable.java:294) ~[server-1.20.1-20230612.114412-srg.jar%23131!/:?]
	at net.minecraft.world.level.storage.loot.LootTable$Serializer.deserialize(LootTable.java:291) ~[server-1.20.1-20230612.114412-srg.jar%23131!/:?]
	at com.google.gson.internal.bind.TreeTypeAdapter.read(TreeTypeAdapter.java:76) ~[gson-2.10.jar%2372!/:?]
	at com.google.gson.Gson.fromJson(Gson.java:1214) ~[gson-2.10.jar%2372!/:?]
	at com.google.gson.Gson.fromJson(Gson.java:1319) ~[gson-2.10.jar%2372!/:?]
	at com.google.gson.Gson.fromJson(Gson.java:1261) ~[gson-2.10.jar%2372!/:?]
	at net.minecraftforge.common.ForgeHooks.loadLootTable(ForgeHooks.java:871) ~[forge-1.20.1-47.3.7-universal.jar%23136!/:?]
	at net.minecraftforge.common.ForgeHooks.lambda$getLootTableDeserializer$3(ForgeHooks.java:848) ~[forge-1.20.1-47.3.7-universal.jar%23136!/:?]
	at net.minecraft.world.level.storage.loot.LootDataType.deserialize(LootDataType.java:45) ~[server-1.20.1-20230612.114412-srg.jar%23131!/:?]
	at net.minecraft.world.level.storage.loot.LootDataManager.lambda$scheduleElementParse$4(LootDataManager.java:56) ~[server-1.20.1-20230612.114412-srg.jar%23131!/:?]
	at net.minecraft.world.level.storage.loot.LootDataManager.md527934$lambda$cobblemon$supportICondition$0$0(LootDataManager.java:1044) ~[server-1.20.1-20230612.114412-srg.jar%23131!/:?]
	at java.util.HashMap.forEach(HashMap.java:1421) ~[?:?]
	at net.minecraft.world.level.storage.loot.LootDataManager.redirect$zhp000$cobblemon$supportICondition(LootDataManager.java:1034) ~[server-1.20.1-20230612.114412-srg.jar%23131!/:?]
	at net.minecraft.world.level.storage.loot.LootDataManager.m_278660_(LootDataManager.java:55) ~[server-1.20.1-20230612.114412-srg.jar%23131!/:?]
	at java.util.concurrent.CompletableFuture$AsyncRun.run(CompletableFuture.java:1804) ~[?:?]
	at java.util.concurrent.CompletableFuture$AsyncRun.exec(CompletableFuture.java:1796) ~[?:?]
	at java.util.concurrent.ForkJoinTask.doExec(ForkJoinTask.java:373) ~[?:?]
	at java.util.concurrent.ForkJoinPool$WorkQueue.topLevelExec(ForkJoinPool.java:1182) ~[?:?]
	at java.util.concurrent.ForkJoinPool.scan(ForkJoinPool.java:1655) ~[?:?]
	at java.util.concurrent.ForkJoinPool.runWorker(ForkJoinPool.java:1622) ~[?:?]
	at java.util.concurrent.ForkJoinWorkerThread.run(ForkJoinWorkerThread.java:165) ~[?:?]
[03May2025 19:30:51.441] [Worker-Main-1/ERROR] [net.minecraftforge.common.ForgeHooks/]: Couldn't parse element loot_tables:adorn:blocks/cobblemon/apricorn_table
com.google.gson.JsonSyntaxException: Expected name to be an item, was unknown string 'adorn:cobblemon/apricorn_table'
	at net.minecraft.util.GsonHelper.m_13866_(GsonHelper.java:145) ~[server-1.20.1-20230612.114412-srg.jar%23131!/:?]
	at java.util.Optional.orElseThrow(Optional.java:403) ~[?:?]
	at net.minecraft.util.GsonHelper.m_13874_(GsonHelper.java:145) ~[server-1.20.1-20230612.114412-srg.jar%23131!/:?]
	at net.minecraft.util.GsonHelper.m_13909_(GsonHelper.java:153) ~[server-1.20.1-20230612.114412-srg.jar%23131!/:?]
	at net.minecraft.world.level.storage.loot.entries.LootItem$Serializer.m_7267_(LootItem.java:55) ~[server-1.20.1-20230612.114412-srg.jar%23131!/:?]
	at net.minecraft.world.level.storage.loot.entries.LootItem$Serializer.m_7267_(LootItem.java:40) ~[server-1.20.1-20230612.114412-srg.jar%23131!/:?]
	at net.minecraft.world.level.storage.loot.entries.LootPoolSingletonContainer$Serializer.m_5921_(LootPoolSingletonContainer.java:151) ~[server-1.20.1-20230612.114412-srg.jar%23131!/:?]
	at net.minecraft.world.level.storage.loot.entries.LootPoolSingletonContainer$Serializer.m_5921_(LootPoolSingletonContainer.java:129) ~[server-1.20.1-20230612.114412-srg.jar%23131!/:?]
	at net.minecraft.world.level.storage.loot.entries.LootPoolEntryContainer$Serializer.m_7561_(LootPoolEntryContainer.java:86) ~[server-1.20.1-20230612.114412-srg.jar%23131!/:?]
	at net.minecraft.world.level.storage.loot.entries.LootPoolEntryContainer$Serializer.m_7561_(LootPoolEntryContainer.java:74) ~[server-1.20.1-20230612.114412-srg.jar%23131!/:?]
	at net.minecraft.world.level.storage.loot.GsonAdapterFactory$JsonAdapter.deserialize(GsonAdapterFactory.java:102) ~[server-1.20.1-20230612.114412-srg.jar%23131!/:?]
	at com.google.gson.internal.bind.TreeTypeAdapter.read(TreeTypeAdapter.java:76) ~[gson-2.10.jar%2372!/:?]
	at com.google.gson.internal.bind.TypeAdapterRuntimeTypeWrapper.read(TypeAdapterRuntimeTypeWrapper.java:40) ~[gson-2.10.jar%2372!/:?]
	at com.google.gson.internal.bind.ArrayTypeAdapter.read(ArrayTypeAdapter.java:72) ~[gson-2.10.jar%2372!/:?]
	at com.google.gson.Gson.fromJson(Gson.java:1214) ~[gson-2.10.jar%2372!/:?]
	at com.google.gson.Gson.fromJson(Gson.java:1319) ~[gson-2.10.jar%2372!/:?]
	at com.google.gson.Gson.fromJson(Gson.java:1290) ~[gson-2.10.jar%2372!/:?]
	at com.google.gson.internal.bind.TreeTypeAdapter$GsonContextImpl.deserialize(TreeTypeAdapter.java:179) ~[gson-2.10.jar%2372!/:?]
	at net.minecraft.util.GsonHelper.m_13808_(GsonHelper.java:463) ~[server-1.20.1-20230612.114412-srg.jar%23131!/:?]
	at net.minecraft.util.GsonHelper.m_13836_(GsonHelper.java:471) ~[server-1.20.1-20230612.114412-srg.jar%23131!/:?]
	at net.minecraft.world.level.storage.loot.LootPool$Serializer.deserialize(LootPool.java:192) ~[server-1.20.1-20230612.114412-srg.jar%23131!/:?]
	at net.minecraft.world.level.storage.loot.LootPool$Serializer.deserialize(LootPool.java:189) ~[server-1.20.1-20230612.114412-srg.jar%23131!/:?]
	at com.google.gson.internal.bind.TreeTypeAdapter.read(TreeTypeAdapter.java:76) ~[gson-2.10.jar%2372!/:?]
	at com.google.gson.internal.bind.TypeAdapterRuntimeTypeWrapper.read(TypeAdapterRuntimeTypeWrapper.java:40) ~[gson-2.10.jar%2372!/:?]
	at com.google.gson.internal.bind.ArrayTypeAdapter.read(ArrayTypeAdapter.java:72) ~[gson-2.10.jar%2372!/:?]
	at com.google.gson.Gson.fromJson(Gson.java:1214) ~[gson-2.10.jar%2372!/:?]
	at com.google.gson.Gson.fromJson(Gson.java:1319) ~[gson-2.10.jar%2372!/:?]
	at com.google.gson.Gson.fromJson(Gson.java:1290) ~[gson-2.10.jar%2372!/:?]
	at com.google.gson.internal.bind.TreeTypeAdapter$GsonContextImpl.deserialize(TreeTypeAdapter.java:179) ~[gson-2.10.jar%2372!/:?]
	at net.minecraft.util.GsonHelper.m_13808_(GsonHelper.java:463) ~[server-1.20.1-20230612.114412-srg.jar%23131!/:?]
	at net.minecraft.util.GsonHelper.m_13845_(GsonHelper.java:481) ~[server-1.20.1-20230612.114412-srg.jar%23131!/:?]
	at net.minecraft.world.level.storage.loot.LootTable$Serializer.deserialize(LootTable.java:294) ~[server-1.20.1-20230612.114412-srg.jar%23131!/:?]
	at net.minecraft.world.level.storage.loot.LootTable$Serializer.deserialize(LootTable.java:291) ~[server-1.20.1-20230612.114412-srg.jar%23131!/:?]
	at com.google.gson.internal.bind.TreeTypeAdapter.read(TreeTypeAdapter.java:76) ~[gson-2.10.jar%2372!/:?]
	at com.google.gson.Gson.fromJson(Gson.java:1214) ~[gson-2.10.jar%2372!/:?]
	at com.google.gson.Gson.fromJson(Gson.java:1319) ~[gson-2.10.jar%2372!/:?]
	at com.google.gson.Gson.fromJson(Gson.java:1261) ~[gson-2.10.jar%2372!/:?]
	at net.minecraftforge.common.ForgeHooks.loadLootTable(ForgeHooks.java:871) ~[forge-1.20.1-47.3.7-universal.jar%23136!/:?]
	at net.minecraftforge.common.ForgeHooks.lambda$getLootTableDeserializer$3(ForgeHooks.java:848) ~[forge-1.20.1-47.3.7-universal.jar%23136!/:?]
	at net.minecraft.world.level.storage.loot.LootDataType.deserialize(LootDataType.java:45) ~[server-1.20.1-20230612.114412-srg.jar%23131!/:?]
	at net.minecraft.world.level.storage.loot.LootDataManager.lambda$scheduleElementParse$4(LootDataManager.java:56) ~[server-1.20.1-20230612.114412-srg.jar%23131!/:?]
	at net.minecraft.world.level.storage.loot.LootDataManager.md527934$lambda$cobblemon$supportICondition$0$0(LootDataManager.java:1044) ~[server-1.20.1-20230612.114412-srg.jar%23131!/:?]
	at java.util.HashMap.forEach(HashMap.java:1421) ~[?:?]
	at net.minecraft.world.level.storage.loot.LootDataManager.redirect$zhp000$cobblemon$supportICondition(LootDataManager.java:1034) ~[server-1.20.1-20230612.114412-srg.jar%23131!/:?]
	at net.minecraft.world.level.storage.loot.LootDataManager.m_278660_(LootDataManager.java:55) ~[server-1.20.1-20230612.114412-srg.jar%23131!/:?]
	at java.util.concurrent.CompletableFuture$AsyncRun.run(CompletableFuture.java:1804) ~[?:?]
	at java.util.concurrent.CompletableFuture$AsyncRun.exec(CompletableFuture.java:1796) ~[?:?]
	at java.util.concurrent.ForkJoinTask.doExec(ForkJoinTask.java:373) ~[?:?]
	at java.util.concurrent.ForkJoinPool$WorkQueue.topLevelExec(ForkJoinPool.java:1182) ~[?:?]
	at java.util.concurrent.ForkJoinPool.scan(ForkJoinPool.java:1655) ~[?:?]
	at java.util.concurrent.ForkJoinPool.runWorker(ForkJoinPool.java:1622) ~[?:?]
	at java.util.concurrent.ForkJoinWorkerThread.run(ForkJoinWorkerThread.java:165) ~[?:?]
[03May2025 19:30:51.453] [Worker-Main-1/DEBUG] [com.cobblemon.mod.common.Cobblemon/]: LootInjector: Injected cobblemon:injection/chests/jungle_temple to minecraft:chests/jungle_temple
[03May2025 19:30:51.461] [Worker-Main-1/DEBUG] [com.cobblemon.mod.common.Cobblemon/]: LootInjector: Injected cobblemon:injection/chests/village_house to minecraft:chests/village/village_savanna_house
[03May2025 19:30:51.462] [Worker-Main-1/DEBUG] [com.cobblemon.mod.common.Cobblemon/]: LootInjector: Injected cobblemon:injection/chests/village_house to minecraft:chests/village/village_taiga_house
[03May2025 19:30:51.463] [Worker-Main-1/ERROR] [net.minecraftforge.common.ForgeHooks/]: Couldn't parse element loot_tables:adorn:blocks/cobblemon/apricorn_post
com.google.gson.JsonSyntaxException: Expected name to be an item, was unknown string 'adorn:cobblemon/apricorn_post'
	at net.minecraft.util.GsonHelper.m_13866_(GsonHelper.java:145) ~[server-1.20.1-20230612.114412-srg.jar%23131!/:?]
	at java.util.Optional.orElseThrow(Optional.java:403) ~[?:?]
	at net.minecraft.util.GsonHelper.m_13874_(GsonHelper.java:145) ~[server-1.20.1-20230612.114412-srg.jar%23131!/:?]
	at net.minecraft.util.GsonHelper.m_13909_(GsonHelper.java:153) ~[server-1.20.1-20230612.114412-srg.jar%23131!/:?]
	at net.minecraft.world.level.storage.loot.entries.LootItem$Serializer.m_7267_(LootItem.java:55) ~[server-1.20.1-20230612.114412-srg.jar%23131!/:?]
	at net.minecraft.world.level.storage.loot.entries.LootItem$Serializer.m_7267_(LootItem.java:40) ~[server-1.20.1-20230612.114412-srg.jar%23131!/:?]
	at net.minecraft.world.level.storage.loot.entries.LootPoolSingletonContainer$Serializer.m_5921_(LootPoolSingletonContainer.java:151) ~[server-1.20.1-20230612.114412-srg.jar%23131!/:?]
	at net.minecraft.world.level.storage.loot.entries.LootPoolSingletonContainer$Serializer.m_5921_(LootPoolSingletonContainer.java:129) ~[server-1.20.1-20230612.114412-srg.jar%23131!/:?]
	at net.minecraft.world.level.storage.loot.entries.LootPoolEntryContainer$Serializer.m_7561_(LootPoolEntryContainer.java:86) ~[server-1.20.1-20230612.114412-srg.jar%23131!/:?]
	at net.minecraft.world.level.storage.loot.entries.LootPoolEntryContainer$Serializer.m_7561_(LootPoolEntryContainer.java:74) ~[server-1.20.1-20230612.114412-srg.jar%23131!/:?]
	at net.minecraft.world.level.storage.loot.GsonAdapterFactory$JsonAdapter.deserialize(GsonAdapterFactory.java:102) ~[server-1.20.1-20230612.114412-srg.jar%23131!/:?]
	at com.google.gson.internal.bind.TreeTypeAdapter.read(TreeTypeAdapter.java:76) ~[gson-2.10.jar%2372!/:?]
	at com.google.gson.internal.bind.TypeAdapterRuntimeTypeWrapper.read(TypeAdapterRuntimeTypeWrapper.java:40) ~[gson-2.10.jar%2372!/:?]
	at com.google.gson.internal.bind.ArrayTypeAdapter.read(ArrayTypeAdapter.java:72) ~[gson-2.10.jar%2372!/:?]
	at com.google.gson.Gson.fromJson(Gson.java:1214) ~[gson-2.10.jar%2372!/:?]
	at com.google.gson.Gson.fromJson(Gson.java:1319) ~[gson-2.10.jar%2372!/:?]
	at com.google.gson.Gson.fromJson(Gson.java:1290) ~[gson-2.10.jar%2372!/:?]
	at com.google.gson.internal.bind.TreeTypeAdapter$GsonContextImpl.deserialize(TreeTypeAdapter.java:179) ~[gson-2.10.jar%2372!/:?]
	at net.minecraft.util.GsonHelper.m_13808_(GsonHelper.java:463) ~[server-1.20.1-20230612.114412-srg.jar%23131!/:?]
	at net.minecraft.util.GsonHelper.m_13836_(GsonHelper.java:471) ~[server-1.20.1-20230612.114412-srg.jar%23131!/:?]
	at net.minecraft.world.level.storage.loot.LootPool$Serializer.deserialize(LootPool.java:192) ~[server-1.20.1-20230612.114412-srg.jar%23131!/:?]
	at net.minecraft.world.level.storage.loot.LootPool$Serializer.deserialize(LootPool.java:189) ~[server-1.20.1-20230612.114412-srg.jar%23131!/:?]
	at com.google.gson.internal.bind.TreeTypeAdapter.read(TreeTypeAdapter.java:76) ~[gson-2.10.jar%2372!/:?]
	at com.google.gson.internal.bind.TypeAdapterRuntimeTypeWrapper.read(TypeAdapterRuntimeTypeWrapper.java:40) ~[gson-2.10.jar%2372!/:?]
	at com.google.gson.internal.bind.ArrayTypeAdapter.read(ArrayTypeAdapter.java:72) ~[gson-2.10.jar%2372!/:?]
	at com.google.gson.Gson.fromJson(Gson.java:1214) ~[gson-2.10.jar%2372!/:?]
	at com.google.gson.Gson.fromJson(Gson.java:1319) ~[gson-2.10.jar%2372!/:?]
	at com.google.gson.Gson.fromJson(Gson.java:1290) ~[gson-2.10.jar%2372!/:?]
	at com.google.gson.internal.bind.TreeTypeAdapter$GsonContextImpl.deserialize(TreeTypeAdapter.java:179) ~[gson-2.10.jar%2372!/:?]
	at net.minecraft.util.GsonHelper.m_13808_(GsonHelper.java:463) ~[server-1.20.1-20230612.114412-srg.jar%23131!/:?]
	at net.minecraft.util.GsonHelper.m_13845_(GsonHelper.java:481) ~[server-1.20.1-20230612.114412-srg.jar%23131!/:?]
	at net.minecraft.world.level.storage.loot.LootTable$Serializer.deserialize(LootTable.java:294) ~[server-1.20.1-20230612.114412-srg.jar%23131!/:?]
	at net.minecraft.world.level.storage.loot.LootTable$Serializer.deserialize(LootTable.java:291) ~[server-1.20.1-20230612.114412-srg.jar%23131!/:?]
	at com.google.gson.internal.bind.TreeTypeAdapter.read(TreeTypeAdapter.java:76) ~[gson-2.10.jar%2372!/:?]
	at com.google.gson.Gson.fromJson(Gson.java:1214) ~[gson-2.10.jar%2372!/:?]
	at com.google.gson.Gson.fromJson(Gson.java:1319) ~[gson-2.10.jar%2372!/:?]
	at com.google.gson.Gson.fromJson(Gson.java:1261) ~[gson-2.10.jar%2372!/:?]
	at net.minecraftforge.common.ForgeHooks.loadLootTable(ForgeHooks.java:871) ~[forge-1.20.1-47.3.7-universal.jar%23136!/:?]
	at net.minecraftforge.common.ForgeHooks.lambda$getLootTableDeserializer$3(ForgeHooks.java:848) ~[forge-1.20.1-47.3.7-universal.jar%23136!/:?]
	at net.minecraft.world.level.storage.loot.LootDataType.deserialize(LootDataType.java:45) ~[server-1.20.1-20230612.114412-srg.jar%23131!/:?]
	at net.minecraft.world.level.storage.loot.LootDataManager.lambda$scheduleElementParse$4(LootDataManager.java:56) ~[server-1.20.1-20230612.114412-srg.jar%23131!/:?]
	at net.minecraft.world.level.storage.loot.LootDataManager.md527934$lambda$cobblemon$supportICondition$0$0(LootDataManager.java:1044) ~[server-1.20.1-20230612.114412-srg.jar%23131!/:?]
	at java.util.HashMap.forEach(HashMap.java:1421) ~[?:?]
	at net.minecraft.world.level.storage.loot.LootDataManager.redirect$zhp000$cobblemon$supportICondition(LootDataManager.java:1034) ~[server-1.20.1-20230612.114412-srg.jar%23131!/:?]
	at net.minecraft.world.level.storage.loot.LootDataManager.m_278660_(LootDataManager.java:55) ~[server-1.20.1-20230612.114412-srg.jar%23131!/:?]
	at java.util.concurrent.CompletableFuture$AsyncRun.run(CompletableFuture.java:1804) ~[?:?]
	at java.util.concurrent.CompletableFuture$AsyncRun.exec(CompletableFuture.java:1796) ~[?:?]
	at java.util.concurrent.ForkJoinTask.doExec(ForkJoinTask.java:373) ~[?:?]
	at java.util.concurrent.ForkJoinPool$WorkQueue.topLevelExec(ForkJoinPool.java:1182) ~[?:?]
	at java.util.concurrent.ForkJoinPool.scan(ForkJoinPool.java:1655) ~[?:?]
	at java.util.concurrent.ForkJoinPool.runWorker(ForkJoinPool.java:1622) ~[?:?]
	at java.util.concurrent.ForkJoinWorkerThread.run(ForkJoinWorkerThread.java:165) ~[?:?]
[03May2025 19:30:51.472] [Worker-Main-1/DEBUG] [com.cobblemon.mod.common.Cobblemon/]: LootInjector: Injected cobblemon:injection/chests/village_house to minecraft:chests/village/village_desert_house
[03May2025 19:30:51.478] [Worker-Main-1/DEBUG] [com.cobblemon.mod.common.Cobblemon/]: LootInjector: Injected cobblemon:injection/chests/end_city_treasure to minecraft:chests/end_city_treasure
[03May2025 19:30:51.491] [Worker-Main-1/DEBUG] [com.cobblemon.mod.common.Cobblemon/]: LootInjector: Injected cobblemon:injection/chests/bastion_other to minecraft:chests/bastion_other
[03May2025 19:30:51.496] [Worker-Main-1/DEBUG] [com.cobblemon.mod.common.Cobblemon/]: LootInjector: Injected cobblemon:injection/chests/woodland_mansion to minecraft:chests/woodland_mansion
[03May2025 19:30:51.574] [main/INFO] [net.minecraft.world.item.crafting.RecipeManager/]: Loaded 7 recipes
[03May2025 19:30:51.692] [main/INFO] [net.minecraft.advancements.AdvancementList/]: Loaded 1592 advancements
[03May2025 19:30:55.903] [main/INFO] [com.cobblemon.mod.common.Cobblemon/]: Loaded 936 moves
[03May2025 19:30:56.052] [main/INFO] [com.cobblemon.mod.common.Cobblemon/]: Loaded 314 abilities
[03May2025 19:30:56.409] [main/INFO] [com.cobblemon.mod.common.Cobblemon/]: Finished additions
[03May2025 19:30:57.640] [main/INFO] [com.cobblemon.mod.common.Cobblemon/]: Imported 244 held item IDs from showdown
[03May2025 19:30:57.640] [main/INFO] [com.cobblemon.mod.common.Cobblemon/]: Loaded 1025 Pokémon species
[03May2025 19:30:57.651] [main/INFO] [com.cobblemon.mod.common.Cobblemon/]: Loaded 43 spawn detail presets.
[03May2025 19:30:57.666] [main/INFO] [com.cobblemon.mod.common.Cobblemon/]: Starting dummy Showdown battle to force it to pre-load data.
[03May2025 19:30:57.696] [main/INFO] [com.cobblemon.mod.common.Cobblemon/]: Loaded 15 fossils
[03May2025 19:30:58.256] [main/INFO] [com.cobblemon.mod.common.Cobblemon/]: Loaded 69 berries
[03May2025 19:30:58.581] [main/DEBUG] [net.minecraftforge.common.ForgeHooks/WP]: Gathering id map for writing to world save world
[03May2025 19:30:58.595] [main/DEBUG] [net.minecraftforge.common.ForgeHooks/WP]: ID Map collection complete world
[03May2025 19:30:58.634] [Server thread/INFO] [net.minecraft.server.dedicated.DedicatedServer/]: Starting minecraft server version 1.20.1
[03May2025 19:30:58.635] [Server thread/INFO] [net.minecraft.server.dedicated.DedicatedServer/]: Loading properties
[03May2025 19:30:58.635] [Server thread/INFO] [net.minecraft.server.dedicated.DedicatedServer/]: Default game type: SURVIVAL
[03May2025 19:30:58.635] [Server thread/INFO] [net.minecraft.server.MinecraftServer/]: Generating keypair
[03May2025 19:30:58.714] [Server thread/INFO] [net.minecraft.server.dedicated.DedicatedServer/]: Starting Minecraft server on *:25565
[03May2025 19:30:58.715] [Server thread/DEBUG] [net.minecraftforge.network.DualStackUtils/]: Detected IPv6 address: "0:0:0:0:0:0:0:0"
[03May2025 19:30:58.722] [Server thread/DEBUG] [io.netty.util.internal.NativeLibraryLoader/]: -Dio.netty.native.workdir: /tmp (io.netty.tmpdir)
[03May2025 19:30:58.722] [Server thread/DEBUG] [io.netty.util.internal.NativeLibraryLoader/]: -Dio.netty.native.deleteLibAfterLoading: true
[03May2025 19:30:58.722] [Server thread/DEBUG] [io.netty.util.internal.NativeLibraryLoader/]: -Dio.netty.native.tryPatchShadedId: true
[03May2025 19:30:58.722] [Server thread/DEBUG] [io.netty.util.internal.NativeLibraryLoader/]: -Dio.netty.native.detectNativeLibraryDuplicates: true
[03May2025 19:30:58.729] [Server thread/DEBUG] [io.netty.util.internal.NativeLibraryLoader/]: Successfully loaded the library /tmp/libnetty_transport_native_epoll_x86_646471163954817248322.so
[03May2025 19:30:58.731] [Server thread/DEBUG] [io.netty.util.NetUtil/]: -Djava.net.preferIPv4Stack: false
[03May2025 19:30:58.732] [Server thread/DEBUG] [io.netty.util.NetUtil/]: -Djava.net.preferIPv6Addresses: true
[03May2025 19:30:58.733] [Server thread/DEBUG] [io.netty.util.NetUtilInitializations/]: Loopback interface: lo (lo, 0:0:0:0:0:0:0:1%lo)
[03May2025 19:30:58.734] [Server thread/DEBUG] [io.netty.util.NetUtil/]: /proc/sys/net/core/somaxconn: 4096
[03May2025 19:30:58.736] [Server thread/INFO] [net.minecraft.server.network.ServerConnectionListener/]: Using epoll channel type
[03May2025 19:30:58.749] [Server thread/DEBUG] [io.netty.channel.MultithreadEventLoopGroup/]: -Dio.netty.eventLoopThreads: 8
[03May2025 19:30:58.758] [Server thread/DEBUG] [io.netty.util.internal.InternalThreadLocalMap/]: -Dio.netty.threadLocalMap.stringBuilder.initialSize: 1024
[03May2025 19:30:58.758] [Server thread/DEBUG] [io.netty.util.internal.InternalThreadLocalMap/]: -Dio.netty.threadLocalMap.stringBuilder.maxSize: 4096
[03May2025 19:30:58.766] [Server thread/DEBUG] [io.netty.util.internal.PlatformDependent/]: org.jctools-core.MpscChunkedArrayQueue: available
[03May2025 19:30:58.774] [Server thread/DEBUG] [io.netty.channel.DefaultChannelId/]: -Dio.netty.processId: 22615 (auto-detected)
[03May2025 19:30:58.775] [Server thread/DEBUG] [io.netty.channel.DefaultChannelId/]: -Dio.netty.machineId: 7c:1e:52:ff:fe:7c:2c:9c (auto-detected)
[03May2025 19:30:58.799] [Server thread/DEBUG] [io.netty.buffer.PooledByteBufAllocator/]: -Dio.netty.allocator.numHeapArenas: 8
[03May2025 19:30:58.799] [Server thread/DEBUG] [io.netty.buffer.PooledByteBufAllocator/]: -Dio.netty.allocator.numDirectArenas: 8
[03May2025 19:30:58.799] [Server thread/DEBUG] [io.netty.buffer.PooledByteBufAllocator/]: -Dio.netty.allocator.pageSize: 8192
[03May2025 19:30:58.799] [Server thread/DEBUG] [io.netty.buffer.PooledByteBufAllocator/]: -Dio.netty.allocator.maxOrder: 9
[03May2025 19:30:58.799] [Server thread/DEBUG] [io.netty.buffer.PooledByteBufAllocator/]: -Dio.netty.allocator.chunkSize: 4194304
[03May2025 19:30:58.799] [Server thread/DEBUG] [io.netty.buffer.PooledByteBufAllocator/]: -Dio.netty.allocator.smallCacheSize: 256
[03May2025 19:30:58.799] [Server thread/DEBUG] [io.netty.buffer.PooledByteBufAllocator/]: -Dio.netty.allocator.normalCacheSize: 64
[03May2025 19:30:58.799] [Server thread/DEBUG] [io.netty.buffer.PooledByteBufAllocator/]: -Dio.netty.allocator.maxCachedBufferCapacity: 32768
[03May2025 19:30:58.799] [Server thread/DEBUG] [io.netty.buffer.PooledByteBufAllocator/]: -Dio.netty.allocator.cacheTrimInterval: 8192
[03May2025 19:30:58.799] [Server thread/DEBUG] [io.netty.buffer.PooledByteBufAllocator/]: -Dio.netty.allocator.cacheTrimIntervalMillis: 0
[03May2025 19:30:58.799] [Server thread/DEBUG] [io.netty.buffer.PooledByteBufAllocator/]: -Dio.netty.allocator.useCacheForAllThreads: false
[03May2025 19:30:58.799] [Server thread/DEBUG] [io.netty.buffer.PooledByteBufAllocator/]: -Dio.netty.allocator.maxCachedByteBuffersPerChunk: 1023
[03May2025 19:30:58.807] [Server thread/DEBUG] [io.netty.buffer.ByteBufUtil/]: -Dio.netty.allocator.type: pooled
[03May2025 19:30:58.807] [Server thread/DEBUG] [io.netty.buffer.ByteBufUtil/]: -Dio.netty.threadLocalDirectBufferSize: 0
[03May2025 19:30:58.807] [Server thread/DEBUG] [io.netty.buffer.ByteBufUtil/]: -Dio.netty.maxThreadLocalCharBufferSize: 16384
[03May2025 19:30:58.816] [Server thread/WARN] [net.minecraft.server.dedicated.DedicatedServer/]: **** SERVER IS RUNNING IN OFFLINE/INSECURE MODE!
[03May2025 19:30:58.816] [Server thread/WARN] [net.minecraft.server.dedicated.DedicatedServer/]: The server will make no attempt to authenticate usernames. Beware.
[03May2025 19:30:58.816] [Server thread/WARN] [net.minecraft.server.dedicated.DedicatedServer/]: While this makes the game possible to play without internet access, it also opens up the ability for hackers to connect with any username they choose.
[03May2025 19:30:58.817] [Server thread/WARN] [net.minecraft.server.dedicated.DedicatedServer/]: To change this, set "online-mode" to "true" in the server.properties file.
[03May2025 19:30:58.828] [Server thread/DEBUG] [net.minecraftforge.fml.config.ConfigTracker/CONFIG]: Loading configs type SERVER
[03May2025 19:30:58.828] [Server thread/DEBUG] [net.minecraftforge.fml.config.ConfigFileTypeHandler/CONFIG]: Built TOML config for ./world/serverconfig/forge-server.toml
[03May2025 19:30:58.829] [Server thread/DEBUG] [net.minecraftforge.fml.config.ConfigFileTypeHandler/CONFIG]: Loaded TOML config file ./world/serverconfig/forge-server.toml
[03May2025 19:30:58.829] [Server thread/DEBUG] [net.minecraftforge.fml.config.ConfigFileTypeHandler/CONFIG]: Watching TOML config file ./world/serverconfig/forge-server.toml for changes
[03May2025 19:30:58.830] [Server thread/DEBUG] [net.minecraftforge.common.ForgeConfig/FORGEMOD]: Loaded forge config file forge-server.toml
[03May2025 19:30:58.830] [Thread-1/DEBUG] [net.minecraftforge.fml.config.ConfigFileTypeHandler/CONFIG]: Config file forge-server.toml changed, sending notifies
[03May2025 19:30:58.830] [Thread-1/DEBUG] [net.minecraftforge.common.ForgeConfig/FORGEMOD]: Forge config just got changed on the file system!
[03May2025 19:30:58.831] [Thread-1/DEBUG] [net.minecraftforge.fml.config.ConfigFileTypeHandler/CONFIG]: Config file forge-server.toml changed, sending notifies
[03May2025 19:30:58.831] [Thread-1/DEBUG] [net.minecraftforge.common.ForgeConfig/FORGEMOD]: Forge config just got changed on the file system!
[03May2025 19:30:58.883] [Server thread/INFO] [net.minecraft.server.dedicated.DedicatedServer/]: Preparing level "world"
[03May2025 19:30:58.889] [Server thread/DEBUG] [net.minecraftforge.coremod.transformer.CoreModBaseTransformer/COREMOD]: Transforming net/minecraft/world/level/levelgen/PhantomSpawner
[03May2025 19:30:58.897] [Server thread/DEBUG] [net.minecraftforge.coremod.transformer.CoreModBaseTransformer/COREMOD]: Transforming net/minecraft/world/level/levelgen/PatrolSpawner
[03May2025 19:30:58.902] [Server thread/DEBUG] [net.minecraftforge.coremod.transformer.CoreModBaseTransformer/COREMOD]: Transforming net/minecraft/world/entity/npc/CatSpawner
[03May2025 19:30:58.907] [Server thread/DEBUG] [net.minecraftforge.coremod.transformer.CoreModBaseTransformer/COREMOD]: Transforming net/minecraft/world/entity/ai/village/VillageSiege
[03May2025 19:30:58.917] [Server thread/DEBUG] [mixin/]: Mixing alloc.chunk_ticking.ServerChunkCacheMixin from canary.mixins.json into net.minecraft.server.level.ServerChunkCache
[03May2025 19:30:58.918] [Server thread/DEBUG] [mixin/]: Mixing chunk.replace_streams.servercore_compat.ServerChunkCacheMixin from canary.mixins.json into net.minecraft.server.level.ServerChunkCache
[03May2025 19:30:58.919] [Server thread/DEBUG] [mixin/]: Mixing world.chunk_access.ServerChunkCacheMixin from canary.mixins.json into net.minecraft.server.level.ServerChunkCache
[03May2025 19:30:58.919] [Server thread/DEBUG] [mixin/]: Renaming synthetic method lambda$getChunkOffThread$0(IILnet/minecraft/world/level/chunk/ChunkStatus;Z)Lnet/minecraft/world/level/chunk/ChunkAccess; to md527934$lambda$getChunkOffThread$0$0 in canary.mixins.json:world.chunk_access.ServerChunkCacheMixin
[03May2025 19:30:58.943] [Server thread/DEBUG] [mixin/]: Mixing collections.entity_ticking.EntityTickListMixin from canary.mixins.json into net.minecraft.world.level.entity.EntityTickList
[03May2025 19:30:58.953] [Server thread/DEBUG] [mixin/]: Mixing world.tick_scheduler.LevelChunkTicksMixin from canary.mixins.json into net.minecraft.world.ticks.LevelChunkTicks
[03May2025 19:30:58.954] [Server thread/DEBUG] [mixin/]: Renaming synthetic method lambda$queueTick$0(J)Lcom/abdelaziz/canary/common/world/scheduler/OrderedTickQueue; to md527934$lambda$queueTick$0$0 in canary.mixins.json:world.tick_scheduler.LevelChunkTicksMixin
[03May2025 19:30:58.985] [Server thread/DEBUG] [Smooth Boot (Reloaded)/]: Replaced IO Executor
[03May2025 19:30:58.985] [Server thread/DEBUG] [mixin/]: Mixing ai.replace_streams.storage.PersistentEntitySectionManagerMixin from canary.mixins.json into net.minecraft.world.level.entity.PersistentEntitySectionManager
[03May2025 19:30:58.986] [Server thread/DEBUG] [mixin/]: Renaming synthetic method lambda$processChunkUnload$0(Lnet/minecraft/world/level/entity/EntityAccess;)V to md527934$lambda$processChunkUnload$0$0 in canary.mixins.json:ai.replace_streams.storage.PersistentEntitySectionManagerMixin
[03May2025 19:30:58.988] [Server thread/DEBUG] [mixin/]: Mixing util.accessors.PersistentEntitySectionManagerAccessor from canary.mixins.json into net.minecraft.world.level.entity.PersistentEntitySectionManager
[03May2025 19:30:58.992] [Server thread/DEBUG] [mixin/]: Mixing entity.inactive_navigations.EntityCallbacksMixin from canary.mixins.json into net.minecraft.server.level.ServerLevel$EntityCallbacks
[03May2025 19:30:58.997] [Server thread/DEBUG] [mixin/]: Mixing entity.fast_retrieval.EntitySectionStorageMixin from canary.mixins.json into net.minecraft.world.level.entity.EntitySectionStorage
[03May2025 19:30:58.998] [Server thread/DEBUG] [mixin/]: Mixing util.entity_movement_tracking.EntitySectionStorageMixin from canary.mixins.json into net.minecraft.world.level.entity.EntitySectionStorage
[03May2025 19:30:59.000] [Server thread/DEBUG] [mixin/]: Mixing util.entity_section_position.EntitySectionStorageMixin from canary.mixins.json into net.minecraft.world.level.entity.EntitySectionStorage
[03May2025 19:30:59.016] [Server thread/DEBUG] [mixin/]: Mixing common.chunk.ProtoChunkMixin from starlight.mixins.json into net.minecraft.world.level.chunk.ProtoChunk
[03May2025 19:30:59.021] [Server thread/DEBUG] [mixin/]: Mixing chunk.replace_streams.DistanceManagerMixin from canary.mixins.json into net.minecraft.server.level.DistanceManager
[03May2025 19:30:59.271] [Server thread/DEBUG] [mixin/]: Mixing chunk.no_validation.SimpleBitStorageMixin from canary.mixins.json into net.minecraft.util.SimpleBitStorage
[03May2025 19:30:59.272] [Server thread/DEBUG] [mixin/]: Mixing chunk.serialization.SimpleBitStorageMixin from canary.mixins.json into net.minecraft.util.SimpleBitStorage
[03May2025 19:30:59.288] [Server thread/DEBUG] [mixin/]: Mixing ai.poi.PoiManagerMixin from canary.mixins.json into net.minecraft.world.entity.ai.village.poi.PoiManager
[03May2025 19:30:59.289] [Server thread/DEBUG] [mixin/]: Renaming synthetic method lambda$withinSphereChunkSectionSorted$6(Lnet/minecraft/core/BlockPos;DLjava/util/ArrayList;Lnet/minecraft/world/entity/ai/village/poi/PoiRecord;)V to md527934$lambda$withinSphereChunkSectionSorted$6$0 in canary.mixins.json:ai.poi.PoiManagerMixin
[03May2025 19:30:59.289] [Server thread/DEBUG] [mixin/]: Renaming synthetic method lambda$withinSphereChunkSectionSortedStream$5(Ljava/util/function/Predicate;Lnet/minecraft/world/entity/ai/village/poi/PoiManager$Occupancy;Lnet/minecraft/core/BlockPos;DLjava/util/stream/Stream;)Ljava/util/stream/Stream; to md527934$lambda$withinSphereChunkSectionSortedStream$5$1 in canary.mixins.json:ai.poi.PoiManagerMixin
[03May2025 19:30:59.289] [Server thread/DEBUG] [mixin/]: Renaming synthetic method lambda$withinSphereChunkSectionSortedStream$4(Ljava/util/function/Predicate;Lnet/minecraft/world/entity/ai/village/poi/PoiManager$Occupancy;Lnet/minecraft/core/BlockPos;DLnet/minecraft/world/entity/ai/village/poi/PoiSection;)Ljava/util/stream/Stream; to md527934$lambda$withinSphereChunkSectionSortedStream$4$2 in canary.mixins.json:ai.poi.PoiManagerMixin
[03May2025 19:30:59.289] [Server thread/DEBUG] [mixin/]: Renaming synthetic method lambda$withinSphereChunkSectionSortedStream$3(Lnet/minecraft/core/BlockPos;DLnet/minecraft/world/entity/ai/village/poi/PoiRecord;)Z to md527934$lambda$withinSphereChunkSectionSortedStream$3$3 in canary.mixins.json:ai.poi.PoiManagerMixin
[03May2025 19:30:59.289] [Server thread/DEBUG] [mixin/]: Renaming synthetic method lambda$findNearestForPortalLogic$2(Lnet/minecraft/world/level/border/WorldBorder;Ljava/util/function/Predicate;Lnet/minecraft/world/entity/ai/village/poi/PoiRecord;)Z to md527934$lambda$findNearestForPortalLogic$2$4 in canary.mixins.json:ai.poi.PoiManagerMixin
[03May2025 19:30:59.289] [Server thread/DEBUG] [mixin/]: Renaming synthetic method lambda$findClosest$1(Ljava/util/function/Predicate;Lnet/minecraft/world/entity/ai/village/poi/PoiRecord;)Z to md527934$lambda$findClosest$1$5 in canary.mixins.json:ai.poi.PoiManagerMixin
[03May2025 19:30:59.289] [Server thread/DEBUG] [mixin/]: Renaming synthetic method lambda$getInChunk$0(Ljava/util/function/Predicate;Lnet/minecraft/world/entity/ai/village/poi/PoiManager$Occupancy;Lnet/minecraft/world/entity/ai/village/poi/PoiSection;)Ljava/util/stream/Stream; to md527934$lambda$getInChunk$0$6 in canary.mixins.json:ai.poi.PoiManagerMixin
[03May2025 19:30:59.292] [Server thread/DEBUG] [mixin/]: Mixing ai.poi.fast_portals.PoiManagerMixin from canary.mixins.json into net.minecraft.world.entity.ai.village.poi.PoiManager
[03May2025 19:30:59.301] [Server thread/DEBUG] [mixin/]: Mixing ai.poi.SectionStorageMixin from canary.mixins.json into net.minecraft.world.level.chunk.storage.SectionStorage
[03May2025 19:30:59.302] [Server thread/DEBUG] [mixin/]: Renaming synthetic method lambda$getInChunkColumn$0(Ljava/util/BitSet;Lit/unimi/dsi/fastutil/longs/Long2ObjectMap;ILnet/minecraft/world/level/LevelHeightAccessor;I)Ljava/util/Iterator; to md527934$lambda$getInChunkColumn$0$0 in canary.mixins.json:ai.poi.SectionStorageMixin
[03May2025 19:30:59.308] [Server thread/DEBUG] [mixin/]: Mixing ai.poi.PoiSectionMixin from canary.mixins.json into net.minecraft.world.entity.ai.village.poi.PoiSection
[03May2025 19:30:59.309] [Server thread/DEBUG] [mixin/]: Renaming synthetic method lambda$computeIfAbsent$0(Ljava/lang/Object;)Ljava/lang/Object; to md527934$lambda$computeIfAbsent$0$0 in canary.mixins.json:ai.poi.PoiSectionMixin
[03May2025 19:30:59.324] [Server thread/DEBUG] [mixin/]: Mixing ai.poi.fast_portals.PortalForcerMixin from canary.mixins.json into net.minecraft.world.level.portal.PortalForcer
[03May2025 19:30:59.324] [Server thread/DEBUG] [mixin/]: Renaming synthetic method lambda$findPortalAround$2(Lnet/minecraft/world/entity/ai/village/poi/PoiRecord;)Lnet/minecraft/BlockUtil$FoundRectangle; to md527934$lambda$findPortalAround$2$0 in canary.mixins.json:ai.poi.fast_portals.PortalForcerMixin
[03May2025 19:30:59.324] [Server thread/DEBUG] [mixin/]: Renaming synthetic method lambda$findPortalAround$1(Lnet/minecraft/world/level/block/state/BlockState;Lnet/minecraft/core/BlockPos;)Z to md527934$lambda$findPortalAround$1$1 in canary.mixins.json:ai.poi.fast_portals.PortalForcerMixin
[03May2025 19:30:59.324] [Server thread/DEBUG] [mixin/]: Renaming synthetic method lambda$findPortalAround$0(Lnet/minecraft/world/entity/ai/village/poi/PoiRecord;)Z to md527934$lambda$findPortalAround$0$2 in canary.mixins.json:ai.poi.fast_portals.PortalForcerMixin
[03May2025 19:31:02.152] [Server thread/INFO] [net.minecraft.server.MinecraftServer/]: Preparing start region for dimension minecraft:overworld
[03May2025 19:31:02.154] [Server thread/DEBUG] [mixin/]: Mixing world.chunk_tickets.SortedArraySetMixin from canary.mixins.json into net.minecraft.util.SortedArraySet
[03May2025 19:31:02.163] [Server thread/DEBUG] [mixin/]: Mixing chunk.replace_streams.ChunkHolderMixin from canary.mixins.json into net.minecraft.server.level.ChunkHolder
[03May2025 19:31:02.168] [Server thread/DEBUG] [mixin/]: Mixing world.chunk_access.ChunkHolderMixin from canary.mixins.json into net.minecraft.server.level.ChunkHolder
[03May2025 19:31:02.192] [Server thread/DEBUG] [Smooth Boot (Reloaded)/]: Initialized IO-Worker-4
[03May2025 19:31:02.202] [IO-Worker-4/DEBUG] [Smooth Boot (Reloaded)/]: Initialized IO-Worker-5
[03May2025 19:31:02.203] [IO-Worker-5/DEBUG] [Smooth Boot (Reloaded)/]: Initialized IO-Worker-6
[03May2025 19:31:02.206] [IO-Worker-6/DEBUG] [Smooth Boot (Reloaded)/]: Initialized IO-Worker-7
[03May2025 19:31:02.679] [IO-Worker-5/DEBUG] [Smooth Boot (Reloaded)/]: Initialized IO-Worker-8
[03May2025 19:31:03.696] [Server thread/DEBUG] [mixin/]: Mixing common.world.ChunkSerializerMixin from starlight.mixins.json into net.minecraft.world.level.chunk.storage.ChunkSerializer
[03May2025 19:31:03.698] [Server thread/DEBUG] [mixin/]: Mixing MixinChunkSerializer from architectury.mixins.json into net.minecraft.world.level.chunk.storage.ChunkSerializer
[03May2025 19:31:03.707] [Server thread/DEBUG] [mixin/]: Mixing common.chunk.ImposterProtoChunkMixin from starlight.mixins.json into net.minecraft.world.level.chunk.ImposterProtoChunk
[03May2025 19:31:03.712] [Server thread/DEBUG] [mixin/]: Mixing chunk.palette.PalettedContainerMixin from canary.mixins.json into net.minecraft.world.level.chunk.PalettedContainer$Strategy
[03May2025 19:31:03.716] [Server thread/DEBUG] [mixin/]: Generating mapped inner class net/minecraft/world/level/chunk/PalettedContainer$Strategy$Anonymous$c4a7526cc45745748cf8abf2c0fa17f3 (originally com/abdelaziz/canary/mixin/chunk/palette/PalettedContainerMixin$1)
[03May2025 19:31:03.720] [Server thread/DEBUG] [mixin/]: Generating mapped inner class net/minecraft/world/level/chunk/PalettedContainer$Strategy$Anonymous$905b318bf0e844fb9286ed1b4615d418 (originally com/abdelaziz/canary/mixin/chunk/palette/PalettedContainerMixin$2)
[03May2025 19:31:03.723] [Server thread/DEBUG] [mixin/]: Mixing chunk.serialization.PalettedContainerMixin from canary.mixins.json into net.minecraft.world.level.chunk.PalettedContainer
[03May2025 19:31:03.724] [Server thread/DEBUG] [mixin/]: Renaming synthetic method lambda$count$2([SI)V to md527934$lambda$count$2$0 in canary.mixins.json:chunk.serialization.PalettedContainerMixin
[03May2025 19:31:03.724] [Server thread/DEBUG] [mixin/]: Renaming synthetic method lambda$static$1()[S to md527934$lambda$static$1$1 in canary.mixins.json:chunk.serialization.PalettedContainerMixin
[03May2025 19:31:03.724] [Server thread/DEBUG] [mixin/]: Renaming synthetic method lambda$static$0()[S to md527934$lambda$static$0$2 in canary.mixins.json:chunk.serialization.PalettedContainerMixin
[03May2025 19:31:03.745] [Server thread/DEBUG] [mixin/]: Mixing chunk.no_validation.ZeroBitStorageMixin from canary.mixins.json into net.minecraft.util.ZeroBitStorage
[03May2025 19:31:05.429] [Server thread/DEBUG] [net.minecraftforge.coremod.transformer.CoreModBaseTransformer/COREMOD]: Transforming net/minecraft/world/level/levelgen/structure/templatesystem/StructureTemplate
[03May2025 19:31:05.981] [Worker-Main-3/INFO] [net.minecraft.server.level.progress.LoggerChunkProgressListener/]: Preparing spawn area: 0%
[03May2025 19:31:05.982] [Worker-Main-3/INFO] [net.minecraft.server.level.progress.LoggerChunkProgressListener/]: Preparing spawn area: 0%
[03May2025 19:31:05.983] [Worker-Main-2/INFO] [net.minecraft.server.level.progress.LoggerChunkProgressListener/]: Preparing spawn area: 0%
[03May2025 19:31:05.984] [Worker-Main-2/INFO] [net.minecraft.server.level.progress.LoggerChunkProgressListener/]: Preparing spawn area: 0%
[03May2025 19:31:05.984] [Worker-Main-1/INFO] [net.minecraft.server.level.progress.LoggerChunkProgressListener/]: Preparing spawn area: 0%
[03May2025 19:31:05.985] [Worker-Main-2/INFO] [net.minecraft.server.level.progress.LoggerChunkProgressListener/]: Preparing spawn area: 0%
[03May2025 19:31:05.986] [Worker-Main-1/INFO] [net.minecraft.server.level.progress.LoggerChunkProgressListener/]: Preparing spawn area: 0%
[03May2025 19:31:05.987] [Worker-Main-2/INFO] [net.minecraft.server.level.progress.LoggerChunkProgressListener/]: Preparing spawn area: 0%
[03May2025 19:31:06.153] [Worker-Main-2/INFO] [net.minecraft.server.level.progress.LoggerChunkProgressListener/]: Preparing spawn area: 0%
[03May2025 19:31:06.486] [Server thread/DEBUG] [mixin/]: Mixing entity.collisions.unpushable_cramming.EntitySectionMixin from canary.mixins.json into net.minecraft.world.level.entity.EntitySection
[03May2025 19:31:06.492] [Server thread/DEBUG] [mixin/]: Mixing util.accessors.EntitySectionAccessor from canary.mixins.json into net.minecraft.world.level.entity.EntitySection
[03May2025 19:31:06.498] [Server thread/DEBUG] [mixin/]: Mixing util.entity_movement_tracking.EntitySectionMixin from canary.mixins.json into net.minecraft.world.level.entity.EntitySection
[03May2025 19:31:06.509] [Server thread/DEBUG] [mixin/]: Mixing util.entity_section_position.EntitySectionMixin from canary.mixins.json into net.minecraft.world.level.entity.EntitySection
[03May2025 19:31:06.579] [Server thread/DEBUG] [mixin/]: Mixing world.block_entity_ticking.sleeping.RebindableTickingBlockEntityWrapperAccessor from canary.mixins.json into net.minecraft.world.level.chunk.LevelChunk$RebindableTickingBlockEntityWrapper
[03May2025 19:31:06.588] [Server thread/DEBUG] [mixin/]: Mixing world.block_entity_ticking.world_border.BoundTickingBlockEntityMixin from canary.mixins.json into net.minecraft.world.level.chunk.LevelChunk$BoundTickingBlockEntity
[03May2025 19:31:06.632] [Server thread/DEBUG] [mixin/]: Mixing collections.attributes.AttributeMapMixin from canary.mixins.json into net.minecraft.world.entity.ai.attributes.AttributeMap
[03May2025 19:31:06.653] [Worker-Main-2/INFO] [net.minecraft.server.level.progress.LoggerChunkProgressListener/]: Preparing spawn area: 13%
[03May2025 19:31:06.657] [Server thread/DEBUG] [mixin/]: Mixing ai.task.launch.BrainMixin from canary.mixins.json into net.minecraft.world.entity.ai.Brain
[03May2025 19:31:06.685] [Server thread/DEBUG] [mixin/]: Mixing ai.task.memory_change_counting.BrainMixin from canary.mixins.json into net.minecraft.world.entity.ai.Brain
[03May2025 19:31:06.687] [Server thread/DEBUG] [mixin/]: Mixing collections.brain.BrainMixin from canary.mixins.json into net.minecraft.world.entity.ai.Brain
[03May2025 19:31:06.761] [Server thread/DEBUG] [mixin/]: Mixing collections.goals.GoalSelectorMixin from canary.mixins.json into net.minecraft.world.entity.ai.goal.GoalSelector
[03May2025 19:31:07.159] [Worker-Main-2/INFO] [net.minecraft.server.level.progress.LoggerChunkProgressListener/]: Preparing spawn area: 47%
[03May2025 19:31:07.573] [Server thread/DEBUG] [mixin/]: Mixing ai.task.memory_change_counting.BehaviorMixin from canary.mixins.json into net.minecraft.world.entity.ai.behavior.Behavior
[03May2025 19:31:07.586] [Server thread/DEBUG] [mixin/]: Mixing ai.task.replace_streams.GateBehaviorMixin from canary.mixins.json into net.minecraft.world.entity.ai.behavior.GateBehavior
[03May2025 19:31:07.604] [Server thread/DEBUG] [mixin/]: Mixing ai.task.replace_streams.ShufflingListMixin from canary.mixins.json into net.minecraft.world.entity.ai.behavior.ShufflingList
[03May2025 19:31:07.653] [Worker-Main-1/INFO] [net.minecraft.server.level.progress.LoggerChunkProgressListener/]: Preparing spawn area: 93%
[03May2025 19:31:07.684] [Server thread/DEBUG] [mixin/]: Mixing ai.poi.tasks.LocateHidingPlaceMixin from canary.mixins.json into net.minecraft.world.entity.ai.behavior.LocateHidingPlace
[03May2025 19:31:07.779] [Server thread/INFO] [net.minecraft.server.level.progress.LoggerChunkProgressListener/]: Time elapsed: 5627 ms
[03May2025 19:31:07.780] [Server thread/INFO] [net.minecraft.server.dedicated.DedicatedServer/]: Done (8.952s)! For help, type "help"
[03May2025 19:31:07.789] [Server thread/DEBUG] [net.minecraftforge.network.DualStackUtils/]: Detected IPv6 address: "0:0:0:0:0:0:0:0"
[03May2025 19:31:07.820] [Server thread/DEBUG] [net.minecraftforge.common.ForgeI18n/CORE]: Loading I18N data entries: 6266
[03May2025 19:31:07.824] [Server thread/INFO] [com.cobblemon.mod.common.Cobblemon/]: Starting Forge permission node registry
[03May2025 19:31:07.824] [Server thread/DEBUG] [com.cobblemon.mod.common.Cobblemon/]: Registered Forge permission node cobblemon.command.changescaleandsize
[03May2025 19:31:07.824] [Server thread/DEBUG] [com.cobblemon.mod.common.Cobblemon/]: Registered Forge permission node cobblemon.command.changewalkspeed
[03May2025 19:31:07.825] [Server thread/DEBUG] [com.cobblemon.mod.common.Cobblemon/]: Registered Forge permission node cobblemon.command.checkspawns
[03May2025 19:31:07.825] [Server thread/DEBUG] [com.cobblemon.mod.common.Cobblemon/]: Registered Forge permission node cobblemon.command.getnbt
[03May2025 19:31:07.825] [Server thread/DEBUG] [com.cobblemon.mod.common.Cobblemon/]: Registered Forge permission node cobblemon.command.givepokemon.self
[03May2025 19:31:07.825] [Server thread/DEBUG] [com.cobblemon.mod.common.Cobblemon/]: Registered Forge permission node cobblemon.command.givepokemon.other
[03May2025 19:31:07.825] [Server thread/DEBUG] [com.cobblemon.mod.common.Cobblemon/]: Registered Forge permission node cobblemon.command.healpokemon.self
[03May2025 19:31:07.825] [Server thread/DEBUG] [com.cobblemon.mod.common.Cobblemon/]: Registered Forge permission node cobblemon.command.healpokemon.other
[03May2025 19:31:07.825] [Server thread/DEBUG] [com.cobblemon.mod.common.Cobblemon/]: Registered Forge permission node cobblemon.command.levelup.self
[03May2025 19:31:07.825] [Server thread/DEBUG] [com.cobblemon.mod.common.Cobblemon/]: Registered Forge permission node cobblemon.command.levelup.other
[03May2025 19:31:07.825] [Server thread/DEBUG] [com.cobblemon.mod.common.Cobblemon/]: Registered Forge permission node cobblemon.command.openstarterscreen
[03May2025 19:31:07.825] [Server thread/DEBUG] [com.cobblemon.mod.common.Cobblemon/]: Registered Forge permission node cobblemon.command.bedrockparticle
[03May2025 19:31:07.825] [Server thread/DEBUG] [com.cobblemon.mod.common.Cobblemon/]: Registered Forge permission node cobblemon.command.opendialogue
[03May2025 19:31:07.825] [Server thread/DEBUG] [com.cobblemon.mod.common.Cobblemon/]: Registered Forge permission node cobblemon.command.pokemonedit.self
[03May2025 19:31:07.825] [Server thread/DEBUG] [com.cobblemon.mod.common.Cobblemon/]: Registered Forge permission node cobblemon.command.pokemonedit.other
[03May2025 19:31:07.825] [Server thread/DEBUG] [com.cobblemon.mod.common.Cobblemon/]: Registered Forge permission node cobblemon.command.spawnallpokemon
[03May2025 19:31:07.825] [Server thread/DEBUG] [com.cobblemon.mod.common.Cobblemon/]: Registered Forge permission node cobblemon.command.giveallpokemon
[03May2025 19:31:07.825] [Server thread/DEBUG] [com.cobblemon.mod.common.Cobblemon/]: Registered Forge permission node cobblemon.command.spawnpokemon
[03May2025 19:31:07.825] [Server thread/DEBUG] [com.cobblemon.mod.common.Cobblemon/]: Registered Forge permission node cobblemon.command.stopbattle
[03May2025 19:31:07.825] [Server thread/DEBUG] [com.cobblemon.mod.common.Cobblemon/]: Registered Forge permission node cobblemon.command.takepokemon
[03May2025 19:31:07.825] [Server thread/DEBUG] [com.cobblemon.mod.common.Cobblemon/]: Registered Forge permission node cobblemon.command.teach.base
[03May2025 19:31:07.825] [Server thread/DEBUG] [com.cobblemon.mod.common.Cobblemon/]: Registered Forge permission node cobblemon.command.teach.bypass
[03May2025 19:31:07.825] [Server thread/DEBUG] [com.cobblemon.mod.common.Cobblemon/]: Registered Forge permission node cobblemon.command.friendship
[03May2025 19:31:07.825] [Server thread/DEBUG] [com.cobblemon.mod.common.Cobblemon/]: Registered Forge permission node cobblemon.command.helditem
[03May2025 19:31:07.825] [Server thread/DEBUG] [com.cobblemon.mod.common.Cobblemon/]: Registered Forge permission node cobblemon.command.pc
[03May2025 19:31:07.825] [Server thread/DEBUG] [com.cobblemon.mod.common.Cobblemon/]: Registered Forge permission node cobblemon.command.pokebox
[03May2025 19:31:07.825] [Server thread/DEBUG] [com.cobblemon.mod.common.Cobblemon/]: Registered Forge permission node cobblemon.command.teststore
[03May2025 19:31:07.825] [Server thread/DEBUG] [com.cobblemon.mod.common.Cobblemon/]: Registered Forge permission node cobblemon.command.querylearnset
[03May2025 19:31:07.825] [Server thread/DEBUG] [com.cobblemon.mod.common.Cobblemon/]: Registered Forge permission node cobblemon.command.testpcslot
[03May2025 19:31:07.826] [Server thread/DEBUG] [com.cobblemon.mod.common.Cobblemon/]: Registered Forge permission node cobblemon.command.testpartyslot
[03May2025 19:31:07.826] [Server thread/DEBUG] [com.cobblemon.mod.common.Cobblemon/]: Registered Forge permission node cobblemon.command.clearparty
[03May2025 19:31:07.826] [Server thread/DEBUG] [com.cobblemon.mod.common.Cobblemon/]: Registered Forge permission node cobblemon.command.clearpc
[03May2025 19:31:07.826] [Server thread/DEBUG] [com.cobblemon.mod.common.Cobblemon/]: Finished Forge permission node registry
[03May2025 19:31:07.826] [Server thread/INFO] [net.minecraftforge.server.permission.PermissionAPI/]: Successfully initialized permission handler forge:default_handler
[03May2025 19:31:07.847] [Server thread/DEBUG] [io.netty.buffer.AbstractByteBuf/]: -Dio.netty.buffer.checkAccessible: true
[03May2025 19:31:07.847] [Server thread/DEBUG] [io.netty.buffer.AbstractByteBuf/]: -Dio.netty.buffer.checkBounds: true
[03May2025 19:31:07.848] [Server thread/DEBUG] [io.netty.util.ResourceLeakDetectorFactory/]: Loaded default ResourceLeakDetector: io.netty.util.ResourceLeakDetector@1825496e
[03May2025 19:31:07.876] [Server thread/DEBUG] [net.minecraftforge.coremod.transformer.CoreModBaseTransformer/COREMOD]: Transforming net/minecraft/world/level/NaturalSpawner
[03May2025 19:31:07.926] [Server thread/DEBUG] [mixin/]: Mixing chunk.entity_class_groups.ClassInstanceMultiMapMixin from canary.mixins.json into net.minecraft.util.ClassInstanceMultiMap
[03May2025 19:31:07.932] [Server thread/DEBUG] [mixin/]: Mixing collections.entity_by_type.ClassInstanceMultiMapMixin from canary.mixins.json into net.minecraft.util.ClassInstanceMultiMap
[03May2025 19:31:07.932] [Server thread/DEBUG] [mixin/]: Mixing collections.entity_filtering.ClassInstanceMultiMapMixin from canary.mixins.json into net.minecraft.util.ClassInstanceMultiMap
[03May2025 19:31:07.941] [Server thread/DEBUG] [mixin/]: Mixing util.entity_movement_tracking.PersistentEntitySectionManagerMixin from canary.mixins.json into net.minecraft.world.level.entity.PersistentEntitySectionManager$Callback
[03May2025 19:31:07.948] [Server thread/DEBUG] [mixin/]: Mixing alloc.entity_tracker.TrackedEntityMixin from canary.mixins.json into net.minecraft.server.level.ChunkMap$TrackedEntity
[03May2025 19:31:07.951] [Server thread/DEBUG] [mixin/]: Mixing chunk.replace_streams.ServerEntityMixin from canary.mixins.json into net.minecraft.server.level.ServerEntity
[03May2025 19:31:07.986] [Server thread/DEBUG] [mixin/]: Mixing cached_hashcode.BlockStatePairKeyMixin from canary.mixins.json into net.minecraft.world.level.block.Block$BlockStatePairKey
[03May2025 19:31:08.120] [Server thread/DEBUG] [mixin/]: Mixing ai.pathing.PathNavigationRegionMixin from canary.mixins.json into net.minecraft.world.level.PathNavigationRegion
[03May2025 19:31:08.124] [Server thread/DEBUG] [mixin/]: Mixing util.chunk_access.PathNavigationRegionMixin from canary.mixins.json into net.minecraft.world.level.PathNavigationRegion
[03May2025 19:31:08.130] [Server thread/DEBUG] [mixin/]: Mixing common.chunk.EmptyLevelChunkMixin from starlight.mixins.json into net.minecraft.world.level.chunk.EmptyLevelChunk
[03May2025 19:31:09.976] [IO-Worker-7/DEBUG] [Smooth Boot (Reloaded)/]: Initialized IO-Worker-9
[03May2025 19:31:37.826] [Server thread/DEBUG] [com.cobblemon.mod.common.Cobblemon/]: Serializing 0 Pokémon stores.
[03May2025 19:31:37.826] [Server thread/DEBUG] [com.cobblemon.mod.common.Cobblemon/]: Queueing save.
[03May2025 19:31:37.827] [pool-4-thread-1/DEBUG] [com.cobblemon.mod.common.Cobblemon/]: Saved 0 Pokémon stores.
[03May2025 19:32:07.876] [Server thread/DEBUG] [com.cobblemon.mod.common.Cobblemon/]: Serializing 0 Pokémon stores.
[03May2025 19:32:07.876] [Server thread/DEBUG] [com.cobblemon.mod.common.Cobblemon/]: Queueing save.
[03May2025 19:32:07.876] [pool-4-thread-1/DEBUG] [com.cobblemon.mod.common.Cobblemon/]: Saved 0 Pokémon stores.
[03May2025 19:32:08.416] [Worker-Main-3/DEBUG] [Smooth Boot (Reloaded)/]: Worker-Main-3 shutdown
[03May2025 19:32:37.926] [Server thread/DEBUG] [com.cobblemon.mod.common.Cobblemon/]: Serializing 0 Pokémon stores.
[03May2025 19:32:37.926] [Server thread/DEBUG] [com.cobblemon.mod.common.Cobblemon/]: Queueing save.
[03May2025 19:32:37.928] [pool-4-thread-1/DEBUG] [com.cobblemon.mod.common.Cobblemon/]: Saved 0 Pokémon stores.
[03May2025 19:32:56.899] [Netty Epoll Server IO #1/DEBUG] [io.netty.util.Recycler/]: -Dio.netty.recycler.maxCapacityPerThread: 4096
[03May2025 19:32:56.900] [Netty Epoll Server IO #1/DEBUG] [io.netty.util.Recycler/]: -Dio.netty.recycler.ratio: 8
[03May2025 19:32:56.900] [Netty Epoll Server IO #1/DEBUG] [io.netty.util.Recycler/]: -Dio.netty.recycler.chunkSize: 32
[03May2025 19:32:56.900] [Netty Epoll Server IO #1/DEBUG] [io.netty.util.Recycler/]: -Dio.netty.recycler.blocking: false
[03May2025 19:33:07.976] [Server thread/DEBUG] [com.cobblemon.mod.common.Cobblemon/]: Serializing 0 Pokémon stores.
[03May2025 19:33:07.976] [Server thread/DEBUG] [com.cobblemon.mod.common.Cobblemon/]: Queueing save.
[03May2025 19:33:07.976] [pool-4-thread-1/DEBUG] [com.cobblemon.mod.common.Cobblemon/]: Saved 0 Pokémon stores.
[03May2025 19:33:08.416] [Worker-Main-1/DEBUG] [Smooth Boot (Reloaded)/]: Worker-Main-1 shutdown
[03May2025 19:33:33.728] [Netty Epoll Server IO #4/DEBUG] [net.minecraftforge.network.HandshakeHandler/FMLHANDSHAKE]: Starting new modded impl connection. Found 22 messages to dispatch.
[03May2025 19:33:33.777] [Server thread/DEBUG] [net.minecraftforge.network.HandshakeHandler/FMLHANDSHAKE]: Sending ticking packet info 'net.minecraftforge.network.HandshakeMessages$S2CModData' to 'fml:handshake' sequence 0
[03May2025 19:33:33.827] [Server thread/DEBUG] [net.minecraftforge.network.HandshakeHandler/FMLHANDSHAKE]: Sending ticking packet info 'net.minecraftforge.network.HandshakeMessages$S2CModList' to 'fml:handshake' sequence 1
[03May2025 19:33:33.877] [Server thread/DEBUG] [net.minecraftforge.network.HandshakeHandler/FMLHANDSHAKE]: Sending ticking packet info 'Registry minecraft:command_argument_type' to 'fml:handshake' sequence 2
[03May2025 19:33:33.927] [Server thread/DEBUG] [net.minecraftforge.network.HandshakeHandler/FMLHANDSHAKE]: Sending ticking packet info 'Registry minecraft:recipe_serializer' to 'fml:handshake' sequence 3
[03May2025 19:33:33.952] [Netty Epoll Server IO #4/DEBUG] [net.minecraftforge.network.LoginWrapper/FMLHANDSHAKE]: Recieved login wrapper packet event for channel fml:handshake with index 1
[03May2025 19:33:33.955] [Netty Epoll Server IO #4/DEBUG] [net.minecraftforge.network.HandshakeHandler/FMLHANDSHAKE]: Received client indexed reply 1 of type net.minecraftforge.network.HandshakeMessages$C2SModListReply
[03May2025 19:33:33.955] [Netty Epoll Server IO #4/DEBUG] [net.minecraftforge.network.HandshakeHandler/FMLHANDSHAKE]: Received client connection with modlist [waterdripsound, craftpresence, cleardespawn, borderlesswindow, dynamiclightsreforged, roughlyenoughprofessions, netherportalfix, superflatworldnoslimes, dynamiccrosshair, invmove, fallingleaves, clumps, xaeroworldmap, mixinextras, bookshelf, make_bubbles_pop, starlight, waveycapes, catalogue, balm, dismountentity, memoryleakfix, melody, cloth_config, forge, konkrete, embeddium, rubidium, craftingtweaks, betterpingdisplay, minecraft, enchdesc, longerchathistory, toolstats, ghostwriter, smoothboot, highlight, roughlyenoughitems, highlighter, kotlinforforge, notenoughanimations, iceberg, xaerominimap, oculus, collective, cobblemon, entityculling, betterthirdperson, canary, ambientenvironment, fancymenu, resourcefullib, architectury, appleskin, ferritecore, aiimprovements, visuality, embeddium_extra, cherishedworlds, justzoom, yaclx, bwncr, letmedespawn, shulkerboxtooltip, defaultoptions, betteradvancements]
[03May2025 19:33:33.956] [Netty Epoll Server IO #4/DEBUG] [net.minecraftforge.network.NetworkRegistry/NETREGISTRY]: Channel 'fml:loginwrapper' : Version test of 'FML3' from client : ACCEPTED
[03May2025 19:33:33.956] [Netty Epoll Server IO #4/DEBUG] [net.minecraftforge.network.NetworkRegistry/NETREGISTRY]: Channel 'forge:tier_sorting' : Version test of '1.0' from client : ACCEPTED
[03May2025 19:33:33.956] [Netty Epoll Server IO #4/DEBUG] [net.minecraftforge.network.NetworkRegistry/NETREGISTRY]: Channel 'fml:handshake' : Version test of 'FML3' from client : ACCEPTED
[03May2025 19:33:33.956] [Netty Epoll Server IO #4/DEBUG] [net.minecraftforge.network.NetworkRegistry/NETREGISTRY]: Channel 'architectury:network' : Version test of '1' from client : ACCEPTED
[03May2025 19:33:33.956] [Netty Epoll Server IO #4/DEBUG] [net.minecraftforge.network.NetworkRegistry/NETREGISTRY]: Channel 'minecraft:unregister' : Version test of 'FML3' from client : ACCEPTED
[03May2025 19:33:33.956] [Netty Epoll Server IO #4/DEBUG] [net.minecraftforge.network.NetworkRegistry/NETREGISTRY]: Channel 'fml:play' : Version test of 'FML3' from client : ACCEPTED
[03May2025 19:33:33.956] [Netty Epoll Server IO #4/DEBUG] [net.minecraftforge.network.NetworkRegistry/NETREGISTRY]: Channel 'minecraft:register' : Version test of 'FML3' from client : ACCEPTED
[03May2025 19:33:33.956] [Netty Epoll Server IO #4/DEBUG] [net.minecraftforge.network.NetworkRegistry/NETREGISTRY]: Channel 'cobblemon:main' : Version test of '1' from client : ACCEPTED
[03May2025 19:33:33.956] [Netty Epoll Server IO #4/DEBUG] [net.minecraftforge.network.NetworkRegistry/NETREGISTRY]: Channel 'appleskin:sync' : Version test of '1' from client : ACCEPTED
[03May2025 19:33:33.956] [Netty Epoll Server IO #4/DEBUG] [net.minecraftforge.network.NetworkRegistry/NETREGISTRY]: Channel 'forge:split' : Version test of '1.1' from client : ACCEPTED
[03May2025 19:33:33.956] [Netty Epoll Server IO #4/DEBUG] [net.minecraftforge.network.NetworkRegistry/NETREGISTRY]: Accepting channel list from client
[03May2025 19:33:33.957] [Netty Epoll Server IO #4/DEBUG] [net.minecraftforge.network.HandshakeHandler/FMLHANDSHAKE]: Accepted client connection mod list
[03May2025 19:33:33.969] [Netty Epoll Server IO #4/DEBUG] [net.minecraftforge.network.LoginWrapper/FMLHANDSHAKE]: Recieved login wrapper packet event for channel fml:handshake with index 2
[03May2025 19:33:33.970] [Netty Epoll Server IO #4/DEBUG] [net.minecraftforge.network.HandshakeHandler/FMLHANDSHAKE]: Received client indexed reply 2 of type net.minecraftforge.network.HandshakeMessages$C2SAcknowledge
[03May2025 19:33:33.970] [Netty Epoll Server IO #4/DEBUG] [net.minecraftforge.network.HandshakeHandler/FMLHANDSHAKE]: Received acknowledgement from client
[03May2025 19:33:33.977] [Server thread/DEBUG] [net.minecraftforge.network.HandshakeHandler/FMLHANDSHAKE]: Sending ticking packet info 'Registry minecraft:sound_event' to 'fml:handshake' sequence 4
[03May2025 19:33:34.009] [Netty Epoll Server IO #4/DEBUG] [net.minecraftforge.network.LoginWrapper/FMLHANDSHAKE]: Recieved login wrapper packet event for channel fml:handshake with index 3
[03May2025 19:33:34.009] [Netty Epoll Server IO #4/DEBUG] [net.minecraftforge.network.HandshakeHandler/FMLHANDSHAKE]: Received client indexed reply 3 of type net.minecraftforge.network.HandshakeMessages$C2SAcknowledge
[03May2025 19:33:34.009] [Netty Epoll Server IO #4/DEBUG] [net.minecraftforge.network.HandshakeHandler/FMLHANDSHAKE]: Received acknowledgement from client
[03May2025 19:33:34.027] [Server thread/DEBUG] [net.minecraftforge.network.HandshakeHandler/FMLHANDSHAKE]: Sending ticking packet info 'Registry minecraft:particle_type' to 'fml:handshake' sequence 5
[03May2025 19:33:34.077] [Server thread/DEBUG] [net.minecraftforge.network.HandshakeHandler/FMLHANDSHAKE]: Sending ticking packet info 'Registry minecraft:villager_profession' to 'fml:handshake' sequence 6
[03May2025 19:33:34.127] [Server thread/DEBUG] [net.minecraftforge.network.HandshakeHandler/FMLHANDSHAKE]: Sending ticking packet info 'Registry minecraft:item' to 'fml:handshake' sequence 7
[03May2025 19:33:34.177] [Server thread/DEBUG] [net.minecraftforge.network.HandshakeHandler/FMLHANDSHAKE]: Sending ticking packet info 'Registry minecraft:potion' to 'fml:handshake' sequence 8
[03May2025 19:33:34.184] [Netty Epoll Server IO #4/DEBUG] [net.minecraftforge.network.LoginWrapper/FMLHANDSHAKE]: Recieved login wrapper packet event for channel fml:handshake with index 4
[03May2025 19:33:34.184] [Netty Epoll Server IO #4/DEBUG] [net.minecraftforge.network.HandshakeHandler/FMLHANDSHAKE]: Received client indexed reply 4 of type net.minecraftforge.network.HandshakeMessages$C2SAcknowledge
[03May2025 19:33:34.184] [Netty Epoll Server IO #4/DEBUG] [net.minecraftforge.network.HandshakeHandler/FMLHANDSHAKE]: Received acknowledgement from client
[03May2025 19:33:34.224] [Netty Epoll Server IO #4/DEBUG] [net.minecraftforge.network.LoginWrapper/FMLHANDSHAKE]: Recieved login wrapper packet event for channel fml:handshake with index 5
[03May2025 19:33:34.224] [Netty Epoll Server IO #4/DEBUG] [net.minecraftforge.network.HandshakeHandler/FMLHANDSHAKE]: Received client indexed reply 5 of type net.minecraftforge.network.HandshakeMessages$C2SAcknowledge
[03May2025 19:33:34.224] [Netty Epoll Server IO #4/DEBUG] [net.minecraftforge.network.HandshakeHandler/FMLHANDSHAKE]: Received acknowledgement from client
[03May2025 19:33:34.225] [Netty Epoll Server IO #4/DEBUG] [net.minecraftforge.network.LoginWrapper/FMLHANDSHAKE]: Recieved login wrapper packet event for channel fml:handshake with index 6
[03May2025 19:33:34.225] [Netty Epoll Server IO #4/DEBUG] [net.minecraftforge.network.HandshakeHandler/FMLHANDSHAKE]: Received client indexed reply 6 of type net.minecraftforge.network.HandshakeMessages$C2SAcknowledge
[03May2025 19:33:34.225] [Netty Epoll Server IO #4/DEBUG] [net.minecraftforge.network.HandshakeHandler/FMLHANDSHAKE]: Received acknowledgement from client
[03May2025 19:33:34.227] [Server thread/DEBUG] [net.minecraftforge.network.HandshakeHandler/FMLHANDSHAKE]: Sending ticking packet info 'Registry minecraft:painting_variant' to 'fml:handshake' sequence 9
[03May2025 19:33:34.247] [Netty Epoll Server IO #4/DEBUG] [net.minecraftforge.network.LoginWrapper/FMLHANDSHAKE]: Recieved login wrapper packet event for channel fml:handshake with index 7
[03May2025 19:33:34.247] [Netty Epoll Server IO #4/DEBUG] [net.minecraftforge.network.HandshakeHandler/FMLHANDSHAKE]: Received client indexed reply 7 of type net.minecraftforge.network.HandshakeMessages$C2SAcknowledge
[03May2025 19:33:34.247] [Netty Epoll Server IO #4/DEBUG] [net.minecraftforge.network.HandshakeHandler/FMLHANDSHAKE]: Received acknowledgement from client
[03May2025 19:33:34.277] [Server thread/DEBUG] [net.minecraftforge.network.HandshakeHandler/FMLHANDSHAKE]: Sending ticking packet info 'Registry forge:fluid_type' to 'fml:handshake' sequence 10
[03May2025 19:33:34.295] [Netty Epoll Server IO #4/DEBUG] [net.minecraftforge.network.LoginWrapper/FMLHANDSHAKE]: Recieved login wrapper packet event for channel fml:handshake with index 8
[03May2025 19:33:34.295] [Netty Epoll Server IO #4/DEBUG] [net.minecraftforge.network.HandshakeHandler/FMLHANDSHAKE]: Received client indexed reply 8 of type net.minecraftforge.network.HandshakeMessages$C2SAcknowledge
[03May2025 19:33:34.295] [Netty Epoll Server IO #4/DEBUG] [net.minecraftforge.network.HandshakeHandler/FMLHANDSHAKE]: Received acknowledgement from client
[03May2025 19:33:34.327] [Server thread/DEBUG] [net.minecraftforge.network.HandshakeHandler/FMLHANDSHAKE]: Sending ticking packet info 'Registry minecraft:block_entity_type' to 'fml:handshake' sequence 11
[03May2025 19:33:34.328] [Netty Epoll Server IO #4/DEBUG] [net.minecraftforge.network.LoginWrapper/FMLHANDSHAKE]: Recieved login wrapper packet event for channel fml:handshake with index 9
[03May2025 19:33:34.328] [Netty Epoll Server IO #4/DEBUG] [net.minecraftforge.network.HandshakeHandler/FMLHANDSHAKE]: Received client indexed reply 9 of type net.minecraftforge.network.HandshakeMessages$C2SAcknowledge
[03May2025 19:33:34.328] [Netty Epoll Server IO #4/DEBUG] [net.minecraftforge.network.HandshakeHandler/FMLHANDSHAKE]: Received acknowledgement from client
[03May2025 19:33:34.377] [Server thread/DEBUG] [net.minecraftforge.network.HandshakeHandler/FMLHANDSHAKE]: Sending ticking packet info 'Registry forge:display_contexts' to 'fml:handshake' sequence 12
[03May2025 19:33:34.377] [Netty Epoll Server IO #4/DEBUG] [net.minecraftforge.network.LoginWrapper/FMLHANDSHAKE]: Recieved login wrapper packet event for channel fml:handshake with index 10
[03May2025 19:33:34.378] [Netty Epoll Server IO #4/DEBUG] [net.minecraftforge.network.HandshakeHandler/FMLHANDSHAKE]: Received client indexed reply 10 of type net.minecraftforge.network.HandshakeMessages$C2SAcknowledge
[03May2025 19:33:34.378] [Netty Epoll Server IO #4/DEBUG] [net.minecraftforge.network.HandshakeHandler/FMLHANDSHAKE]: Received acknowledgement from client
[03May2025 19:33:34.427] [Server thread/DEBUG] [net.minecraftforge.network.HandshakeHandler/FMLHANDSHAKE]: Sending ticking packet info 'Registry minecraft:block' to 'fml:handshake' sequence 13
[03May2025 19:33:34.444] [Netty Epoll Server IO #4/DEBUG] [net.minecraftforge.network.LoginWrapper/FMLHANDSHAKE]: Recieved login wrapper packet event for channel fml:handshake with index 11
[03May2025 19:33:34.444] [Netty Epoll Server IO #4/DEBUG] [net.minecraftforge.network.HandshakeHandler/FMLHANDSHAKE]: Received client indexed reply 11 of type net.minecraftforge.network.HandshakeMessages$C2SAcknowledge
[03May2025 19:33:34.444] [Netty Epoll Server IO #4/DEBUG] [net.minecraftforge.network.HandshakeHandler/FMLHANDSHAKE]: Received acknowledgement from client
[03May2025 19:33:34.477] [Server thread/DEBUG] [net.minecraftforge.network.HandshakeHandler/FMLHANDSHAKE]: Sending ticking packet info 'Registry forge:entity_data_serializers' to 'fml:handshake' sequence 14
[03May2025 19:33:34.496] [Netty Epoll Server IO #4/DEBUG] [net.minecraftforge.network.LoginWrapper/FMLHANDSHAKE]: Recieved login wrapper packet event for channel fml:handshake with index 12
[03May2025 19:33:34.496] [Netty Epoll Server IO #4/DEBUG] [net.minecraftforge.network.HandshakeHandler/FMLHANDSHAKE]: Received client indexed reply 12 of type net.minecraftforge.network.HandshakeMessages$C2SAcknowledge
[03May2025 19:33:34.496] [Netty Epoll Server IO #4/DEBUG] [net.minecraftforge.network.HandshakeHandler/FMLHANDSHAKE]: Received acknowledgement from client
[03May2025 19:33:34.527] [Server thread/DEBUG] [net.minecraftforge.network.HandshakeHandler/FMLHANDSHAKE]: Sending ticking packet info 'Registry minecraft:mob_effect' to 'fml:handshake' sequence 15
[03May2025 19:33:34.527] [Netty Epoll Server IO #4/DEBUG] [net.minecraftforge.network.LoginWrapper/FMLHANDSHAKE]: Recieved login wrapper packet event for channel fml:handshake with index 13
[03May2025 19:33:34.527] [Netty Epoll Server IO #4/DEBUG] [net.minecraftforge.network.HandshakeHandler/FMLHANDSHAKE]: Received client indexed reply 13 of type net.minecraftforge.network.HandshakeMessages$C2SAcknowledge
[03May2025 19:33:34.527] [Netty Epoll Server IO #4/DEBUG] [net.minecraftforge.network.HandshakeHandler/FMLHANDSHAKE]: Received acknowledgement from client
[03May2025 19:33:34.577] [Server thread/DEBUG] [net.minecraftforge.network.HandshakeHandler/FMLHANDSHAKE]: Sending ticking packet info 'Registry minecraft:stat_type' to 'fml:handshake' sequence 16
[03May2025 19:33:34.579] [Netty Epoll Server IO #4/DEBUG] [net.minecraftforge.network.LoginWrapper/FMLHANDSHAKE]: Recieved login wrapper packet event for channel fml:handshake with index 14
[03May2025 19:33:34.579] [Netty Epoll Server IO #4/DEBUG] [net.minecraftforge.network.HandshakeHandler/FMLHANDSHAKE]: Received client indexed reply 14 of type net.minecraftforge.network.HandshakeMessages$C2SAcknowledge
[03May2025 19:33:34.579] [Netty Epoll Server IO #4/DEBUG] [net.minecraftforge.network.HandshakeHandler/FMLHANDSHAKE]: Received acknowledgement from client
[03May2025 19:33:34.627] [Server thread/DEBUG] [net.minecraftforge.network.HandshakeHandler/FMLHANDSHAKE]: Sending ticking packet info 'Registry minecraft:menu' to 'fml:handshake' sequence 17
[03May2025 19:33:34.645] [Netty Epoll Server IO #4/DEBUG] [net.minecraftforge.network.LoginWrapper/FMLHANDSHAKE]: Recieved login wrapper packet event for channel fml:handshake with index 15
[03May2025 19:33:34.645] [Netty Epoll Server IO #4/DEBUG] [net.minecraftforge.network.HandshakeHandler/FMLHANDSHAKE]: Received client indexed reply 15 of type net.minecraftforge.network.HandshakeMessages$C2SAcknowledge
[03May2025 19:33:34.645] [Netty Epoll Server IO #4/DEBUG] [net.minecraftforge.network.HandshakeHandler/FMLHANDSHAKE]: Received acknowledgement from client
[03May2025 19:33:34.645] [Netty Epoll Server IO #4/DEBUG] [net.minecraftforge.network.LoginWrapper/FMLHANDSHAKE]: Recieved login wrapper packet event for channel fml:handshake with index 16
[03May2025 19:33:34.645] [Netty Epoll Server IO #4/DEBUG] [net.minecraftforge.network.HandshakeHandler/FMLHANDSHAKE]: Received client indexed reply 16 of type net.minecraftforge.network.HandshakeMessages$C2SAcknowledge
[03May2025 19:33:34.645] [Netty Epoll Server IO #4/DEBUG] [net.minecraftforge.network.HandshakeHandler/FMLHANDSHAKE]: Received acknowledgement from client
[03May2025 19:33:34.677] [Server thread/DEBUG] [net.minecraftforge.network.HandshakeHandler/FMLHANDSHAKE]: Sending ticking packet info 'Registry minecraft:enchantment' to 'fml:handshake' sequence 18
[03May2025 19:33:34.710] [Netty Epoll Server IO #4/DEBUG] [net.minecraftforge.network.LoginWrapper/FMLHANDSHAKE]: Recieved login wrapper packet event for channel fml:handshake with index 17
[03May2025 19:33:34.711] [Netty Epoll Server IO #4/DEBUG] [net.minecraftforge.network.HandshakeHandler/FMLHANDSHAKE]: Received client indexed reply 17 of type net.minecraftforge.network.HandshakeMessages$C2SAcknowledge
[03May2025 19:33:34.711] [Netty Epoll Server IO #4/DEBUG] [net.minecraftforge.network.HandshakeHandler/FMLHANDSHAKE]: Received acknowledgement from client
[03May2025 19:33:34.727] [Server thread/DEBUG] [net.minecraftforge.network.HandshakeHandler/FMLHANDSHAKE]: Sending ticking packet info 'Registry minecraft:fluid' to 'fml:handshake' sequence 19
[03May2025 19:33:34.776] [Netty Epoll Server IO #4/DEBUG] [net.minecraftforge.network.LoginWrapper/FMLHANDSHAKE]: Recieved login wrapper packet event for channel fml:handshake with index 18
[03May2025 19:33:34.776] [Netty Epoll Server IO #4/DEBUG] [net.minecraftforge.network.HandshakeHandler/FMLHANDSHAKE]: Received client indexed reply 18 of type net.minecraftforge.network.HandshakeMessages$C2SAcknowledge
[03May2025 19:33:34.776] [Netty Epoll Server IO #4/DEBUG] [net.minecraftforge.network.HandshakeHandler/FMLHANDSHAKE]: Received acknowledgement from client
[03May2025 19:33:34.777] [Server thread/DEBUG] [net.minecraftforge.network.HandshakeHandler/FMLHANDSHAKE]: Sending ticking packet info 'Registry minecraft:entity_type' to 'fml:handshake' sequence 20
[03May2025 19:33:34.827] [Server thread/DEBUG] [net.minecraftforge.network.HandshakeHandler/FMLHANDSHAKE]: Sending ticking packet info 'Config forge-server.toml' to 'fml:handshake' sequence 21
[03May2025 19:33:34.842] [Netty Epoll Server IO #4/DEBUG] [net.minecraftforge.network.LoginWrapper/FMLHANDSHAKE]: Recieved login wrapper packet event for channel fml:handshake with index 19
[03May2025 19:33:34.842] [Netty Epoll Server IO #4/DEBUG] [net.minecraftforge.network.HandshakeHandler/FMLHANDSHAKE]: Received client indexed reply 19 of type net.minecraftforge.network.HandshakeMessages$C2SAcknowledge
[03May2025 19:33:34.842] [Netty Epoll Server IO #4/DEBUG] [net.minecraftforge.network.HandshakeHandler/FMLHANDSHAKE]: Received acknowledgement from client
[03May2025 19:33:35.318] [Netty Epoll Server IO #4/DEBUG] [net.minecraftforge.network.LoginWrapper/FMLHANDSHAKE]: Recieved login wrapper packet event for channel fml:handshake with index 20
[03May2025 19:33:35.318] [Netty Epoll Server IO #4/DEBUG] [net.minecraftforge.network.HandshakeHandler/FMLHANDSHAKE]: Received client indexed reply 20 of type net.minecraftforge.network.HandshakeMessages$C2SAcknowledge
[03May2025 19:33:35.318] [Netty Epoll Server IO #4/DEBUG] [net.minecraftforge.network.HandshakeHandler/FMLHANDSHAKE]: Received acknowledgement from client
[03May2025 19:33:35.320] [Netty Epoll Server IO #4/DEBUG] [net.minecraftforge.network.LoginWrapper/FMLHANDSHAKE]: Recieved login wrapper packet event for channel fml:handshake with index 21
[03May2025 19:33:35.320] [Netty Epoll Server IO #4/DEBUG] [net.minecraftforge.network.HandshakeHandler/FMLHANDSHAKE]: Received client indexed reply 21 of type net.minecraftforge.network.HandshakeMessages$C2SAcknowledge
[03May2025 19:33:35.320] [Netty Epoll Server IO #4/DEBUG] [net.minecraftforge.network.HandshakeHandler/FMLHANDSHAKE]: Received acknowledgement from client
[03May2025 19:33:35.327] [Server thread/DEBUG] [net.minecraftforge.network.HandshakeHandler/FMLHANDSHAKE]: Handshake complete!
[03May2025 19:33:35.426] [Server thread/INFO] [net.minecraft.server.players.PlayerList/]: NobelSUS[/127.74.223.19:46091] logged in with entity id 191 at (-6.5, 71.0, 23.5)
[03May2025 19:33:35.436] [Server thread/DEBUG] [net.minecraftforge.network.filters.NetworkFilters/]: Injected net.minecraftforge.network.filters.ForgeConnectionNetworkFilter@1b2aed6c into net.minecraft.network.Connection@75fc473a
[03May2025 19:33:35.527] [Server thread/INFO] [net.minecraft.server.MinecraftServer/]: NobelSUS joined the game
[03May2025 19:33:35.697] [Worker-Main-2/DEBUG] [Smooth Boot (Reloaded)/]: Initialized Worker-Main-10
[03May2025 19:33:35.699] [Worker-Main-2/DEBUG] [Smooth Boot (Reloaded)/]: Initialized Worker-Main-11
[03May2025 19:33:35.775] [Server thread/DEBUG] [io.netty.util.internal.ThreadLocalRandom/]: -Dio.netty.initialSeedUniquifier: 0xeca8aa56fa915e0d
[03May2025 19:33:35.917] [Server thread/DEBUG] [Smooth Boot (Reloaded)/]: Initialized IO-Worker-12
[03May2025 19:33:35.918] [IO-Worker-12/DEBUG] [Smooth Boot (Reloaded)/]: Initialized IO-Worker-13
[03May2025 19:33:35.955] [IO-Worker-13/DEBUG] [Smooth Boot (Reloaded)/]: Initialized IO-Worker-14
[03May2025 19:33:36.001] [IO-Worker-14/DEBUG] [Smooth Boot (Reloaded)/]: Initialized IO-Worker-15
[03May2025 19:33:36.426] [IO-Worker-13/DEBUG] [Smooth Boot (Reloaded)/]: Initialized IO-Worker-16
[03May2025 19:33:38.026] [Server thread/DEBUG] [com.cobblemon.mod.common.Cobblemon/]: Serializing 0 Pokémon stores.
[03May2025 19:33:38.026] [Server thread/DEBUG] [com.cobblemon.mod.common.Cobblemon/]: Queueing save.
[03May2025 19:33:38.026] [pool-4-thread-1/DEBUG] [com.cobblemon.mod.common.Cobblemon/]: Saved 0 Pokémon stores.
[03May2025 19:33:58.831] [IO-Worker-16/DEBUG] [Smooth Boot (Reloaded)/]: Initialized IO-Worker-17
[03May2025 19:33:58.832] [IO-Worker-16/DEBUG] [Smooth Boot (Reloaded)/]: Initialized IO-Worker-18
[03May2025 19:33:58.948] [Worker-Main-10/DEBUG] [mixin/]: Mixing gen.chunk_region.WorldGenRegionMixin from canary.mixins.json into net.minecraft.server.level.WorldGenRegion
[03May2025 19:33:58.976] [Worker-Main-11/DEBUG] [Smooth Boot (Reloaded)/]: Initialized Worker-Main-19
[03May2025 19:34:01.353] [Worker-Main-19/DEBUG] [mixin/]: Mixing StructurePoolGeneratorMixin from mixins.cobblemon-common.json into net.minecraft.world.level.levelgen.structure.pools.JigsawPlacement$Placer
[03May2025 19:34:03.783] [Server thread/INFO] [net.minecraft.server.network.ServerGamePacketListenerImpl/]: NobelSUS lost connection: Disconnected
[03May2025 19:34:03.783] [Server thread/INFO] [net.minecraft.server.MinecraftServer/]: NobelSUS left the game
[03May2025 19:34:06.184] [Netty Epoll Server IO #0/DEBUG] [net.minecraftforge.network.HandshakeHandler/FMLHANDSHAKE]: Starting new modded impl connection. Found 22 messages to dispatch.
[03May2025 19:34:06.229] [Server thread/DEBUG] [net.minecraftforge.network.HandshakeHandler/FMLHANDSHAKE]: Sending ticking packet info 'net.minecraftforge.network.HandshakeMessages$S2CModData' to 'fml:handshake' sequence 0
[03May2025 19:34:06.279] [Server thread/DEBUG] [net.minecraftforge.network.HandshakeHandler/FMLHANDSHAKE]: Sending ticking packet info 'net.minecraftforge.network.HandshakeMessages$S2CModList' to 'fml:handshake' sequence 1
[03May2025 19:34:06.330] [Server thread/DEBUG] [net.minecraftforge.network.HandshakeHandler/FMLHANDSHAKE]: Sending ticking packet info 'Registry minecraft:command_argument_type' to 'fml:handshake' sequence 2
[03May2025 19:34:06.379] [Server thread/DEBUG] [net.minecraftforge.network.HandshakeHandler/FMLHANDSHAKE]: Sending ticking packet info 'Registry minecraft:recipe_serializer' to 'fml:handshake' sequence 3
[03May2025 19:34:06.430] [Server thread/DEBUG] [net.minecraftforge.network.HandshakeHandler/FMLHANDSHAKE]: Sending ticking packet info 'Registry minecraft:sound_event' to 'fml:handshake' sequence 4
[03May2025 19:34:06.484] [Server thread/DEBUG] [net.minecraftforge.network.HandshakeHandler/FMLHANDSHAKE]: Sending ticking packet info 'Registry minecraft:particle_type' to 'fml:handshake' sequence 5
[03May2025 19:34:06.530] [Server thread/DEBUG] [net.minecraftforge.network.HandshakeHandler/FMLHANDSHAKE]: Sending ticking packet info 'Registry minecraft:villager_profession' to 'fml:handshake' sequence 6
[03May2025 19:34:06.579] [Server thread/DEBUG] [net.minecraftforge.network.HandshakeHandler/FMLHANDSHAKE]: Sending ticking packet info 'Registry minecraft:item' to 'fml:handshake' sequence 7
[03May2025 19:34:06.629] [Server thread/DEBUG] [net.minecraftforge.network.HandshakeHandler/FMLHANDSHAKE]: Sending ticking packet info 'Registry minecraft:potion' to 'fml:handshake' sequence 8
[03May2025 19:34:06.680] [Server thread/DEBUG] [net.minecraftforge.network.HandshakeHandler/FMLHANDSHAKE]: Sending ticking packet info 'Registry minecraft:painting_variant' to 'fml:handshake' sequence 9
[03May2025 19:34:06.730] [Server thread/DEBUG] [net.minecraftforge.network.HandshakeHandler/FMLHANDSHAKE]: Sending ticking packet info 'Registry forge:fluid_type' to 'fml:handshake' sequence 10
[03May2025 19:34:06.780] [Server thread/DEBUG] [net.minecraftforge.network.HandshakeHandler/FMLHANDSHAKE]: Sending ticking packet info 'Registry minecraft:block_entity_type' to 'fml:handshake' sequence 11
[03May2025 19:34:06.829] [Server thread/DEBUG] [net.minecraftforge.network.HandshakeHandler/FMLHANDSHAKE]: Sending ticking packet info 'Registry forge:display_contexts' to 'fml:handshake' sequence 12
[03May2025 19:34:06.880] [Server thread/DEBUG] [net.minecraftforge.network.HandshakeHandler/FMLHANDSHAKE]: Sending ticking packet info 'Registry minecraft:block' to 'fml:handshake' sequence 13
[03May2025 19:34:06.930] [Server thread/DEBUG] [net.minecraftforge.network.HandshakeHandler/FMLHANDSHAKE]: Sending ticking packet info 'Registry forge:entity_data_serializers' to 'fml:handshake' sequence 14
[03May2025 19:34:06.978] [Server thread/DEBUG] [net.minecraftforge.network.HandshakeHandler/FMLHANDSHAKE]: Sending ticking packet info 'Registry minecraft:mob_effect' to 'fml:handshake' sequence 15
[03May2025 19:34:07.030] [Server thread/DEBUG] [net.minecraftforge.network.HandshakeHandler/FMLHANDSHAKE]: Sending ticking packet info 'Registry minecraft:stat_type' to 'fml:handshake' sequence 16
[03May2025 19:34:07.079] [Server thread/DEBUG] [net.minecraftforge.network.HandshakeHandler/FMLHANDSHAKE]: Sending ticking packet info 'Registry minecraft:menu' to 'fml:handshake' sequence 17
[03May2025 19:34:07.130] [Server thread/DEBUG] [net.minecraftforge.network.HandshakeHandler/FMLHANDSHAKE]: Sending ticking packet info 'Registry minecraft:enchantment' to 'fml:handshake' sequence 18
[03May2025 19:34:07.178] [Server thread/DEBUG] [net.minecraftforge.network.HandshakeHandler/FMLHANDSHAKE]: Sending ticking packet info 'Registry minecraft:fluid' to 'fml:handshake' sequence 19
[03May2025 19:34:07.229] [Server thread/DEBUG] [net.minecraftforge.network.HandshakeHandler/FMLHANDSHAKE]: Sending ticking packet info 'Registry minecraft:entity_type' to 'fml:handshake' sequence 20
[03May2025 19:34:07.279] [Server thread/DEBUG] [net.minecraftforge.network.HandshakeHandler/FMLHANDSHAKE]: Sending ticking packet info 'Config forge-server.toml' to 'fml:handshake' sequence 21
[03May2025 19:34:08.076] [Server thread/DEBUG] [com.cobblemon.mod.common.Cobblemon/]: Serializing 0 Pokémon stores.
[03May2025 19:34:08.076] [Server thread/DEBUG] [com.cobblemon.mod.common.Cobblemon/]: Queueing save.
[03May2025 19:34:08.076] [pool-4-thread-1/DEBUG] [com.cobblemon.mod.common.Cobblemon/]: Saved 0 Pokémon stores.
[03May2025 19:34:22.231] [Server thread/INFO] [net.minecraft.server.network.ServerLoginPacketListenerImpl/]: com.mojang.authlib.GameProfile@469e470c[id=<null>,name=NobelSUS,properties={},legacy=false] (/127.74.223.19:43249) lost connection: Disconnected
[03May2025 19:34:33.516] [Netty Epoll Server IO #3/DEBUG] [net.minecraftforge.network.HandshakeHandler/FMLHANDSHAKE]: Starting new modded impl connection. Found 22 messages to dispatch.
[03May2025 19:34:33.527] [Server thread/DEBUG] [net.minecraftforge.network.HandshakeHandler/FMLHANDSHAKE]: Sending ticking packet info 'net.minecraftforge.network.HandshakeMessages$S2CModData' to 'fml:handshake' sequence 0
[03May2025 19:34:33.577] [Server thread/DEBUG] [net.minecraftforge.network.HandshakeHandler/FMLHANDSHAKE]: Sending ticking packet info 'net.minecraftforge.network.HandshakeMessages$S2CModList' to 'fml:handshake' sequence 1
[03May2025 19:34:33.627] [Server thread/DEBUG] [net.minecraftforge.network.HandshakeHandler/FMLHANDSHAKE]: Sending ticking packet info 'Registry minecraft:command_argument_type' to 'fml:handshake' sequence 2
[03May2025 19:34:33.677] [Server thread/DEBUG] [net.minecraftforge.network.HandshakeHandler/FMLHANDSHAKE]: Sending ticking packet info 'Registry minecraft:recipe_serializer' to 'fml:handshake' sequence 3
[03May2025 19:34:33.727] [Server thread/DEBUG] [net.minecraftforge.network.HandshakeHandler/FMLHANDSHAKE]: Sending ticking packet info 'Registry minecraft:sound_event' to 'fml:handshake' sequence 4
[03May2025 19:34:33.777] [Server thread/DEBUG] [net.minecraftforge.network.HandshakeHandler/FMLHANDSHAKE]: Sending ticking packet info 'Registry minecraft:particle_type' to 'fml:handshake' sequence 5
[03May2025 19:34:33.827] [Server thread/DEBUG] [net.minecraftforge.network.HandshakeHandler/FMLHANDSHAKE]: Sending ticking packet info 'Registry minecraft:villager_profession' to 'fml:handshake' sequence 6
[03May2025 19:34:33.877] [Server thread/DEBUG] [net.minecraftforge.network.HandshakeHandler/FMLHANDSHAKE]: Sending ticking packet info 'Registry minecraft:item' to 'fml:handshake' sequence 7
[03May2025 19:34:33.927] [Server thread/DEBUG] [net.minecraftforge.network.HandshakeHandler/FMLHANDSHAKE]: Sending ticking packet info 'Registry minecraft:potion' to 'fml:handshake' sequence 8
[03May2025 19:34:33.977] [Server thread/DEBUG] [net.minecraftforge.network.HandshakeHandler/FMLHANDSHAKE]: Sending ticking packet info 'Registry minecraft:painting_variant' to 'fml:handshake' sequence 9
[03May2025 19:34:34.027] [Server thread/DEBUG] [net.minecraftforge.network.HandshakeHandler/FMLHANDSHAKE]: Sending ticking packet info 'Registry forge:fluid_type' to 'fml:handshake' sequence 10
[03May2025 19:34:34.077] [Server thread/DEBUG] [net.minecraftforge.network.HandshakeHandler/FMLHANDSHAKE]: Sending ticking packet info 'Registry minecraft:block_entity_type' to 'fml:handshake' sequence 11
[03May2025 19:34:34.127] [Server thread/DEBUG] [net.minecraftforge.network.HandshakeHandler/FMLHANDSHAKE]: Sending ticking packet info 'Registry forge:display_contexts' to 'fml:handshake' sequence 12
[03May2025 19:34:34.177] [Server thread/DEBUG] [net.minecraftforge.network.HandshakeHandler/FMLHANDSHAKE]: Sending ticking packet info 'Registry minecraft:block' to 'fml:handshake' sequence 13
[03May2025 19:34:34.227] [Server thread/DEBUG] [net.minecraftforge.network.HandshakeHandler/FMLHANDSHAKE]: Sending ticking packet info 'Registry forge:entity_data_serializers' to 'fml:handshake' sequence 14
[03May2025 19:34:34.277] [Server thread/DEBUG] [net.minecraftforge.network.HandshakeHandler/FMLHANDSHAKE]: Sending ticking packet info 'Registry minecraft:mob_effect' to 'fml:handshake' sequence 15
[03May2025 19:34:34.327] [Server thread/DEBUG] [net.minecraftforge.network.HandshakeHandler/FMLHANDSHAKE]: Sending ticking packet info 'Registry minecraft:stat_type' to 'fml:handshake' sequence 16
[03May2025 19:34:34.377] [Server thread/DEBUG] [net.minecraftforge.network.HandshakeHandler/FMLHANDSHAKE]: Sending ticking packet info 'Registry minecraft:menu' to 'fml:handshake' sequence 17
[03May2025 19:34:34.427] [Server thread/DEBUG] [net.minecraftforge.network.HandshakeHandler/FMLHANDSHAKE]: Sending ticking packet info 'Registry minecraft:enchantment' to 'fml:handshake' sequence 18
[03May2025 19:34:34.477] [Server thread/DEBUG] [net.minecraftforge.network.HandshakeHandler/FMLHANDSHAKE]: Sending ticking packet info 'Registry minecraft:fluid' to 'fml:handshake' sequence 19
[03May2025 19:34:34.527] [Server thread/DEBUG] [net.minecraftforge.network.HandshakeHandler/FMLHANDSHAKE]: Sending ticking packet info 'Registry minecraft:entity_type' to 'fml:handshake' sequence 20
[03May2025 19:34:34.577] [Server thread/DEBUG] [net.minecraftforge.network.HandshakeHandler/FMLHANDSHAKE]: Sending ticking packet info 'Config forge-server.toml' to 'fml:handshake' sequence 21
[03May2025 19:34:38.126] [Server thread/DEBUG] [com.cobblemon.mod.common.Cobblemon/]: Serializing 0 Pokémon stores.
[03May2025 19:34:38.126] [Server thread/DEBUG] [com.cobblemon.mod.common.Cobblemon/]: Queueing save.
[03May2025 19:34:38.126] [pool-4-thread-1/DEBUG] [com.cobblemon.mod.common.Cobblemon/]: Saved 0 Pokémon stores.
[03May2025 19:35:03.227] [Server thread/INFO] [net.minecraft.server.network.ServerLoginPacketListenerImpl/]: com.mojang.authlib.GameProfile@3fb1f70d[id=<null>,name=NobelSUS,properties={},legacy=false] (/127.74.223.19:35347) lost connection: Disconnected
[03May2025 19:35:08.024] [Netty Epoll Server IO #0/DEBUG] [net.minecraftforge.network.HandshakeHandler/FMLHANDSHAKE]: Starting new modded impl connection. Found 22 messages to dispatch.
[03May2025 19:35:08.027] [Server thread/DEBUG] [net.minecraftforge.network.HandshakeHandler/FMLHANDSHAKE]: Sending ticking packet info 'net.minecraftforge.network.HandshakeMessages$S2CModData' to 'fml:handshake' sequence 0
[03May2025 19:35:08.077] [Server thread/DEBUG] [net.minecraftforge.network.HandshakeHandler/FMLHANDSHAKE]: Sending ticking packet info 'net.minecraftforge.network.HandshakeMessages$S2CModList' to 'fml:handshake' sequence 1
[03May2025 19:35:08.127] [Server thread/DEBUG] [net.minecraftforge.network.HandshakeHandler/FMLHANDSHAKE]: Sending ticking packet info 'Registry minecraft:command_argument_type' to 'fml:handshake' sequence 2
[03May2025 19:35:08.176] [Server thread/DEBUG] [com.cobblemon.mod.common.Cobblemon/]: Serializing 0 Pokémon stores.
[03May2025 19:35:08.176] [Server thread/DEBUG] [com.cobblemon.mod.common.Cobblemon/]: Queueing save.
[03May2025 19:35:08.176] [pool-4-thread-1/DEBUG] [com.cobblemon.mod.common.Cobblemon/]: Saved 0 Pokémon stores.
[03May2025 19:35:08.177] [Server thread/DEBUG] [net.minecraftforge.network.HandshakeHandler/FMLHANDSHAKE]: Sending ticking packet info 'Registry minecraft:recipe_serializer' to 'fml:handshake' sequence 3
[03May2025 19:35:08.196] [Netty Epoll Server IO #0/DEBUG] [net.minecraftforge.network.LoginWrapper/FMLHANDSHAKE]: Recieved login wrapper packet event for channel fml:handshake with index 1
[03May2025 19:35:08.196] [Netty Epoll Server IO #0/DEBUG] [net.minecraftforge.network.HandshakeHandler/FMLHANDSHAKE]: Received client indexed reply 1 of type net.minecraftforge.network.HandshakeMessages$C2SModListReply
[03May2025 19:35:08.196] [Netty Epoll Server IO #0/DEBUG] [net.minecraftforge.network.HandshakeHandler/FMLHANDSHAKE]: Received client connection with modlist [waterdripsound, craftpresence, cleardespawn, borderlesswindow, dynamiclightsreforged, roughlyenoughprofessions, netherportalfix, superflatworldnoslimes, dynamiccrosshair, invmove, fallingleaves, clumps, xaeroworldmap, mixinextras, bookshelf, make_bubbles_pop, starlight, waveycapes, catalogue, balm, dismountentity, memoryleakfix, melody, cloth_config, forge, konkrete, embeddium, rubidium, craftingtweaks, betterpingdisplay, minecraft, enchdesc, longerchathistory, toolstats, ghostwriter, smoothboot, highlight, roughlyenoughitems, highlighter, kotlinforforge, notenoughanimations, iceberg, xaerominimap, oculus, collective, cobblemon, entityculling, betterthirdperson, canary, ambientenvironment, fancymenu, resourcefullib, architectury, appleskin, ferritecore, aiimprovements, visuality, embeddium_extra, cherishedworlds, justzoom, yaclx, bwncr, letmedespawn, shulkerboxtooltip, defaultoptions, betteradvancements]
[03May2025 19:35:08.196] [Netty Epoll Server IO #0/DEBUG] [net.minecraftforge.network.NetworkRegistry/NETREGISTRY]: Channel 'fml:loginwrapper' : Version test of 'FML3' from client : ACCEPTED
[03May2025 19:35:08.196] [Netty Epoll Server IO #0/DEBUG] [net.minecraftforge.network.NetworkRegistry/NETREGISTRY]: Channel 'forge:tier_sorting' : Version test of '1.0' from client : ACCEPTED
[03May2025 19:35:08.196] [Netty Epoll Server IO #0/DEBUG] [net.minecraftforge.network.NetworkRegistry/NETREGISTRY]: Channel 'fml:handshake' : Version test of 'FML3' from client : ACCEPTED
[03May2025 19:35:08.196] [Netty Epoll Server IO #0/DEBUG] [net.minecraftforge.network.NetworkRegistry/NETREGISTRY]: Channel 'architectury:network' : Version test of '1' from client : ACCEPTED
[03May2025 19:35:08.197] [Netty Epoll Server IO #0/DEBUG] [net.minecraftforge.network.NetworkRegistry/NETREGISTRY]: Channel 'minecraft:unregister' : Version test of 'FML3' from client : ACCEPTED
[03May2025 19:35:08.197] [Netty Epoll Server IO #0/DEBUG] [net.minecraftforge.network.NetworkRegistry/NETREGISTRY]: Channel 'fml:play' : Version test of 'FML3' from client : ACCEPTED
[03May2025 19:35:08.197] [Netty Epoll Server IO #0/DEBUG] [net.minecraftforge.network.NetworkRegistry/NETREGISTRY]: Channel 'minecraft:register' : Version test of 'FML3' from client : ACCEPTED
[03May2025 19:35:08.197] [Netty Epoll Server IO #0/DEBUG] [net.minecraftforge.network.NetworkRegistry/NETREGISTRY]: Channel 'cobblemon:main' : Version test of '1' from client : ACCEPTED
[03May2025 19:35:08.197] [Netty Epoll Server IO #0/DEBUG] [net.minecraftforge.network.NetworkRegistry/NETREGISTRY]: Channel 'appleskin:sync' : Version test of '1' from client : ACCEPTED
[03May2025 19:35:08.197] [Netty Epoll Server IO #0/DEBUG] [net.minecraftforge.network.NetworkRegistry/NETREGISTRY]: Channel 'forge:split' : Version test of '1.1' from client : ACCEPTED
[03May2025 19:35:08.197] [Netty Epoll Server IO #0/DEBUG] [net.minecraftforge.network.NetworkRegistry/NETREGISTRY]: Accepting channel list from client
[03May2025 19:35:08.197] [Netty Epoll Server IO #0/DEBUG] [net.minecraftforge.network.HandshakeHandler/FMLHANDSHAKE]: Accepted client connection mod list
[03May2025 19:35:08.227] [Server thread/DEBUG] [net.minecraftforge.network.HandshakeHandler/FMLHANDSHAKE]: Sending ticking packet info 'Registry minecraft:sound_event' to 'fml:handshake' sequence 4
[03May2025 19:35:08.228] [Netty Epoll Server IO #0/DEBUG] [net.minecraftforge.network.LoginWrapper/FMLHANDSHAKE]: Recieved login wrapper packet event for channel fml:handshake with index 2
[03May2025 19:35:08.228] [Netty Epoll Server IO #0/DEBUG] [net.minecraftforge.network.HandshakeHandler/FMLHANDSHAKE]: Received client indexed reply 2 of type net.minecraftforge.network.HandshakeMessages$C2SAcknowledge
[03May2025 19:35:08.228] [Netty Epoll Server IO #0/DEBUG] [net.minecraftforge.network.HandshakeHandler/FMLHANDSHAKE]: Received acknowledgement from client
[03May2025 19:35:08.268] [Netty Epoll Server IO #0/DEBUG] [net.minecraftforge.network.LoginWrapper/FMLHANDSHAKE]: Recieved login wrapper packet event for channel fml:handshake with index 3
[03May2025 19:35:08.268] [Netty Epoll Server IO #0/DEBUG] [net.minecraftforge.network.HandshakeHandler/FMLHANDSHAKE]: Received client indexed reply 3 of type net.minecraftforge.network.HandshakeMessages$C2SAcknowledge
[03May2025 19:35:08.268] [Netty Epoll Server IO #0/DEBUG] [net.minecraftforge.network.HandshakeHandler/FMLHANDSHAKE]: Received acknowledgement from client
[03May2025 19:35:08.277] [Server thread/DEBUG] [net.minecraftforge.network.HandshakeHandler/FMLHANDSHAKE]: Sending ticking packet info 'Registry minecraft:particle_type' to 'fml:handshake' sequence 5
[03May2025 19:35:08.327] [Server thread/DEBUG] [net.minecraftforge.network.HandshakeHandler/FMLHANDSHAKE]: Sending ticking packet info 'Registry minecraft:villager_profession' to 'fml:handshake' sequence 6
[03May2025 19:35:08.377] [Server thread/DEBUG] [net.minecraftforge.network.HandshakeHandler/FMLHANDSHAKE]: Sending ticking packet info 'Registry minecraft:item' to 'fml:handshake' sequence 7
[03May2025 19:35:08.427] [Server thread/DEBUG] [net.minecraftforge.network.HandshakeHandler/FMLHANDSHAKE]: Sending ticking packet info 'Registry minecraft:potion' to 'fml:handshake' sequence 8
[03May2025 19:35:08.432] [Netty Epoll Server IO #0/DEBUG] [net.minecraftforge.network.LoginWrapper/FMLHANDSHAKE]: Recieved login wrapper packet event for channel fml:handshake with index 4
[03May2025 19:35:08.432] [Netty Epoll Server IO #0/DEBUG] [net.minecraftforge.network.HandshakeHandler/FMLHANDSHAKE]: Received client indexed reply 4 of type net.minecraftforge.network.HandshakeMessages$C2SAcknowledge
[03May2025 19:35:08.432] [Netty Epoll Server IO #0/DEBUG] [net.minecraftforge.network.HandshakeHandler/FMLHANDSHAKE]: Received acknowledgement from client
[03May2025 19:35:08.472] [Netty Epoll Server IO #0/DEBUG] [net.minecraftforge.network.LoginWrapper/FMLHANDSHAKE]: Recieved login wrapper packet event for channel fml:handshake with index 5
[03May2025 19:35:08.472] [Netty Epoll Server IO #0/DEBUG] [net.minecraftforge.network.HandshakeHandler/FMLHANDSHAKE]: Received client indexed reply 5 of type net.minecraftforge.network.HandshakeMessages$C2SAcknowledge
[03May2025 19:35:08.472] [Netty Epoll Server IO #0/DEBUG] [net.minecraftforge.network.HandshakeHandler/FMLHANDSHAKE]: Received acknowledgement from client
[03May2025 19:35:08.473] [Netty Epoll Server IO #0/DEBUG] [net.minecraftforge.network.LoginWrapper/FMLHANDSHAKE]: Recieved login wrapper packet event for channel fml:handshake with index 6
[03May2025 19:35:08.473] [Netty Epoll Server IO #0/DEBUG] [net.minecraftforge.network.HandshakeHandler/FMLHANDSHAKE]: Received client indexed reply 6 of type net.minecraftforge.network.HandshakeMessages$C2SAcknowledge
[03May2025 19:35:08.473] [Netty Epoll Server IO #0/DEBUG] [net.minecraftforge.network.HandshakeHandler/FMLHANDSHAKE]: Received acknowledgement from client
[03May2025 19:35:08.477] [Server thread/DEBUG] [net.minecraftforge.network.HandshakeHandler/FMLHANDSHAKE]: Sending ticking packet info 'Registry minecraft:painting_variant' to 'fml:handshake' sequence 9
[03May2025 19:35:08.498] [Netty Epoll Server IO #0/DEBUG] [net.minecraftforge.network.LoginWrapper/FMLHANDSHAKE]: Recieved login wrapper packet event for channel fml:handshake with index 7
[03May2025 19:35:08.498] [Netty Epoll Server IO #0/DEBUG] [net.minecraftforge.network.HandshakeHandler/FMLHANDSHAKE]: Received client indexed reply 7 of type net.minecraftforge.network.HandshakeMessages$C2SAcknowledge
[03May2025 19:35:08.498] [Netty Epoll Server IO #0/DEBUG] [net.minecraftforge.network.HandshakeHandler/FMLHANDSHAKE]: Received acknowledgement from client
[03May2025 19:35:08.527] [Server thread/DEBUG] [net.minecraftforge.network.HandshakeHandler/FMLHANDSHAKE]: Sending ticking packet info 'Registry forge:fluid_type' to 'fml:handshake' sequence 10
[03May2025 19:35:08.527] [Netty Epoll Server IO #0/DEBUG] [net.minecraftforge.network.LoginWrapper/FMLHANDSHAKE]: Recieved login wrapper packet event for channel fml:handshake with index 8
[03May2025 19:35:08.527] [Netty Epoll Server IO #0/DEBUG] [net.minecraftforge.network.HandshakeHandler/FMLHANDSHAKE]: Received client indexed reply 8 of type net.minecraftforge.network.HandshakeMessages$C2SAcknowledge
[03May2025 19:35:08.527] [Netty Epoll Server IO #0/DEBUG] [net.minecraftforge.network.HandshakeHandler/FMLHANDSHAKE]: Received acknowledgement from client
[03May2025 19:35:08.568] [Netty Epoll Server IO #0/DEBUG] [net.minecraftforge.network.LoginWrapper/FMLHANDSHAKE]: Recieved login wrapper packet event for channel fml:handshake with index 9
[03May2025 19:35:08.568] [Netty Epoll Server IO #0/DEBUG] [net.minecraftforge.network.HandshakeHandler/FMLHANDSHAKE]: Received client indexed reply 9 of type net.minecraftforge.network.HandshakeMessages$C2SAcknowledge
[03May2025 19:35:08.568] [Netty Epoll Server IO #0/DEBUG] [net.minecraftforge.network.HandshakeHandler/FMLHANDSHAKE]: Received acknowledgement from client
[03May2025 19:35:08.577] [Server thread/DEBUG] [net.minecraftforge.network.HandshakeHandler/FMLHANDSHAKE]: Sending ticking packet info 'Registry minecraft:block_entity_type' to 'fml:handshake' sequence 11
[03May2025 19:35:08.627] [Server thread/DEBUG] [net.minecraftforge.network.HandshakeHandler/FMLHANDSHAKE]: Sending ticking packet info 'Registry forge:display_contexts' to 'fml:handshake' sequence 12
[03May2025 19:35:08.629] [Netty Epoll Server IO #0/DEBUG] [net.minecraftforge.network.LoginWrapper/FMLHANDSHAKE]: Recieved login wrapper packet event for channel fml:handshake with index 10
[03May2025 19:35:08.630] [Netty Epoll Server IO #0/DEBUG] [net.minecraftforge.network.HandshakeHandler/FMLHANDSHAKE]: Received client indexed reply 10 of type net.minecraftforge.network.HandshakeMessages$C2SAcknowledge
[03May2025 19:35:08.630] [Netty Epoll Server IO #0/DEBUG] [net.minecraftforge.network.HandshakeHandler/FMLHANDSHAKE]: Received acknowledgement from client
[03May2025 19:35:08.677] [Server thread/DEBUG] [net.minecraftforge.network.HandshakeHandler/FMLHANDSHAKE]: Sending ticking packet info 'Registry minecraft:block' to 'fml:handshake' sequence 13
[03May2025 19:35:08.695] [Netty Epoll Server IO #0/DEBUG] [net.minecraftforge.network.LoginWrapper/FMLHANDSHAKE]: Recieved login wrapper packet event for channel fml:handshake with index 11
[03May2025 19:35:08.695] [Netty Epoll Server IO #0/DEBUG] [net.minecraftforge.network.HandshakeHandler/FMLHANDSHAKE]: Received client indexed reply 11 of type net.minecraftforge.network.HandshakeMessages$C2SAcknowledge
[03May2025 19:35:08.695] [Netty Epoll Server IO #0/DEBUG] [net.minecraftforge.network.HandshakeHandler/FMLHANDSHAKE]: Received acknowledgement from client
[03May2025 19:35:08.695] [Netty Epoll Server IO #0/DEBUG] [net.minecraftforge.network.LoginWrapper/FMLHANDSHAKE]: Recieved login wrapper packet event for channel fml:handshake with index 12
[03May2025 19:35:08.695] [Netty Epoll Server IO #0/DEBUG] [net.minecraftforge.network.HandshakeHandler/FMLHANDSHAKE]: Received client indexed reply 12 of type net.minecraftforge.network.HandshakeMessages$C2SAcknowledge
[03May2025 19:35:08.695] [Netty Epoll Server IO #0/DEBUG] [net.minecraftforge.network.HandshakeHandler/FMLHANDSHAKE]: Received acknowledgement from client
[03May2025 19:35:08.727] [Server thread/DEBUG] [net.minecraftforge.network.HandshakeHandler/FMLHANDSHAKE]: Sending ticking packet info 'Registry forge:entity_data_serializers' to 'fml:handshake' sequence 14
[03May2025 19:35:08.762] [Netty Epoll Server IO #0/DEBUG] [net.minecraftforge.network.LoginWrapper/FMLHANDSHAKE]: Recieved login wrapper packet event for channel fml:handshake with index 13
[03May2025 19:35:08.762] [Netty Epoll Server IO #0/DEBUG] [net.minecraftforge.network.HandshakeHandler/FMLHANDSHAKE]: Received client indexed reply 13 of type net.minecraftforge.network.HandshakeMessages$C2SAcknowledge
[03May2025 19:35:08.762] [Netty Epoll Server IO #0/DEBUG] [net.minecraftforge.network.HandshakeHandler/FMLHANDSHAKE]: Received acknowledgement from client
[03May2025 19:35:08.777] [Server thread/DEBUG] [net.minecraftforge.network.HandshakeHandler/FMLHANDSHAKE]: Sending ticking packet info 'Registry minecraft:mob_effect' to 'fml:handshake' sequence 15
[03May2025 19:35:08.827] [Server thread/DEBUG] [net.minecraftforge.network.HandshakeHandler/FMLHANDSHAKE]: Sending ticking packet info 'Registry minecraft:stat_type' to 'fml:handshake' sequence 16
[03May2025 19:35:08.829] [Netty Epoll Server IO #0/DEBUG] [net.minecraftforge.network.LoginWrapper/FMLHANDSHAKE]: Recieved login wrapper packet event for channel fml:handshake with index 14
[03May2025 19:35:08.829] [Netty Epoll Server IO #0/DEBUG] [net.minecraftforge.network.HandshakeHandler/FMLHANDSHAKE]: Received client indexed reply 14 of type net.minecraftforge.network.HandshakeMessages$C2SAcknowledge
[03May2025 19:35:08.829] [Netty Epoll Server IO #0/DEBUG] [net.minecraftforge.network.HandshakeHandler/FMLHANDSHAKE]: Received acknowledgement from client
[03May2025 19:35:08.877] [Server thread/DEBUG] [net.minecraftforge.network.HandshakeHandler/FMLHANDSHAKE]: Sending ticking packet info 'Registry minecraft:menu' to 'fml:handshake' sequence 17
[03May2025 19:35:08.895] [Netty Epoll Server IO #0/DEBUG] [net.minecraftforge.network.LoginWrapper/FMLHANDSHAKE]: Recieved login wrapper packet event for channel fml:handshake with index 15
[03May2025 19:35:08.895] [Netty Epoll Server IO #0/DEBUG] [net.minecraftforge.network.HandshakeHandler/FMLHANDSHAKE]: Received client indexed reply 15 of type net.minecraftforge.network.HandshakeMessages$C2SAcknowledge
[03May2025 19:35:08.895] [Netty Epoll Server IO #0/DEBUG] [net.minecraftforge.network.HandshakeHandler/FMLHANDSHAKE]: Received acknowledgement from client
[03May2025 19:35:08.896] [Netty Epoll Server IO #0/DEBUG] [net.minecraftforge.network.LoginWrapper/FMLHANDSHAKE]: Recieved login wrapper packet event for channel fml:handshake with index 16
[03May2025 19:35:08.896] [Netty Epoll Server IO #0/DEBUG] [net.minecraftforge.network.HandshakeHandler/FMLHANDSHAKE]: Received client indexed reply 16 of type net.minecraftforge.network.HandshakeMessages$C2SAcknowledge
[03May2025 19:35:08.896] [Netty Epoll Server IO #0/DEBUG] [net.minecraftforge.network.HandshakeHandler/FMLHANDSHAKE]: Received acknowledgement from client
[03May2025 19:35:08.927] [Server thread/DEBUG] [net.minecraftforge.network.HandshakeHandler/FMLHANDSHAKE]: Sending ticking packet info 'Registry minecraft:enchantment' to 'fml:handshake' sequence 18
[03May2025 19:35:08.961] [Netty Epoll Server IO #0/DEBUG] [net.minecraftforge.network.LoginWrapper/FMLHANDSHAKE]: Recieved login wrapper packet event for channel fml:handshake with index 17
[03May2025 19:35:08.962] [Netty Epoll Server IO #0/DEBUG] [net.minecraftforge.network.HandshakeHandler/FMLHANDSHAKE]: Received client indexed reply 17 of type net.minecraftforge.network.HandshakeMessages$C2SAcknowledge
[03May2025 19:35:08.962] [Netty Epoll Server IO #0/DEBUG] [net.minecraftforge.network.HandshakeHandler/FMLHANDSHAKE]: Received acknowledgement from client
[03May2025 19:35:08.977] [Server thread/DEBUG] [net.minecraftforge.network.HandshakeHandler/FMLHANDSHAKE]: Sending ticking packet info 'Registry minecraft:fluid' to 'fml:handshake' sequence 19
[03May2025 19:35:09.027] [Server thread/DEBUG] [net.minecraftforge.network.HandshakeHandler/FMLHANDSHAKE]: Sending ticking packet info 'Registry minecraft:entity_type' to 'fml:handshake' sequence 20
[03May2025 19:35:09.028] [Netty Epoll Server IO #0/DEBUG] [net.minecraftforge.network.LoginWrapper/FMLHANDSHAKE]: Recieved login wrapper packet event for channel fml:handshake with index 18
[03May2025 19:35:09.028] [Netty Epoll Server IO #0/DEBUG] [net.minecraftforge.network.HandshakeHandler/FMLHANDSHAKE]: Received client indexed reply 18 of type net.minecraftforge.network.HandshakeMessages$C2SAcknowledge
[03May2025 19:35:09.028] [Netty Epoll Server IO #0/DEBUG] [net.minecraftforge.network.HandshakeHandler/FMLHANDSHAKE]: Received acknowledgement from client
[03May2025 19:35:09.077] [Server thread/DEBUG] [net.minecraftforge.network.HandshakeHandler/FMLHANDSHAKE]: Sending ticking packet info 'Config forge-server.toml' to 'fml:handshake' sequence 21
[03May2025 19:35:09.094] [Netty Epoll Server IO #0/DEBUG] [net.minecraftforge.network.LoginWrapper/FMLHANDSHAKE]: Recieved login wrapper packet event for channel fml:handshake with index 19
[03May2025 19:35:09.094] [Netty Epoll Server IO #0/DEBUG] [net.minecraftforge.network.HandshakeHandler/FMLHANDSHAKE]: Received client indexed reply 19 of type net.minecraftforge.network.HandshakeMessages$C2SAcknowledge
[03May2025 19:35:09.094] [Netty Epoll Server IO #0/DEBUG] [net.minecraftforge.network.HandshakeHandler/FMLHANDSHAKE]: Received acknowledgement from client
[03May2025 19:35:09.330] [Netty Epoll Server IO #0/DEBUG] [net.minecraftforge.network.LoginWrapper/FMLHANDSHAKE]: Recieved login wrapper packet event for channel fml:handshake with index 20
[03May2025 19:35:09.330] [Netty Epoll Server IO #0/DEBUG] [net.minecraftforge.network.HandshakeHandler/FMLHANDSHAKE]: Received client indexed reply 20 of type net.minecraftforge.network.HandshakeMessages$C2SAcknowledge
[03May2025 19:35:09.330] [Netty Epoll Server IO #0/DEBUG] [net.minecraftforge.network.HandshakeHandler/FMLHANDSHAKE]: Received acknowledgement from client
[03May2025 19:35:09.330] [Netty Epoll Server IO #0/DEBUG] [net.minecraftforge.network.LoginWrapper/FMLHANDSHAKE]: Recieved login wrapper packet event for channel fml:handshake with index 21
[03May2025 19:35:09.330] [Netty Epoll Server IO #0/DEBUG] [net.minecraftforge.network.HandshakeHandler/FMLHANDSHAKE]: Received client indexed reply 21 of type net.minecraftforge.network.HandshakeMessages$C2SAcknowledge
[03May2025 19:35:09.330] [Netty Epoll Server IO #0/DEBUG] [net.minecraftforge.network.HandshakeHandler/FMLHANDSHAKE]: Received acknowledgement from client
[03May2025 19:35:09.377] [Server thread/DEBUG] [net.minecraftforge.network.HandshakeHandler/FMLHANDSHAKE]: Handshake complete!
[03May2025 19:35:09.435] [Server thread/INFO] [net.minecraft.server.players.PlayerList/]: NobelSUS[/127.74.223.19:60555] logged in with entity id 260 at (-10.634113855517342, 71.0, 16.717663170935683)
[03May2025 19:35:09.436] [Server thread/DEBUG] [net.minecraftforge.network.filters.NetworkFilters/]: Injected net.minecraftforge.network.filters.ForgeConnectionNetworkFilter@6c9433d9 into net.minecraft.network.Connection@189fbd91
[03May2025 19:35:09.470] [Server thread/INFO] [net.minecraft.server.MinecraftServer/]: NobelSUS joined the game
[03May2025 19:35:09.634] [IO-Worker-12/DEBUG] [Smooth Boot (Reloaded)/]: Initialized IO-Worker-20
[03May2025 19:35:24.329] [IO-Worker-14/DEBUG] [Smooth Boot (Reloaded)/]: Initialized IO-Worker-21
[03May2025 19:35:24.354] [IO-Worker-20/DEBUG] [Smooth Boot (Reloaded)/]: Initialized IO-Worker-22
[03May2025 19:35:24.354] [IO-Worker-21/DEBUG] [Smooth Boot (Reloaded)/]: Initialized IO-Worker-23
[03May2025 19:35:24.403] [IO-Worker-20/DEBUG] [Smooth Boot (Reloaded)/]: Initialized IO-Worker-24
[03May2025 19:35:38.226] [Server thread/DEBUG] [com.cobblemon.mod.common.Cobblemon/]: Serializing 0 Pokémon stores.
[03May2025 19:35:38.226] [Server thread/DEBUG] [com.cobblemon.mod.common.Cobblemon/]: Queueing save.
[03May2025 19:35:38.226] [pool-4-thread-1/DEBUG] [com.cobblemon.mod.common.Cobblemon/]: Saved 0 Pokémon stores.
[03May2025 19:36:07.804] [Server thread/DEBUG] [net.minecraftforge.common.ForgeHooks/WP]: Gathering id map for writing to world save world
[03May2025 19:36:07.811] [Server thread/DEBUG] [net.minecraftforge.common.ForgeHooks/WP]: ID Map collection complete world
[03May2025 19:36:08.276] [Server thread/DEBUG] [com.cobblemon.mod.common.Cobblemon/]: Serializing 0 Pokémon stores.
[03May2025 19:36:08.276] [Server thread/DEBUG] [com.cobblemon.mod.common.Cobblemon/]: Queueing save.
[03May2025 19:36:08.276] [pool-4-thread-1/DEBUG] [com.cobblemon.mod.common.Cobblemon/]: Saved 0 Pokémon stores.
[03May2025 19:36:33.480] [Server thread/INFO] [net.minecraft.server.network.ServerGamePacketListenerImpl/]: NobelSUS lost connection: Disconnected
[03May2025 19:36:33.480] [Server thread/INFO] [net.minecraft.server.MinecraftServer/]: NobelSUS left the game
[03May2025 19:36:33.554] [IO-Worker-22/DEBUG] [Smooth Boot (Reloaded)/]: Initialized IO-Worker-25
[03May2025 19:36:38.326] [Server thread/DEBUG] [com.cobblemon.mod.common.Cobblemon/]: Serializing 0 Pokémon stores.
[03May2025 19:36:38.326] [Server thread/DEBUG] [com.cobblemon.mod.common.Cobblemon/]: Queueing save.
[03May2025 19:36:38.326] [pool-4-thread-1/DEBUG] [com.cobblemon.mod.common.Cobblemon/]: Saved 0 Pokémon stores.
[03May2025 19:37:08.376] [Server thread/DEBUG] [com.cobblemon.mod.common.Cobblemon/]: Serializing 0 Pokémon stores.
[03May2025 19:37:08.376] [Server thread/DEBUG] [com.cobblemon.mod.common.Cobblemon/]: Queueing save.
[03May2025 19:37:08.376] [pool-4-thread-1/DEBUG] [com.cobblemon.mod.common.Cobblemon/]: Saved 0 Pokémon stores.
[03May2025 19:37:33.509] [Worker-Main-2/DEBUG] [Smooth Boot (Reloaded)/]: Worker-Main-2 shutdown
[03May2025 19:37:38.426] [Server thread/DEBUG] [com.cobblemon.mod.common.Cobblemon/]: Serializing 0 Pokémon stores.
[03May2025 19:37:38.426] [Server thread/DEBUG] [com.cobblemon.mod.common.Cobblemon/]: Queueing save.
[03May2025 19:37:38.426] [pool-4-thread-1/DEBUG] [com.cobblemon.mod.common.Cobblemon/]: Saved 0 Pokémon stores.
[03May2025 19:37:49.127] [Server thread/INFO] [net.minecraft.server.MinecraftServer/]: Stopping server
[03May2025 19:37:49.127] [Server thread/INFO] [net.minecraft.server.MinecraftServer/]: Saving players
[03May2025 19:37:49.127] [Server thread/INFO] [net.minecraft.server.MinecraftServer/]: Saving worlds
[03May2025 19:37:49.150] [Server thread/DEBUG] [Smooth Boot (Reloaded)/]: Initialized IO-Worker-26
[03May2025 19:37:49.153] [IO-Worker-26/DEBUG] [Smooth Boot (Reloaded)/]: Initialized IO-Worker-27
[03May2025 19:37:49.156] [IO-Worker-26/DEBUG] [Smooth Boot (Reloaded)/]: Initialized IO-Worker-28
[03May2025 19:37:49.157] [IO-Worker-26/DEBUG] [Smooth Boot (Reloaded)/]: Initialized IO-Worker-29
[03May2025 19:37:49.157] [IO-Worker-26/DEBUG] [Smooth Boot (Reloaded)/]: Initialized IO-Worker-30
[03May2025 19:37:49.215] [IO-Worker-26/DEBUG] [Smooth Boot (Reloaded)/]: Initialized IO-Worker-31
[03May2025 19:37:49.543] [Server thread/INFO] [net.minecraft.server.MinecraftServer/]: Saving chunks for level 'ServerLevel[world]'/minecraft:overworld
[03May2025 19:37:50.876] [IO-Worker-28/DEBUG] [Smooth Boot (Reloaded)/]: Initialized IO-Worker-32
[03May2025 19:37:50.876] [IO-Worker-30/DEBUG] [Smooth Boot (Reloaded)/]: Initialized IO-Worker-33
[03May2025 19:37:50.973] [Server thread/INFO] [net.minecraft.server.MinecraftServer/]: Saving chunks for level 'ServerLevel[world]'/minecraft:the_nether
[03May2025 19:37:50.974] [Server thread/INFO] [net.minecraft.server.MinecraftServer/]: Saving chunks for level 'ServerLevel[world]'/minecraft:the_end
[03May2025 19:37:50.976] [Server thread/DEBUG] [net.minecraftforge.common.ForgeHooks/WP]: Gathering id map for writing to world save world
[03May2025 19:37:50.984] [Server thread/DEBUG] [net.minecraftforge.common.ForgeHooks/WP]: ID Map collection complete world
[03May2025 19:37:50.993] [Server thread/INFO] [net.minecraft.server.MinecraftServer/]: ThreadedAnvilChunkStorage (world): All chunks are saved
[03May2025 19:37:50.993] [Server thread/INFO] [net.minecraft.server.MinecraftServer/]: ThreadedAnvilChunkStorage (DIM-1): All chunks are saved
[03May2025 19:37:50.993] [Server thread/INFO] [net.minecraft.server.MinecraftServer/]: ThreadedAnvilChunkStorage (DIM1): All chunks are saved
[03May2025 19:37:50.993] [Server thread/INFO] [net.minecraft.server.MinecraftServer/]: ThreadedAnvilChunkStorage: All dimensions are saved
[03May2025 19:37:51.007] [Worker-Main-11/DEBUG] [Smooth Boot (Reloaded)/]: Worker-Main-11 shutdown
[03May2025 19:37:51.007] [Worker-Main-19/DEBUG] [Smooth Boot (Reloaded)/]: Worker-Main-19 shutdown
[03May2025 19:37:51.007] [Worker-Main-10/DEBUG] [Smooth Boot (Reloaded)/]: Worker-Main-10 shutdown
[03May2025 19:37:51.009] [Server thread/DEBUG] [com.cobblemon.mod.common.Cobblemon/]: Serializing 0 Pokémon stores.
[03May2025 19:37:51.009] [Server thread/DEBUG] [com.cobblemon.mod.common.Cobblemon/]: Queueing save.
[03May2025 19:37:51.009] [pool-4-thread-1/DEBUG] [com.cobblemon.mod.common.Cobblemon/]: Saved 0 Pokémon stores.
[03May2025 19:37:51.009] [Server thread/DEBUG] [net.minecraftforge.fml.config.ConfigTracker/CONFIG]: Unloading configs type SERVER
